index_redacao,prompt,title,essay,c1,c2,c3,c4,c5,score
2,78,"A reforma do ensino deve envolver qualidade, não apenas mudanças ao acaso","['Uma das frases mais conhecida  do filósofo brasileiro Paulo Freire é: “Se a educação', 'sozinha não transforma a sociedade, sem ela tampouco a sociedade muda”. Tal assertiva', 'traz uma visão ampla acerca da enorme importância da educação para o desenvolvimento', 'econômico e social de um país . Entretanto, no Brasil a educação esta sucateada  e o índice', 'de jovens que não estudam e  alarmante . (1) Logo, toda sociedade espera na reforma do ensino', 'médio, colocada  pelo governo, reverter essa situação .', 'Antes de mais nada, o Brasil ocupa oitava posição na economia mundial. É para', 'imagina que ele possui uma educação de qualidade mas a realidade e desesperadora . O', 'país investe menos de 10% do PIB na educação, os professores recebem salários baixíssimos e', 'o número de vagas nas universidade  publicas  e irrisório . E,  para piora, foi aprovada no fim do', 'ano passado, a PEC 241 que vai limitar os investimentos na educação nos próximos vinte anos.', 'Esse caos é refletido na pouca velocidade na qual nosso país cresce, e no número de brasileiros', 'que vão busca melhores condição  de vida no exterior.', 'Por outro lado, o governo federal, buscando contornar essa crise , esta  propondo a', 'reforma do ensino médio, através da unificação de todas as disciplina  em quatro áreas:', 'Ciências Humanas, Ciências da Natureza, Linguagem e Matemática; (3) e também a retirada da', 'disciplina como Filosofia, Sociologia e Educação Física. Todavia, essa estratégia esta fadada ao', 'fracasso, uma vez que ela não ataca a raiz do problema que é a péssima estrutura e', 'qualidade de ensino que é oferecida na rede pública . Assim como, a corrupção que desvia', 'bilhões de reais da educação.', 'Infere-se, portanto, que o ensino médio não necessita de mudanças em suas disciplinas,', 'mais sim na administração e gestão orçamentária. Nessa perspectiva, cabe aos governos', 'estaduais elaborar um plano de carreira para os professores baseado na meritocracia , ou seja', 'quanto maior for o rendimento da turma maior a renumeração do docente . Do mesmo modo,', 'o governo federal deve investir 10% do PIB na educação. Isso poderá cria mais vagas nas', 'universidades, instalar equipamento pedagógico modernos e aulas em tempo integral em', 'todas as escolas públicas. Por fim os empresários devem investir mais em pesquisas nas', 'universidades para que muitos estudantes tenham a oportunidade de evoluir seu', 'conhecimento e gerar tecnologia. Só assim poderemos ver a mudança sonhada pelo', 'educador Paulo Freire.']",40,40,40,40,40,200
5,7,Revolução econômica moderna,"['', 'Com o passar dos anos anos, a tecnologia cada vez mais toma espaço em setores da vida cotidiana, o cotidiana e o dinheiro não ficaria fora disso. A criação do bitcoin em 2009 está abrindo portas para uma revolução econômica moderna.', 'A criptomoeda chega para ultrapassar os bancos convencionais onde convencionais, em que o governo exerce um forte controle estatal controle, através da emissão de moedas tradicionais no sistema financeiro atual tradicionais. Por sua independência, os governos de todo o mundo ainda não sabem como regulamentar esse tipo de moeda, visando que tornaria seu controle obsoleto.', 'Contudo, sua anatomia é o que conquista, agilizando transações econômicas, o econômicas. O sistema ""blockchain"" é formado por uma cadeia de blocos trancados por uma forte camada de criptografia, que torna impossível invadir esses recipientes, assegurando também que as moedas não sejam utilizadas mais de uma vez e cheguem ao destino certo.', 'Esse sistema, uma espécie de livro contábil contábil, registra as transações de recebimento e envio de valores da em criptomoeda, garantindo a segurança desejada pelos consumidores. A criptomoeda ainda não tem uma definição exata, mas veio para divergir o sistema financeiro mundial.']",80,0,0,0,0,80
6,33,Educação,"['Absurdamente nossos governantes vem cometendo mais erros na área educacional, os quais poderão levar mais ao fundo do poço os índices de evasão escolar de nossos estudantes. Para melhorar esses índices são necessárias muitas outras ações a nível social e educacional que acrescentem e não retirem nada do que já conquistamos.', 'Neste tempo em que os estudantes ficam a maior parte de seu tempo conectados aos meios tecnológicos e sendo assim não praticam exercícios físicos, é imprescindível ofertar a eles a prática esportiva e a oportunidade para desenvolver habilidades artísticas.', 'Outros dois equívocos são: acreditar que temos estrutura física disponível para trabalhar em tempo integral em todos os estabelecimentos educacionais do país e não observar que nossa clientela vem de famílias carentes, que vislumbram a entrada no Ensino Médio e a possibilidade de trabalhar meio período para colaborar com a renda familiar.', 'Enquanto os que tem o poder de melhorar os aspectos educacionais estiverem se pronunciando com “notório saber”, sem conhecer nossas realidades e reais necessidades, estaremos, infelizmente, a um passo de piorar ainda mais a educação de nosso país.']",80,0,0,0,0,80
11,36,Escravizar,"['Escravizar é o ato de forçar as pessoas a fazerem atividades trabalhistas contra sua própria vontade . Após a lei áurea, em 1888, (lei que aboliu o trabalho escravo no Brasil)  escravos de todo o Brasil,  ganharam sua carta de alforria justamente para libertar-se desse tipo de exploração trabalhista. Mas, em pleno o século XXI, infelizmente, ainda existe o trabalho escravo . As pessoas mais atingidas com a escravidão na era contemporânea são as classes de famílias pobres, por não possuírem recursos financeiros, essas pessoas se rendem a fazerem trabalhos que exigem normas desconhecidas pelos direitos trabalhistas.', 'Com a perspectiva de vida melhor, muitos submetem-se a à exploração e aceitam condições desumanas ao suposto trabalho . Indivíduos sem condições financeiras, se sujeitam a toda e qualquer proposta de emprego, mal remunerado, e que ultrapassam os limites da jornada de trabalho e das leis trabalhistas.', 'Normalmente, pessoas que sofrem com especulações trabalhistas, passam por situações constrangedoras, como: Abusos sexuais, traumas psicológicos, agressões física e mental, entre outros. E por medo de perder o emprego viram submissos a essas situações desconfortante .', 'Famílias de baixa renda são os mais vulneráveis a exploração trabalhista, por não terem condições financeiras viram reféns do abuso trabalhista. O trabalhador, é sujeito a fazer esforço excessivo e de sobre carga para conseguir sustentar mais dias no suposto trabalho.', 'Com a escravidão durante o século atual, os direitos trabalhistas são deixados de lado pelo os empregadores. O reforço do governo nos direitos trabalhistas e na fiscalização de empresas e micro empresas, colocariam em extinção o trabalho escravo. O aumento na taxa de exploração nas empresas atuais elevam-se a cada ano, e se não tiver um porta-voz para combater esse crime aos direitos humanos teremos pessoas se ""acabando"" de trabalhar para ganhar um salário desmerecido.']",80,0,80,0,80,240
17,25,A muitos anos atrás era considerado que os LGBT não passava de uma doença,"['A muitos anos atrás era considerado que os LGBT não passava de uma doença e ninguem aceitavam isso na sociedade.', 'Hoje o que mais vimos no mundo são esses tipos de gêneros em todo lugar.', 'O número de LGBT está crescendo cada vez mais, e não se passa de uma doença. As pessoas simplesmente gosta e sente prazer no mesmo gênero.', 'As manifestações está muito presentes á algum tempo, e vem cada dia mais aumentando , eles, estão buscando os seus direitos e serem reconhecidos pela sociedade e não vão descançar até conquita-los .', 'Como vimos começaram a falar da ""cura gay"", será mesmo que realmente tem há uma cura e que não se passa de uma doença? Se fosse assim muitos já tinham se curado, isso vem de dentro e de escolha sexual, e todos devemos aceitar e respeitar o próximo.', 'Portanto, devemos nos concientizar , para rever essa situação, julgando ou proibindo de ser o que somos não será uma solução. Cada um de nós merecemos ser o que realmente queremos para nossa vida, temos o livre direito de escolha, e precisamos de apoio e não de semos tratados de formas desigual por conta da nossa escolha de gênero.']",80,80,80,0,80,320
18,5,Agrotóxicos são polêmicos,"['Agrotóxicos são polêmicos, alguns polêmicos: alguns falam que é são um mal necessário para defender os campos agrículas , outros que são compostos carcicogênicos que são totalmente desnecessários para a presevervação do meio agrícola agrícola.', 'E realmente existem produtos sem pesticidas artificiais, que são chamados de orgânicos e para identificar esses produtos tem um selo em todos os produtos orgânicos, existem produtos com uma menor adição de agrotóxicos que são menos prejudiciais. Mas mesmo assim contém Mas, mesmo assim, contêm agrotóxicos, e tanto os produtos orgânicos quanto os com menos adição de agrotóxicos possuem uma melhor qualidade para a comida e o paladar, e uma qualidade bem melhor para a saúde. Principalmente os orgânicos que não tem têm a capacidade de causar câncer por causa de não terem a adição de pesticidas, por pesticidas. Por outro lado lado, vendo pela economia economia, os agrotóxicos são ótimos, pois eles conservam e protegem o campo agrícola e são baratos, já fazendo uma plantação orgânica o custo é muito mais alto. E o tempo para produzir os campos agrícolas sem pesticidas demora muito mais.', 'Então Então, é algo muito complicado, pois para a saúde saúde, os pesticidas são péssimos, já para a economia são muito benéficos, o benéficos. O melhor jeito de criar um consenso entre a economia e a saúde saúde, seria diminuir o uso de agrotóxicos, usar agrotóxicos cientificamente comprovados que fazem menos mal, ou usar um jeito de conservar o meio agrícula de uma forma orgânica e barata.']",80,80,40,40,80,320
20,12,Entre o decretado e o obedecido,"['Muito se discute, atualmente, no Brasil, a respeito do civismo nacional. Não obstante, o Ministério da Educação viabilizou uma ação na qual as escolas teriam a obrigatória missão de fazer com que seus estudantes cantassem o famoso hino nacional. Não bastasse o cântico, os alunos também deveriam ser gravados cantando-o ao cantá-lo, fato esse que despertou um sentimento de revolta nos pais, que viram essa imposição como invasiva e autoritária. Nesse sentido, observa-se a paralela questão, no que tange a cantar ou não o hino, e se é pelo civismo, o que mudaria?', 'É válido salientar, que salientar que a Lei 12.031 de 2009, hodiernamente vigente pela Constituição de 1988, prevê o hasteamento da bandeira nacional acompanhado da declamação do hino brasileiro. Contudo, observa-se o descaso pela mesma, que em apenas poucas escolas é posta em prática que é posta em prática apenas em poucas escolas, evidenciando assim, se não senão a despreocupação, a noção de a inutilidade do ato, sendo que pode ser considerado uma perda de tempo e que não desperta sequer um sentimento cândido pelo país. Torna-se claro então, que então que, mesmo estabelecido por Lei lei, o cantar do hino por muitos é considerado uma prática ineficiente no que se refere ao despertar do amor pátrio, além de ser visto como uma ação obsoleta.', 'Destarte, no período em que vigorava o Regime Militar - época em que o canto solene já era obrigatório -, tem-se havia um profundo sentimento de recusa ao que concerne a à melodia pátria, pois nesses anos o tinham como uma obrigação e não um ato nacionalista. Além disso, enxergavam-o como uma forma de glorificar o país, mesmo ele anulando inúmeros direitos cidadãs, fato que desagradava os cidadãos, a exemplo da institucionalização do AI-5. Nesse viés, faz-se visível que a imposição, sem a devida concordância da civilização, fomenta a na declamação um caráter autoritário e não democrático.', 'Desse modo, diante do problemático questionamento acerca do ato de cantar o hino nas escolas, é necessário que haja uma breve discussão, no que refere-se a vocaliza-lo se refere a vocalizá-lo, entre todos àqueles aqueles que compõem a nação brasileira. É viável também, que também que o Ministério da Educação se retrate ante a sociedade, desvinculando a solicitação feita às instituições de ensino. Paralelo Paralelamente a isso, é preciso que os meios de comunicação, por meio da sua influência, divulgue divulguem o lado positivo de se declarar a melodia, com o fito de se reconstruir uma nova imagem do ato pátrio, que pode sim, servir-se pode, sim, servir como um gesto cívico de respeito à nação se tomadas as devidas providências.']",80,80,40,80,40,320
28,35,"Direita, esquerda... Mas e a educação?","['Desde o ano de 2004, existe um programa chamado de ""Escola Sem Partido"", que visa abolir temas socialmente políticos das escolas. Tal programa teria sido criado na intenção de desinibir a formação de alunos politizados de acordo com a visão e os argumentos do professor.', 'Como pode o próprio governo querer tirar o direito do educador, professor, da criança e do adolescente de debater e opinar sobre a atual política do país, quando na verdade, nada seria mais justo e correto do que a criação de uma matéria escolar cujo o foco fosse a política brasileira.', 'Contudo, a questão da educação no Brasil deixa muito a desejar, uma vez que pesquisas feitas pelo ministério da educação neste ano de 2016 mostram que os estudantes brasileiros lideram o ranking de mais desordeiros em sala de aula, do mundo.', 'A solução mais sensata nessa questão politico-educacional, seria a de uma reforma política para que, quem sabe assim, não mudassem as leis que regem o país e dispusessem de matérias escolares mais eficazes para a construção do caráter político desses jovens.']",80,80,80,80,80,400
29,39,Dilma vs. Impeachment,"['No mês de abril esta acontecendo uma grande discussão, sobre a mandato de Dilma. Onde a maioria do povo quer ela fora do governo.', 'atualmente no Brasil, a uma grade discussão sobre o mandato da presidente Dilma Rousseff, muitos querem ela fora do governo Brasileiro, já outros ainda querem que ela governo o Brasil. o Governo de Dilma teve suas vitória e derrotas. No nordeste ela realizou o sonho que muitos nordestinos com a minha casa minha vida , um sonho da casa própria que parecia muito distante para muitos nordestinos, um sonho que a presidenta Dilma realizou nesses anos em que ela governa o Brasil. O governo de Dilma Rousseff teve outro ponto forte com os Nordestinos e com os brasileiros, que foi o Bolsa Família, um programa social que trouxe muito alivio para muitas famílias Brasileiras . O programa busca garantir a essas famílias o direito à alimentação e o acesso à educação e à saúde, em todo o Brasil, mais de 13,9 milhões de famílias são atendidos pelo bolsa família .', 'Mais não foi só vitorias que o governo da Dilma teve, ate porque, não é atoa que querem ela fora do governo do Brasil, em denuncia apresentada a Câmera Federal , querem o afastamento da presidenta pela pratica de crime de responsabilidade. também,  é impossível negar a relação estreita de Dilma com os principais envolvidos na operação lava-jato(a operação lava-jato é a principal operação contra a corupsão), onde muitos já foram presos e condenados. a presidenta Dilma tenta se defender, falando que impeachment sem crime de responsabilidade é golpe, mas muitos advogados rejeita esses argumentos, segundo eles, sobra crimes de responsabilidade contra a presidenta Dilma Rousseff.', 'Mesmo com toda essa discussão, a presidenta Dilma Rousseff diz que não a base para o impeachment e que não quer renuncia . Dilma, numa entrevista com os jornalistas, elas respondeu algumas perguntas, e repetiu o que ela já havia dito aos reitores, que não pretende renuncia. e reclama de golpe contra ela, voltando a falar que impeachment sem crime de responsabilidade é golpe.', 'Com toda essa discussão sobre o impeachment, eu como estudante, quero sim o afastamento de Dilma, para que a minha geração construa um Brasil melhor e mais forte.']",80,120,120,80,0,400
38,4,Prisão precoce!,"['Atualmente o número de processos criminais no Brasil é muito grande, com isso grande. Com isso, a prisão após a condenação do réu em 2ª instância, se instância se torna insensata, pois as prisões brasileiras estão superlotadas, e superlotadas e esse fato supracitado só piora tal situação.', 'Em primeiro lugar lugar, devemos destacar que uma decisão nesse sentido favorece a injustiça. Além disso disso, no direito penal brasileiro existe um grande número de recursos que devem ser respeitados. Uma respeitados, uma vez que é direito do réu permanecer em liberdade até que se esgotem todos os recursos disponíveis.', 'Dessa maneira maneira, para mudar a realidade do nosso país país, o Governo Federal deve criar leis que proíbam a prisão em 2ª instância. Como disse Desmóstenes : ""É necessário que os princípios de uma política sejam justos e verdadeiros"", Ou ou seja, deve ser preso quem realmente merece ser preso!', '']",80,80,80,80,80,400
42,78,Reforma no Ensino,"['O tão sonhado momento chegou "" Reforma no Ensino"",entretanto.', 'Desde a antiguidade, a uma busca constante, pela mudança educacional. Pais idealistas de um ensino de qualidade buscam para os seus filhos,algo que lhe foi negado, devido as condições precária da mesma.', 'Hoje a um passo , de se tornar realidade.', 'Todavia, faz-se necessário um levantamento de dados e fatores importantíssimos que devem, ser estudados minuciosamente através de anos de estudo ,para somente então obter um aprimoramento na estrutura do ensino ,fato este que ir ocorrer a partir do momento que houver uma conscientização de suma importância na interação da sociedade como um todo, pois a mesma é amais interessada nesta modificação.']",80,80,80,80,80,400
49,74,Quem maltrata uma mulher não merece ter uma,"['A princípio é notório a existência de um aspecto cultural preconceituoso desde as primeiras civilizações n qual atribui a função da mulher apenas como das atividades domestica e submissão ao homem . Essa ideologia preconceituosa é bíblica, e não pode ter ênfase principalmente na atualidade, pois a mulher tem a mesma capacidade que o homem, denotando que existe a mesma capacidade e responsabilidade em ambos os sexos.', 'Milênios se passaram desde que a bíblia foi escrita. as muitas civilizações principalmente as ocidentais têm na bíblia os valores morais de suas constituição . É importante ressaltar que o livro de Deus foi escrito por homens . Logo, as mulheres não seriam exaltadas, (Eclesiastes 25, 24: Foi pela mulher que começou o pecado, e é por culpa dela que todos morremos.) Eclesiastes 9, 2: Não se entregue a uma mulher, para que ela não o domine.', 'Levítico 15,18-33: Quando um homem e uma mulher se unirem com emissão de sêmen, se banharão e ficarão impuros até a tarde. Se uma mulher menstruar, ficará impura até sete dias após o término do fluxo, sendo que tudo o que ela tocar ficará impuro até a tarde. Se alguém tentar tocá-la ou tocar em um móvel deixado impuro por ela, ficará impuro até a tarde. Quem se juntar a ela durante este período ficará impuro por sete dias.', 'Será que Deus emitiu esse discurso ao homem? Se Deus fez os casais de todos os animais, por que só a mulher ele faria da costela do macho? Será que foi Eva quem deu a maçã para Adão? Ou ele a obrigou a comer primeiro? Tem muita coisa errada no mundo que está nas escrituras da bíblia, não a mando de Deus e sim do homem.', 'Religião, machismo, misoginia, preconceito foram empregados nos centros das sociedades cristãs, não a mando do Cristo, mas ao bel prazer do homem. Como resolver esse problema? Só com uma reeducação.  E implantando na cultura nacional a igualdade dos gêneros. Quando em uma sociedade é preciso criar uma lei para punir o homem por fiminicidio tem algo muito errado com ela não? Só com a igualdade e o mesmo respeito que um homem tem ao outro, essa situação vergonhosa mudará. Só quando o agressor perder o direito por lei, de ter outros relacionamentos com o sexo oposto essa situação mudará definitivamente. O homem que maltratar uma mulher não merece ter outra.']",80,80,80,80,80,400
50,78,Consequência de uma decisão,"['Segundo José Saramago,na falsa democracia mundial, o cidadão está a deriva, sem a oportunidade de intervir politicamente e mudar o mundo. Nesse sentido, notamos com a nova proposta do governo sobre a reforma do Ensino Médio, a qual surgiu fortuitamente e foi aprovada sem o consenso da sociedade,fazendo com que os indivíduos ficassem indignados,pois, a população nem as bases de ensino estão preparados .', 'Em primeiro plano, observa-se que o povo foi mais uma vez deixado de lado, diante de um assunto delicado que é a educação,onde jovens _Futuro do país_ serão envolvidos .Projetados planos para modificar o ensino médio, esses deveriam entrar em debate para melhor organização.', 'Em segundo plano, nota-se que as instituições de ensino, não estão preparadas para receber e aplicar novos planos integrais de estudo, dessa forma, pode haver uma grande frustração futuramente . De acordo com o político e ativista social ""Nelson Mandela"" , a educação é a maior arma que se pode usar para mudar. Porém, a nova ideia da reforma do Ensino Médio é muito precitada, e o curto prazo para a iniciação faz com  a sociedade sinta-se  cética à decisão .', 'Desse modo, com a aprovação do ensino técnico ao ensino médio,o ministério da educação deverá colocar em prioridade as instituições mais carentes ,em prol de um planejamento adequado, para que não venha a falhar . Logo, o governo durante esse tempo de adaptação, deverá considerar os apelos e críticas da sociedade, para que essas desenvolvam melhor os seus papéis. Em meio a esse envoltório a população deve exigir das autoridades mais participação do povo em suas decisões.']",80,80,80,80,80,400
54,0,Apropriação Cultural e o Racismo Velado,"['No que se refere, a A apropriação cultural é um problema que está relacionado ao racismo. Dentre outras fatores, destaca-se um grave problema, que é a pessoa não ter vivido os preconceitos raciais e ainda não conhecer a cultura de que está apropriando-se se apropriando no Carnaval.', 'Certamente, a apropriação cultural no Carnaval é um preconceito racial velado, pois a pessoa afirma não está estar cometendo racismo. Usar cocar no Carnaval é ignorar o fato de muitos indígenas terem sido caçados e mortos no começo do Brasil e ainda serem mortos até hoje.', 'Além disso, o problema de uma pessoa está estar usando pinturas corporais, cocares e roupas indígenas como uma fantasia carnavalesca, sem mesmo conhecer a história daquela cultura. Apropriação cultural é um ato de caçoar com o do passado daquele povo, pois você não conhece a origem daquela cultura e os costumes delas dela.', 'Dessa forma, percebe-se a falta de conhecimento cultural que o próprio povo brasileiro tem de outras culturas nacionais e internacionais. São necessárias políticas públicas, do ministério da educação Ministério da Educação, para maiores acesso acessos a escolas com maiores conhecimento conhecimentos culturais do nosso próprio país e de outros. Assim Assim, teremos mais respeitos respeito com nossas várias culturas brasileiras e mundiais internacionais.']",80,120,80,80,80,440
57,78,Faça-se a luz!,"['Reformar o ensino médio no Brasil é necessário, mas não do jeito que o governo quer impor, sem discutir com os mais interessados, docentes e discentes. A proposta não agrega nada de interessante que possa transformar o atual sistema educacional em melhor. Pelo contrario  estar direcionando os estudantes de escola publica para o ensino técnico e não para a universidade.', 'Retirar os direitos e incentivos dos professores também não ajuda nessa reforma , assim os melhores professores irão embora para o sistema privado, deixando as instituições publicas cada vez mais defasadas . Não é assim que se faz uma mudança tão importante na educação . Ela é o pilar mais importante de toda as sociedades no mundo. Educação primeiro! Educação não é despesa é investimento. E o retorno é impagável! Só quem investe nela tem um país mais justo, prospero e soberano.', 'Quem deve ficar a frente desse projeto de transformação é um educador, e não um politico . Os professores devem ser incentivados, valorizados e respeitados. Sem eles não existe educação. Quem tem que ser Ministro da educação é um professor e nunca um politico. É preciso pensar juntos para que essa reforma seja boa para todos. Assim, ganha a sociedade os educandos, os educadores, o governo e o país.', 'Logo, se essa reforma imposta pelos políticos será problema ou solução. Só quem pode dar essa resposta são os educadores! Por que não chamaram eles para desenvolver o projeto? O que dará certo na reforma é se os professores forem bem pagos, incentivados e valorizados. Pelo governo, pelos alunos e pela sociedade. Porque ensinar hoje em uma escola publica brasileira é um ato de coragem e de amo. Sem professor não há educação, civilização nem nação . Invistam no professor que a educação muda pra melhor. A grandeza não consiste em receber honras, mas em merecê-las. Aos corajosos professores brasileiros que mesmo diante das grandes dificuldades  nunca desistiram de ensinar toda honra e toda glria.']",80,120,80,80,80,440
61,22,Segundo a Constituição brasileira,"['Segundo a constituição brasileira todos são iguais perante a lei. No entanto, cidadões comuns brasileiros são julgados por instâncias inferiores enquanto pessoas que ocupam cargos públicos privilegiados são julgados por instâncias superiores. Essa separação, também chamada de foro privilegiado, vem ganhando repercussão, uma vez que, esses privilégios tem levado a impunidade de algumas figuras políticas. Além disso, o condenado possue menos instâncias para recorrer e somente pode pedir a reavaliação de provas em casos específicos.', 'Segundo Marx, o alienado é aquele que não tem consciência ou perde o controle sobre os meios de produção e o processo produtivo. No âmbito político, alguns poderes judiciários, por serem independentes perdem a capacidade de julgar autoridades publicas, desse. modo, ao invés de serem julgados pelas quatro instâncias acabam, por direito, julgados por apenas uma. esse fato diminui as possibilidades de um criminoso ser condenado, visto que, a sentença final é dada por apenas um juiz, sem se quer recorrer as outras instâncias. Ademais, é notório que desde a monarquia, alguns desses ocupantes de cargos jurídicos foram escolhidos pelas próprias autoridades condenadas, sendo assim favorecidos quando acusados.', 'Por conseguinte, é negado que outros juízes reavaliem provas, o que ocasiona uma grande injustiça aos que são condenados inocentemente. Dessa forma, esse sistema favorece a corrupção e aumenta ainda mais a injustiça social. O filósofo confúncio suscitou que não corrigir as falhas é o mesmo que cometer novos erros. Desse modo, faz-se altamente necessários medidas para solucionar o impasse.', 'Para isso, cabe ao povo promover manifestações pacificas ou por meio de redes socias a respeito das injustiças do sistema de foro privilegiado. Por outro lado, é dever do estado garantir o direito de igualdade previsto na constituição,  e não favorecer as minorias. Por fim a mídia deve abordar mais o tema em programas de televisão para que a sociedade esteja ciente das regalias existentes.']",80,120,80,80,120,480
65,78,,"['No mundo de hoje muito dos jovens de até 17 anos que já podiam estar se formando,estão fora da escola . Isto leva pensar que muito desses jovens não vão para a escola por causa das demais disciplinas ou por causa da forma de ensino .', 'Ser que a reforma do Ensino Médio vai fazer que com quase 58% dos alunos que estão fora da escola voltarem a estudar? Não podemos pensar neste caso. Muitos jovens de hoje em dia pensam em dar um sustento melhor para sua família,por isso,que quando chegaram no Ensino Médio pararam de estudar para caçar um emprego.', 'Assim poderiam pensar as escolas: Se cada escola do Brasil que tem Ensino Médio pegar em média 10 alunos por sala,inventar algo que mesmo que eles estudem num período de 5 horas,trabalhassem em algo lucrativo que não só ajudasse o aluno e sua família ,mas que também ajudasse no desempenho da escola. O governo pagaria os alunos numa faixa de 300 reais por mês, que com isto,não todos, mas uns 30% dos alunos que estavam fora da escola  possivelmente voltassem a estudar na expectativa de conseguir um serviço. Provavelmente seria ótimo uma reforma assim.']",80,80,120,120,80,480
66,26,Valores invertidos,"['Cogita-se, com muita frequência que a valorização do professor está em falta no Brasil. Devido à inversão de valores e a carência de uma boa política.', 'Em consequência disso, vê-se todo instante noticiários sobre o desprezo ao professor, seja em questão salarial, que é precária, como também em desrespeito constante da parte de alguns alunos.', 'Na sociedade brasileira a educação está se perdendo aos poucos, e o governo, por sua vez, acaba contribuindo para isso, não dando o apoio financeiro necessário para a evolução dos estudos.', 'Por outro lado, a população coopera para a desvalorização dos professores quando deposita um destaque superior a profissões de entretenimento ao invés das que são essenciais para a vida de um ser humano.', 'Levando-se em consideração esses aspectos, conclui-se que os cidadãos brasileiros, de forma geral, precisam de uma mudança ética e moral em relação à educação. É necessário uma reforma na política com leis que reconheçam o verdadeiro valor de um professor.']",80,120,80,120,120,520
72,82,Automediação tornando-se um vício,"['Entende-se como automedicação a utilização de remédios por conta própria e  indivíduos não habilitados, ou seja, consumo d  remédios sem avaliação de um profissional.  Ato no qual  deve ser combatido O  mais rápido possível  pois gera consequências negativas ao consumidor.', 'Atualmente vemos que o número de farmácias inauguradas aumentou, tornando-se um estabelecimento de fácil acesso, no entanto, como consequência   o consumo facilitado de remédios segue o mesmo parâmetro. A auto medicação  gera desde intoxicações até a dependência do remédio   algo que gera o consumo frequente sem necessidade.', 'Segundo o Ministério da Saúde  a automedicação pode aumentar a resistência de micro-organismos e amenizar os efeitos do remédio   tornando-o inútil. Entretanto, decorrente  o acesso facilitado a internet, a indução ao consumo inadequado de remédios é realizada de forma on-line através  de sites relacionados a saúde, os quais podem levar o indivíduo a confundir os sintomas e como consequência ocorre desenvolvimento da doença e inibe sintomas ,dificultando a avaliação profissional.', 'Contudo, a automedicação é um equívoco realizado por inúmeras pessoas, gerando consequências nas quais  passam percebidas, logo, não deixam de ser negativas e afetam a saúde do mesmo. Medidas são necessárias para resolver o impasse,   o Ministério da Saúde deve proibir a venda excessiva de remédios comprados sem a apresentação de receitas médicas e deve estabelecer um número máximo de itens a serem vendidos por pessoa. Como também o MEC deve incluir em todo currículo escolar palestras relacionadas a  automedicação com o objetivo de apresentar as consequências geradas a partir deste  ato. Através desta  perspectiva, nota-se que tais propostas interventivas fazem-se necessárias, visando diminuir a automedicação e conscientizando jovens e adolescentes.']",80,120,120,80,120,520
75,48,Saúde sob pressão,"['A minisserie sob pressão relatar sistema de saúde no Brasil, médico Evendro seu equipes verdadeiro sob pressão aonde equipe médica tem lutar para saúde vida com minino do equipamento também lista com a corrupção na saúde.', 'Em primeiro análise S (sistema de unidades de saúde ) vivencia grande problema que é corrupção dos governos. Livro do príncipe (Maquiavel ) relata que governo quando vai ser eleito para governar principal papel vai ser saúde pública e assim tudo e só para incana sociedade.', 'Em seguida análise desafio de saúde pública e lista com hospital não tem equipamento as vezes nem local para colocar os pacientes.', 'Verefeica-Se então a necessidade  governo  faz um lei para mundo saúde pública fazer lei mas pura e o corrupção dentro governo e hospital assim sociedade vai de direito de saúde pública que possa atentem todos sociedade como esta na constituição brasileira']",80,120,120,160,80,560
79,83,Esporte,"['É notório que, a prática esportiva, pode promover no homem moderno formação de valores, a socialização e o desenvolvimento humano, visto que o esporte desperta a necessidade de uma busca de superação e aprendizado constante. A prática regular de uma atividade física traz benefícios imensuráveis, proporcionando ao indivíduo uma vida mais saudável.', 'O sedentarismo é considerado um comportamento adquirido por consequências das tecnologias criadas para facilitar a “vida” do homem moderno, provocando o desinteresse por realizações de esportes. Pode-se dizer que a prática esportiva realizada com fins de competição também tem seus benefícios, uma vez que seja colocado em evidência o interesse em comum de ambos os competidores, que é a participação.', 'Ainda sob essa ótica, de acordo com a necessidade humana em praticar ou realizar algum exercício físico em consonância com o interesse na competição saudável, podemos ver hoje o que chamamos de olímpiadas. Tal Competição esportiva se deu na Grécia antiga com esportes praticados em Olímpia, e tinha como sentido celebrar a paz e a trégua entre as nações que enfrentavam um cenário de guerra mundial no momento.', 'Posto isso, fica-se evidente que a prática esportiva é de extrema valia, em tempos (em) que a tecnologia tem ocupado boa parte do tempo do homem moderno, e que diferente do cenário de guerra vivido no século XIX, hoje presenciamos o antissocialíssimo e o interesse cada vez mais forte na vida virtual. O esporte proporciona a intercomunicação e a troca de valores culturais ainda essências para o desenvolvimento humano.', 'Portanto, analisado a necessidade da população da realização de uma prática esportiva, as prefeituras devem propor melhorias nas condições dos ginásios poliesportivos, condicionando aqueles que têm o objetivo de se profissionalizar em seu esporte, (.) também é considerável a manutenção das academias públicas existentes, e em parceria com a mídia, intensificar as campanhas de incentivo ao esporte e ao exercício físico, adquirindo qualidade de vida saudável.']",80,120,120,160,200,680
80,83,Esporte Direito de Todos,"['O esporte é uma forma de se exercitar, interagir e competir de maneira divertida, principalmente na infânciapós desenvolve habilidades com o contato com o  exercício. No entanto , n o Brasil apresenta muita carência nas favelas pós as condições são precárias , e os deficientes que não têm acesso ao esporte de forma correta , por falta de Infraestrutura e equipamentos necessários para  prática.', 'Em primeiro lugar, o esporte é um direito de todos, mas os jovens que crescem nas favelas, buscam no esporte uma motivação de superar as condições  precárias em que vivem, pós estão a mecer da criminalidade da região, (.) mais existem ONGs não governamental que ajudam os jovem a não entrarem nesse mundo, existem como exemplos atletas que vieram desse mundo e hoje são exemplos de que é possível mudar de vida através do esporte por exemplo Rafaela Silva, que veio da favela Cidade de Deus, do Rio de Janeiro, que enfrentou grandes obstáculos e veio  representando o país e ganhou a medalha de ouro.', 'Em  segundo lugar, os atletas com deficiência têm no esporte uma motivação de superar e enfrentar os obstáculos e, assim, ter autoconfiança e ver no esporte um respeito entre si  e a sociedade, mas muitos desses atletas não têm condições financeiras de comprar equipamentos que são necessários para a prática da modalidade esportiva , além de falta de infraestrutura que é preciso , (.) assim tento dificuldades para ter o acesso ao esporte de forma gratuita, que deveria ser apresentada pelo governo,como por Pedro Paulo Neves, 37 anos, medalhista de ouro em Toronto no salto em distância, atleta deficiente que viu no esporte superação.', 'Dessa forma, o esporte tem a capacidade de unir as pessoas, seja elas para comemorar como também para praticar, respeitando uns aos outrostento como exemplos os jogos Olímpicos, que reúnem inúmeros pais. Mas falta infraestrutura e equipamento  para a prática do esporte, e assim ter atletas preparados para representar o país nas gerações futuras(.) é necessário intervenção do governo,conmo criação de espaço dentro das escolas para a prática de esporte  e, para os deficientes, criação de lugares para práticas de diversas modalidades, além de  parcerias com impressas que financiam o esporte  tanto acesso gratuito para prática.']",80,120,120,160,200,680
83,64,Sexualidade precoce das crianças,"['A Educação sexual nas escolas, com o tempo, veio se alarmando cada vez mais.', 'No ano passado a educação sexual nas escolas vem sido um dos temas mais comentados, por conta do presidente Jair Bolsonaro que vem citando isso em sua campanha:', '""não podemos ensinar as crianças sobre sua sexualidade\'\'', 'Nas escolas, estavam-se destribuindo livros sobre sexualidade, como por exemplo: Kit Gay', 'Muitas das crianças ja sabem se quer o que é """"sexo"""" por contas dos ensinos. Muitas delas querem saber mais sobre tal assunto e chegam a perguntar aos seus pais, por conta disso, as escolas ou professores podem ser prejudicados.']",120,40,40,40,0,240
84,71,Não tenho nada a perder,"['Nos últimos tempos, temos nos deparados com uma situação nada comum, jovens com uma vida aparentemente saudável que por motivos desconhecidos de amigos e parentes tiram a própria vida. Dois casos chamam atenção em cidades diferentes em que uma era cheia de vida e outra estudante, que por conta própria resolveram sumir do mundo.', 'primeiro caso inexplicável; uma jovem mãe cheia de vida com dois belos filhos e que vivia a sorrir como se não acontecesse nada, todos ao redor dela desconhecia qualquer tipo de sofrimento, e em uma noite sozinha na cidade saiu e pegou um táxi até Natal ,mais precisamente a ponte Nilton Navarro e cometeu o suicídio, deixando a todos surpresos e com uma enorme interrogação. O segundo caso; uma adolescente entre os 18 e 20 anos  era estudante da faculdade UFRN e estava as vésperas de se formar, essa tinha sim um problema para quem esta fora era insignificante, mas para ela a perfeição tinha que acontecer e essa busca não se sabe o real é que a fez tomar tal decisão, vivia muito bem com os familiares e amigos eram religiosos e frequentadores da igreja católica, ela estava sempre com eles, era noiva estava com planos para o futuro após o término da faculdade, é claro que a família procurou ajuda quanto a isso mas não tiveram sucesso, em uma noite as vésperas da apresentação do TCC na faculdade , se despediu do noivo e foi aparentemente dormir, esperou que todos estivessem em seus lugares e sem que ninguém percebesse abriu a porta e saiu pela madrugada em direção a ponte Nilton Navarro e praticou o suicídio .', 'Como ajudar essas pessoas? quase que impossível, não se sabe o que eles pensam e principalmente se estão passando por algo, a única coisa a se fazer quanto a isso é organizar campanhas de alerta a quem est por perto e para eles mesmos a ter amor por si próprio.']",120,40,40,40,0,240
86,19,Problemas Costumeiros da Sociedade,"['“Fake News” vem se tornando um problema continuo hoje em dia, e elas interferem cada vez mais no nosso cotidiano.', 'As fake news tomam conta do mundo hodierno, estando em todas as partes como Facebook e Twitter, os mais comuns, espalhando boatos com o intuito de difamar políticos, atletas e cidadãos comuns.', 'A manipulação política é outro fato recorrente que vem crescendo ano após ano, como que em 2017 era apenas 28 países e atualmente chegamos a 48 que sofrem de influência política por meio de perfis falsos e fake news.', 'Neste momento a manipulação vem ficando tão frequente e intensa que até nos sites de busca, como Google, Yahoo e o Bing, vem se tornando palco deste fato, que vem virando costume ao redor do mundo nas épocas de eleições.', 'Em suma, a principal defesa que nós brasileiros temos é de não compartilhar informações sem antes verificar sua procedência e sua fonte, confirmando se são reais ou não, para não sermos parte dessa massa que modifica nosso modo de pensar com informações fúteis .']",120,80,0,0,80,280
88,53,*SEM TÍTULO*,"['Desde os tempos remotos o ser humano vem buscando novas maneiras de comunicar-se entre si. Com o avanço da tecnologia a forma como as pessoas se comunicam mudou expressivamente. Hoje, já é possível acompanhar em tempo real o que outro indivíduo pode estar fazendo a milhares de quilômetros de distância. exemplo disso temos as ligações por vídeo chamadas, vídeo conferências no meio empresarial e tantas outras maneiras através das redes sociais.', 'Todos os dias somos bombardeados de novas informações, sejam boas ou ruins elas sempre acabam chegando a nós pelos mais diversos meios de comunicações. O uso constante de plataformas digitais nos permitem ter acesso a uma grande quantidade de dados e notícias referente a assuntos atuais e passados. Dados estes que podem acabar influenciando certas maneiras de pensar e agir. Para citar um exemplo do quão é importante sabermos interpretar estes dados e não nos deixarmos influenciar pelos mesmos são as famosas “fake news”. Ou seja, notícias falsas.', 'No ano de 2019 muito se foi falado sobre este tema.  maneira como essas notícias podem se espalhar pela internet é incrivelmente rápida. nos forçando a encontrar alternativas viáveis de conter este problema que acaba afetando uma grande parte da população mundial. Ao se deparar com este conteúdo, algumas pessoas “desinformadas” por assim dizer, acabam que alastrando o problema através de compartilhamentos indevidos. A falta de informação vem a ser um dos motivos principais para propagação das fake news.', 'Portanto, para evitar que sejamos influenciados por este tipo de conteúdo ou até mesmo colaborarmos com sua propagação, estar bem informado sobre assuntos diversos é um hábito que devemos construir diariamente. Acompanhando os mais variados meios de comunicação: sejam jornais, revistas, sites com conteúdo construtivos até mesmo as próprias redes sociais, buscando sempre fontes verdadeiras e bem conceituadas podem ser bastante úteis.', 'Com o uso consciente das mídias e a utilização de informações verdadeiras podemos nos beneficiar expressivamente. além do conhecimento adquirido podemos ser a própria fonte de informações para outras pessoas que, pelos mais diversos motivos, não conseguem ter acesso a meios de comunicação básicos como por exemplo: a internet.']",120,80,40,80,40,360
94,52,.,"['A gravidez precoce tem aumentado cada vez mais, causando vários problemas na vida de varias adolescentes, em questão de saúde, tanto na da criança como a da mãe, e também no futuro de ambos.', 'O primeiro período menstrual de uma menina pode acontecer entre 12, 15 anos, por mais que possa variar dependendo das circunstâncias da adolescente . A partir do primeiro período menstrual a menina começa a ter descobertas em seu próprio corpo, tendo desejos sexuais, resultando em relações sem proteção. E dependendo da idade da adolescente o útero pode não aguentar com uma gestação causando a morte do bebê ou até mesmo da mãe.', 'Nos últimos anos aumentou o número de gravidez precoce  e isso por que adolescentes não conhecem o métodos contraceptivos, ou ate mesmo conhecem e decidem não usar, com isso tendo gravidez ou até mesmo doenças.', 'Com isso as escolas e postos de saúde deveriam dar mais atenção aos adolescentes e alertar sempre de tudo o que pode acontecer se tiverem relações sem proteção . Escolas deveriam alertar mais os estudantes, e postos de saúde dar mais atenção a adolescentes da comunidade.']",120,80,40,80,40,360
97,42,Responsáveis pelo próprio sucesso,"['Atualmente, é visível a decadência da educação brasileira. A baixa qualidade do ensino no país é evidenciada dia após dia com índices preocupante tornando a realidade brasileira uma situação preocupante. Será possível o aluno correr atrás do seu próprio sucesso sem depender da educação oferecida pela escola?No Enem em 2014 8,5% dos alunos tiraram nota zero em redação e apenas 0,004% tiraram a nota máxima, isso evidencia claramente a baixa qualidade no ensino do país já que um em cada cinco alunos do 3º ano do ensino fundamental não possui os mínimos requisitos de alfabetização e leitura. O primeiro detento a ter nível superior do Estado de São Paulo já se destaca. O diploma foi obtido através de uma parceria com uma universidade que oferece a modalidade de ensino á distância, sendo o detento um exemplo de superação e esforço próprio em busca da educação. É necessário que o aluno tenha a capacidade de perceber que a educação também depende dele, para que possa ir atrás de uma qualidade de educação sem depender do que é oferecido pela escola.']",120,120,80,0,80,400
108,60,,"['O assunto que mais está preocupando parte dos brasileiros é a reforma da previdência, que continua em debate no Congresso nacional. Segundo a PEC a mudança traz igualdade na aposentadoria ou seja  a idade mínima para mulheres é de 62 anos ,homens 65 anos e a desigualdade de contribuição.', 'Em primeiro lugar cabe estudar se a sociedade vai se apropriar futuramente de um problema ou uma solução antes de conseder essa nova reforma. Com base nisso e a proposta, futuramente a população terá sua aposentadoria tardia em relação ao atual , profissionais que trabalham sobre má condições como os urais ter que contribui 20 anos de atividade em campo e uma contribuição miníma de R$600,00 por grupo familiar.', 'Somando a isso e outros vários fatores, convém a possibilidade de ter grandes problemas futuramente , pois a saúde e a flexibilidade do trabalhador poderá ser afetada.']",120,80,80,80,40,400
112,69,Os prós e contras do uso de agrotóxicos,"['O uso de agrotóxicos no Brasil é um tema que está tendo bastante repercussão . Agrotóxicos ou pesticidas são produtos usados para o combate pragas em plantações, sem eles existem grandes problemas com pragas, porém, eles podem causar muitos problemas ao meio ambiente e saúde humana.', 'Todas as plantações podem ter pragas e sem proteção a perda de produtos é muito grande, o jeito utilizado para lidar com esse problema é o uso de pesticidas que previnem um ataque de uma determinada praga à plantação.', 'Porém os pesticidas podem contaminar o solo, as águas e o ecossistema da região, causando até a extinção de várias espécies  e a inutilização de solos e fontes de água como rios e lagos.', 'Com a contaminação das águas, solos e até s vezes  os produtos muitas pessoas se contaminam, podendo ocorrer a contração de várias doenças como o câncer.', 'Resumindo , sem eles as colheitas rendem menos e os preços sobem e com eles há a chance dos consumidores e o meio ambiente saírem prejudicados.']",120,80,80,80,40,400
113,75,Porte de armas,"['Atualmente está sendo bastante discutido a questão da legalização de posso e porte de armas . Há uma diferença entre as duas coisas, a posso é quando alguém tem permissão para ter arma mais apenas dentro do perímetro de sua casa, já o porte é quando o indivíduo pode levar a pistola consigo por onde for, um exemplo concreto são os policiais que andam armanados mesmo estando a paisana.', 'Mas exatamente aqui que se entra a questão; será que qualquer pessoa pode ter uma arma? Um policial anda armado porquê ele foi preparado e treinado fisicamente e psicologicamente para saber agir diante da situação, ja uma pessoa que não está abituada e nunca foi instruída é um tanto perigoso.', 'Portando, legalizar o porte de armas trará bastante problemas para a sociedade , aumentando assim a violência nas ruas e tirando vidas inocentes. Tem aumentado sim o porte fé armas no Brasil, e isso previsa ser combatido com medidas organizadas pela justiça e a polícia.']",120,40,80,80,80,400
114,54,Crise No,"['Vivemos em um mundo onde as modificações são constantes, onde as mudanças são para ontem e onde os nossos inimigos estão a espreita, acompanhando as evoluções da vida, prontos para nos atacar.', 'Quando tratamos do assunto vacinação vemos um grande exemplo da capacidade de conhecimento humana e suas inovadoras criações que visam sempre trazer melhorias e avanços tecnológicos no quesito de cuidados com a saúde.', 'Entretanto nos últimos tempos estamos vivendo uma crise no ""Sistema Vacinário\', aonde doenças quase extintas estão regressando com força total, levando pessoas a óbito e se espalhando de forma assustadora entre os Estados do nosso país.', 'Mas será isso hipocrisia humana? ou o governo não presta os devidos serviços para conscientização das pessoas em relação a proteção de sua própria saúde?', 'Digamos que ambos tem parcela de culpa nesse caso, pois muitas das vezes os que nos representam nos autos cargos políticos não proveem o necessário para á imunização e seu alerta mediante a uma população que não cumpre o seu dever como cidadão, que simplesmente é buscar sua proteção conta ""agentes"" biológicos ofensivos.', 'Para sanar esses problemas devemos nos conscientizar através de campanhas púbicas e se mobilizando nas escolas fazendo com que os mais jovens sejam esse canal de comunicação e conscientização, para assim dizimar essas doenças que tanto nos assolam e nos abala de forma física e emocionalmente.']",120,80,80,80,40,400
117,24,"Em 1920, nos Estados Unidos","['Em 1920, nos Estados Unidos, entrava em vigor a Lei Seca. A legislação proibia o consumo de qualquer bebida que apresentasse determinado teor alcoólico. Inconformados , a população passou a buscar caminhos alternativos. O tráfico dos produtos através das máfias ascenderam . E resultou em um crescimento do índice de criminalidade no país. No Brasil contemporâneo a questão da violência ocasionada pelo tráfico de drogas ganha intenso debate : a proibição seria o caminho viável?', 'Em primeira instância, é válido notar que a violência gerada pelo tráfico é acentuada entre as classes menos favorecidas dentro da sociedade. Visto que a substância é um produto de luxo e sua comercialização submete-se a certas restrições que sejam rentáveis, acaba por provocar, muitas vezes, conflitos internos entre as partes envolvidas.', 'Ademais, além da proibição interferir nos direitos individuais de liberdade e escolha e gerar o genocídio da população carente, uma pesquisa divulgada pela Fundação Getúlio Vargas apontou que os consumidores padrões dessas tóxinas estão entre os homens com maior poder aquisitivo e que compõem a classe média alta. Longe da realidade das favelas.', 'Portanto, medidas são necessárias para resolver o impasse. Logo, a descriminalização da substância deve seguir em conformidade com algumas ações essenciais. Sendo assim, o ministério do trabalho e emprego deve criar políticas que gerem renda entre as populações carentes. Bem como o ministério da saúde em parceira com o MEC, deve promover e intensificar campanhas que instruem o uso optativo e consciente de drogas. Por fim, o governo deve gerar impostos sobre os produtos afim de auxiliar no desenvolvimento social e econômico do país.']",120,80,80,80,80,440
119,16,"Onda da justiça, onda do bem","['A onda conservadora tomou proporções significativas com a eleição do novo presidente do Brasil (Jair Bolsonaro). A marola cresceu e virou uma grande onda que varrerá o país nos próximos quatro anos. E pode-se dizer que essa benéfica mudança é fruto de uma decepção gradativa que vem de anos.', 'Os próximos quatro anos serão marcados por mudanças radicais em nosso Brasil. No que se refere a termos políticos a transformação foi severa, com a troca da maioria dos governantes e parlamentares. Isso reflete o clamor nacional pela recuperação de valores, e com certeza foi de extrema importância essa rotatividade porque limpou os velhos costumes empreguinados e colocou uma nova esperança para a nação, com menos privilégios políticos e mais justiça.', 'Do ponto de vista social é possível afirmar que melhoras significativas virão junto com a onda conservadora no novo governo 2019 – 2023. A expectativa é de leis mais rígidas em defesa da população de bem para punir aqueles que atentam contra a constituição , como também a conservação dos princípios inerentes a família e a criação familiar.', 'Indubitavelmente, os próximos quatro anos serão totalmente opostos aos anos antecessores. O governo em busca de moral social e princípios políticos justos vêm com força para mostrar aos eleitores que fazem parte da onda conservadora que a decisão deles foi correta. E realmente será.']",120,80,80,80,80,440
121,29,A dependência química influência toda à sociedade,"['O crack, substância química utilizada para dar uma imensa onda de prazer, porém, instantânea, vem abrangendo um grande número de viciados que não se controlam à quantidade de substância inalada e fazem moradia nesses pontos de consumo causando total dependência.', 'O governo de São Paulo quer acabar com a cracolândia, enviando os dependentes à centros de tratamento, porém a grande parte dos viciados não querem se tratar, levando à internação compulsória.', 'O uso constante do crack causa danos à corrente sanguínea, ao cérebro, aos rins, e o organismo começa a funcionar em função da droga.', 'A internação compulsória é algo radical, porém necessário. O uso da droga causa perca à vida familiar e acaba com o físico e o psicológico das pessoas. O uso da droga por impulso pode acarretar à dependência e, assim, a formação de cracolândias facilitando o comércio.', 'As cracolândias devem acabar. Com a ajuda de psicólogos e clínicas especializadas no tratamento, dando aos usuários motivos para não acabar com à vida, nas drogas, e com o apoio do governo para financiar esse movimento que leva benefícios à toda sociedade.']",120,120,80,0,120,440
127,52,Os problemas da Gravidez Precoce,"['A gravidez precoce pode ser um problema quando não planejada da melhor maneira. Na Série de televisão “Merlí” a personagem Oksana, uma estudante do Ensino Médio que teve um filho aos 16 anos, passa por situações nas quais percebe que suas vontades como jovem interferem na criação do pequeno. A gestação na adolescência pode tirar dos jovens algumas vantagens dessa idade.', 'Primeiramente, pode ser dito que nessa época da vida as pessoas tendem a gostar de sair com os amigos para festas, por exemplo. Porém, quando se tem um filho fica mais difícil marcar essas atividades levando em consideração que nem sempre terá outra pessoa disponível para cuidar da criança. Existem também as dificuldades de conciliar os horários de estudo ou de trabalho com os de cuidar do filho.', 'Além dissonem uma gestação não programada  ou até mesmo em uma gravidez planejada porém precoce, o pai e a mãe, em muitos casos, não têm maturidade e preparo para criar um filho. Dessa maneira passam por complicações na hora de escolher uma instituição de ensino ou um profissional da saúde para acompanhar a criança. Em algumas situações algum dos responsáveis nem aceita o filho como seu e assim, o mesmo cresce sem a figura materna ou a paterna.', 'Por conseguinte, é necessário que as escolas apresentem palestras sobre maternidade aos alunos do ensino médio  e por meio de campanhas juntem alunos de diversas instituições para assisti-las. Isso, a fim de informar aos jovens sobre as responsabilidades incluídas na criação de um filho, assim, caso realmente queiram ter descendentes com essa idade, estarão preparados para isso.']",120,120,80,80,40,440
150,51,O corpo não pode existir,"['A educação acadêmica ao decorrer dos anos foi se tornando uma necessidade para concorrer a vagas de emprego, provas de concursos, logo pensamos  que a falta dessa educação acadêmica é um problema de uma pequena porcentagem da população, mas essa não é a realidade do Brasil.', 'Como Thomas Jefferson disse: ""Quando o mundo estiver em busca do conhecimento e não mais lutando por dinheiro e poder, então nossa sociedade poderá enfim evoluir a um novo nível."" Essa frase explica muito bem o motivo  pelo qual o analfabetismo funcional ainda é um grande problema em nossa sociedade, a falta de investimento na educação causa, além do analfabetismo funcional, violência, desempregos e principalmente a perda de diversas pessoas que com esse conhecimento poderiam realizar descobertas únicas.', 'De acordo com a lei da inércia de Isaac Newton: ""Um corpo permanece em repouso/movimento até que uma força externa atue sobre ele."" Pensamos no corpo como o analfabetismo funcional, a incapacidade de interpretar simples textos, e essa força externa como as cotas para estudantes de redes públicas, ou seja, essa força tinha a função de parar/movimentar o corpo, algo que era para ser a solução acabou de tornando um problema, pois admite a falta da educação.', 'É necessário investimento na educação pública, e o incentivo para os jovens cada vez mais  adquirirem conhecimento, o Brasil precisa de mais mão de obra qualificada.']",120,80,80,120,40,440
151,12,A importância do patriotismo,"['Sabe-se que a valorização nacional autovalorizar-se é algo fundamental em para uma nação, isso nação. Isso estimula os fundamentos ético morais éticos do cidadão. O ato de cantar o hino nacional desperta um sentimento de amor à pátria e proporciona um efeito de responsabilidade, onde em que todos devem proteger as nossas riquezas e cuidar da nossa gente.', 'Toda criança deveria ser estimulada a cantar o hino, desta hino. Dessa forma, elas iriam crescer valorizando a nação e teriam uma formação educacional de qualidade, sabendo das suas obrigações e executando os seus deveres. Cantarolar a canção Cantar o hino nacional é importante e deveria ser introduzido em todas as escolas, pois ele ensina valores aos seus alunos.', 'Um grande exemplo de patriotismo, onde se que prega a valorização da responsabilidade e dos ensinamentos morais, são os militares. As instituições de ensino militar têm um nível de educação superior aos demais colégios, isso colégios. Isso se deve ao aprendizado, que desde cedo são ensinados a ter respeito, demonstrando interesse na formação da cidadania.', 'Portanto, é indispensável o cantar do hino nacional nas escolas, pois ele é importante para o futuro, onde quando as pessoas irão ter respeito umas com as outras e serão mais educadas. É essencial a formação moral dos cidadãos, e o hino ressalta a obrigação de cada um com a sua pátria.']",120,120,80,80,80,480
161,63,Impactos ambientais no Brasil,"['Em 2000 por falta de atenção da empresa , litros de óleo contaminaram a Baía de Guanabara, poluindo todo o rio, acabando com famílias que tirava o sustento,  do mesmo . Este acidente como outros mostra negligência das grandes corporações, causando problemas ao seu redor. Uma coisa tão simples como um pouco de atenção poderia ter mudado tudo.', 'No Brasil os números de desastre ambientais causados por descuido de empresas são grandes, podendo destacar os mais famosos acidente com o Césio-137,vazamento de óleo na Bacia de Campos,rompimento da barragem de Mariana e recentemente a tragédia de Brumadinho, matando mais de 169 mortos. Isso tudo causado pelo desatento.', 'O monitoramento feito pelas indústria à o meio ambiente é de suma importância, para evitarmos  esses acontecimentos, e fazermos  a nossa parte como cidadãos, assim amenizando ainda mais.']",120,80,80,120,80,480
164,56,Assegurado seus direitos,"['O atual estado em que se encontra o sistema carcerário brasileiro, está indo cada vez mais de encontro aos direitos humanos. Superlotação e insalubridade são apenas alguns exemplos. Políticas públicas podem ajudar a melhorar essa situação, como a liberação de presos que já estão no final de sua sentença e medidas de ressocialização.', 'Cumprido a pena por quase sua totalidade, o preso com bom comportamento poderia ser solto antecipadamente. Essa ação serviria como uma bonificação e incentivo a todos os aquartelados. Atitude essa, que amenizaria a superlotação, proporcionando um ambiente mais passível de viver por trás das grades, além de estimular os encarcerados a serem mais respeitosos.', 'Já dentro dos presídios e penitenciárias pode-se iniciar o processo de ressocialização do preso. Trabalhos manuais artesanais, cursos técnicos e de educação básica, incentivo ao esporte e leitura, e ensino religioso são alguns exemplos de medidas que podem ser tomadas. A adesão deve ser voluntária, mas pode ser incentivada através do conhecimento dos benefícios. Que podem estar atrelados ao bom comportamento devido a sua participação, a fim de ter a sentença reduzida no final, e possibilitando um retorno a sociedade mais facilitado e com mais oportunidades.', 'Por conseguinte, a liberação antecipada e as medidas de ressocialização para poderão auxiliar na melhora do sistema carcereiro brasileiro e também contribuirão para que os presos tenham seus direitos humanos cada vez mais assegurados.']",120,120,80,80,80,480
165,52,O real problema,"['Dados da Organização Mundial de Saúde (OMS) revelam que a adolescência corresponde ao período de vida entre 10 e 19 anos, onde o corpo começa a demonstrar mudanças e o indivíduo pode começar sua vida sexual.', 'Apesar da grande quantidade de informações sobre sexualidade e métodos anticoncepcionais as adolescentes continuam engravidando, o que gera implicações sociais, psíquicas e econômicas. Sociais pois abandonam os estudos, psíquicas pois muitas não possuem a condição mental de cuidar de um filho e econômicas pois tm a preparação para mais um gasto na sua vida, como disse Isaac Newton – “Toda ação tem uma reação”.', 'A deficiência dos serviços de saúde pode ser apontada como outro fator relevante com relação não utilização dos métodos contraceptivos, é associado principalmente ao acesso à informação e a escolaridade precária de tais adolescentes aonde também os hábitos culturais vem a ser creditados.', 'Dentre os fatores apresentados também é presente a classe social, onde em regiões mais precárias tal como, norte e nordestes, a falta de acesso à informação em conjunção com o índice demográfico dessas áreas também causam grande taxa de gravidez precoce diminuindo mais ainda o Índice de Desenvolvimento Humano (IDH) da região, tendo maior necessidade de projetos sociais para a conscientização, matérias escolares, acesso à informação e adaptação de inúmeros pontos de saúde já existentes.']",120,80,80,120,80,480
169,51,ANALFABETISMO E SOCIEDADE,"['Pode -se afirmar que a presença dos Jesuítas, trouxe a aprendizagem, assim sendo à alfabetização dos índios . Atualmente a educação, ocorre em ensino regular, embora muitos chegam ao ensino superior incapazes de interpretar textos e cálculos matemáticos.', 'Em primeiro lugar Padre Antônio Vieira`` A boa educação é a moeda de Ouro. Em toda parte, tem valor, ´sabe- que a precariedade educacional, levam os discentes a não interagir com a leitura, entretanto muitos docentes preocupam em cumprir os currículos e levam adiante a negligência.', 'Em segundo lugar os recursos de tecnologia,  não utilizados de forma eficaz levam aos cidadãos à lentidão ao analfabetismo funcional , entretanto está ineficiência deixa as políticas econômicas a repensar sobre as necessidades.', 'Por fim, segundo o IBG Instituto Brasileiro Geográfico este número de pessoas sem instrução formal tem sido diminuindo em XXI, por outro lado a população estão adquirindo seus conhecimentos em uma democracia da sociedade.', 'Diante a suma o Ministério da Educação deve implantar apoio as mídias por meio de propagandas televisão e uso da internet, o qual pode ser semanal estimulando a leitura de jornais e livros  a fim reduzir a ignorância apropriando da capacidade criativa.']",120,120,80,80,80,480
172,74,Feminicídio,"['Considera- se feminicídio crimes hediondos e homicídios contra mulheres . Todos os dias, são assassinadas pelos seus companheiros, e muitos homens matam só pelo fato de serem mulheres.', 'As mortes femininas, se dá por vários fatores como por exemplo  o ciúmes excessivos de seus companheiros que não aceitam um fim de um relacionamento, ter aquele sentimento de posse que não é muito saudável.', 'Muitas são agredidas, violentadas, abusadas, estranguladas, até serem levadas á morte. Isso, porque a sociedade em que vivemos diz ser muito machista. Os homens acham que tem o poder de maltratar suas companheiras só porque são homens e mais fortes. Só no ano passado foram registradas 54% das mortes contra mulheres.', 'Logo, as mulheres, só querem respeito da parte dos homens e elas também tem de respeitar eles , se todos se respeitassem, não teria tanta violência na atualidade . A sociedade tem que ensinar seus filhos a entederem o quanto o respeito é importante é com ele que se compreende muita coisa.']",120,120,80,80,80,480
175,62,o mal entre as redes,"['O discurso de ódio nas redes sócias,  vem crescendo cada vez mais no Brasil, isso é um problema para o povo brasileiro, pois tais discursos nas redes não só ofendem a quem estão sendo dirigidos, como contaminam as mentes e pensamentos dos demais usuários, e como hoje sabemos  que as redes sociais tem um poder de comunicação imenso, é notável que isso é um problema sério para o povo brasileiro.', 'Algumas redes sociais e outras plataformas de compartilhamento já tomaram devidas providencias quanto a isso, prometendo a exclusão de publicações, videos ou imagens que incitem o ódio em menos de 24 horas.', 'Acontece que essas publicações toxicas, até serem apagadas, muitas pessoas já tiveram acesso ao conteúdo., e essas pessoas muitas vezes sem má intenção acabam compartilhando. Os usuários que virem esses conteúdos sendo publicado deveriam denunciar por meio de das ferramentas que muitos dessas plataforma disponibilizam, e que essas empresas donas desses grandes meios de comunicação, criasse campanhas dentro de suas plataformas viabilizando que isso não acontecerá mais.']",120,80,80,120,80,480
177,57,,"['Não há como negar a importância do cinema em uma sociedade. Além de muito atrativo, é também uma fonte de conhecimento que marca gerações. No princípio, houve a idéia de que o cinema seria uma novidade passageira, mas, foi um mito, pois o cinema continua marcando e encantando com histórias extraordinárias. Embora o cinema seja considerado algo ""comum"" em algumas sociedades, outras nunca tiveram oportunidade de viver tal emoção.', 'Com a crescente humanização e a chegada dos shopping centers, cresce o número de cinemas nas áreas privilegiadas com melhor economia. Dessa forma a população das grandes cidades ganham o mundo alternativo do cinema, enquanto às populações das áreas menos desenvolvidas, são totalmente excluída desse privilégio.', 'Além disso a chegada das inovações tecnológicas nas áreas privilegiadas, estão gradativamente retardando o número de telespectadores ao cinema, somente 17% da população dessas cidades frequentam o cinema. Esse desenvolvimento desorganizado causa revoltas, porque: Enquanto uns tem facilidade de acesso ao cinema e as inovações tecnológicas, outros não conseguem acesso à nenhuma dessas opções. Por exemplo: população dos interior das pequenas cidades do Nordeste.', 'Portanto, é preciso ampliar o acesso nas áreas menos favorecidas. O governo deve investir em infraestrutura urbana, o ministério do desenvolvimento tecnológico por meio das secretarias de comunicações devem criar ONGs que tenham acesso à tecnologia, ao cinema e que promovam ações educativas com o propósito de atualizar as comunidades e levar conhecimento e lazer. Assim, teremos pessoas mais atualizadas, modernas e informadas. Isso influenciará de maneira positiva na redução da taxa de analfabetismo.']",120,80,80,120,80,480
178,60,Sim ou Não?,"['Aos cidadãos brasileiros cabe alçar a voz e falar ao país o que realmente acham desta injusta reforma . Só a opinião nacional pode cumprir o papel de acolher ou repudiar essa aspiração. Não existe outra soberania mais soberana que a do povo, unidos. Para isso é preciso apelar como homens livres e essencialmente subordinados aos interesses da pátria. Sem convulsionar a sociedade, é dever esclarecer letra por letra o novo regime de previdência. Pois, nas entre linhas está sendo construída num regime de ficções e corrupção com a compra aberta de votos. Isso com o dinheiro público, que é de todos, perpetuando a miséria dos pobres e nutrindo os privilégios dos militares das orças armadas, magistrados e políticos. Se mexe com a vida da nação, discutir é o dever de todos.', 'O governo não pode de forma autoritária e corrupta num conluio com deputados vendidos claramente, fazer uma seletiva mudança anti povo. Se eles esquecem que foram eleitos para representar o interesse da sociedade e promover justiça social, o povo não esquecerá quem os esmagam sem dó nem piedade . O povo é soberano! Tem que ser respeitado, essa reforma trará caos ao país. O pobre deste país já é penalizado de mais com a negligencia política. Agora, trabalhar mais, ganhar menos, trará consequências mais sérias, como a fome, a doença, a falta de assistência médica e a miséria.', 'O Brasil está feio, frio, fraco e fedorento. No Hino Nacional brasileiro está escrito em uma de suas estrofes, (Brasil dos filhos deste solo és mãe) O poeta não fala que o Brasil só é mãe dos privilegiados da reforma, mas, sim de todos! No Hino e na constituição nacional,  diz que todos são iguais, mas é nítido que é só no texto mesmo, na prática cotidiana de governança tudo é desconcerto. O despotismo não pode governar essa nação. É preciso lutar se preciso for com todas as garras para que essa reforma não tire de ninguém nem direitos nem deveres.', 'Diante do exposto, fica evidente que esse governo e seus aliados, estão fazendo essa reforma tão de pressa, que suas almas estão ficando para trás . Não é possível que eles tenham condições de dormir, depois de consagrar essa reforma, que transformará para sempre e para pior a futura vida do jovem trabalhador brasileiro. Não é realmente estranho a ideia de começar a trabalhar aos 8 anos de idade como diz o presidente. Quem sabe, se nunca ficar desempregado nem parar de contribuir, aos 48 anos terá o sagrado direito de se aposentar e quem sabe enfim começar a viver a vida. Quem sabe cuidar da saúde e até quem sabe tentar ser feliz e grato. O governo deveria fazer como se faz nas doações de órgãos humanos. Perguntar quem quer se aposentar nessas novas regras? Ai, o trabalhador colocaria na carteira de trabalho. Sim ou não. Logo, por livre vontade todos escolhiam sua sina.']",120,120,80,120,40,480
180,52,Gravidez na adolescência,"['Atualmente, a sociedade,  enfrenta diversos problemas de cunho político, governamental e financeiro que acabam se tornando problemas sociais da realidade. Assim, uma questão importante na atualidade como a gravidez na adolescência.', 'Esse problema é enfrentado em todas as classes sociais, sendo alta, média ou baixa. Pode engravidar quando se é adolescente, mas esses casos são comuns entre a classe baixa . Isso ocorre pela falta de instrução e educação que elas passam.', 'Pode ocorrer riscos maiores durante o processo de gestação, por falta de qualidade de atendimento  ou falta de acompanhamento médico. As meninas de classe mais baixa terão que arcar com um futuro mais ""pesado"", por terem que sustentar uma criança, que muitas vezes também requer necessidades básicas.', 'Portanto, pode-se firmar,  que aumentar o número de distribuição de preservativos, campanhas governamentais que instruam sobre a gravidez na adolescência, nas escolas. E que também possua um aprimoramento do atendimento médico público, na assistência psicológica e médica geral para que não possuir condições financeiras.']",120,80,80,120,80,480
186,54,,"['A partir de tempos remotos as doenças tem causado grandes tragédias para a civilização. Contudo com muita força de vontade os cientistas, descobriram uma maneira de amenizar esses problemas com as vacinas. Com ela reduziu consideravelmente os casos de infecções, bactérias e vírus contagiosos onde as pessoas ficavam até isoladas de outras para não passarem as doenças . Mas com suas reações que podem levar a falência com seus efeitos colaterais, ou as teorias das conspirações sobre as vacinas diminuíram-se a coragem de um indivíduo fazer a sua aplicação.', 'A aplicação de vacinas pode causar a morte ou outros problemas relacionados, se no caso o sistema imunitário dessa pessoa for baixo, ou seu corpo reagir de uma forma bem inesperada, raro, mas que pode ocorrer como nos caso de a cada 10.000 pessoas que tomam a vacina, apenas 2 podem ter alguma reação onde isso pode levar a óbito.', 'Para mais, com a chegada das diversas informações pela internet, com o crescimento desenfreado da tecnologia onde existem muitas fakes news, acabam aparecendo conspirações em todas as regiões, onde faz a cabeça da população para não tomar as vacinas , afirmando que os maiores governos do mundo estão deixando as pessoas pouco a pouco doentes, controlando as pessoas ou fazendo controle de natalidade, há até famosos que apóiam algumas teorias.', 'Logo, há diversos locais inseguros no país obriga o indivíduo de se vacinar antes de trabalhar na região, pois os riscos são altos de ser contaminado. O que o ministério da saúde precisa fazer é, avançar mais em estudos para que descubram meios para diminuir os efeitos colaterais o máximo possível , entender os casos de reações e extingui-los mesmo com tantas opiniões negativas, elas possuem muita importância trazendo maiores chances de sobrevivência, de trazer mais longevidade. , e a quanto aos boatos é necessário que as pessoas confiem mais em si mesmas, e que consiga enxergar os pontos positivos de sua utilização, aproveitando que é grátis e que exista meios de fiscalizar esses boatos e trazer respostas verdadeiras ao público.']",120,120,80,120,40,480
190,54,Imunização consciente,"['Muito se discute  a volta de determinadas doenças, no qual ocorre no Brasil uma epidemia de doenças erradicadas . Pois afeta diretamente o quadro do sistema saúde pública, que já se encontra em situação deficitária.', 'Em consequência dessa situação o calendário Nacional de Vacinação distribui cartão de vacinação à toda a população gratuita em todas as faixas- etárias .', 'Além disso a falta de saneamento e as mudanças ambientais decorrente das ações humana, proporciona as enfermidades de acordo com Ministério da Saúde atingindo o bem-estar do indivíduo.', 'Por fim  a Sociedade Brasileira de Imunização promove campanhas anuais para a população prevenir, ou seja, modificar a realidade orientando para que este desiquilíbrio diminua.', 'Mediante, a sintaxe o Ministério da Educação e Cultura deve implantar palestras educativas e informação na mídia em televisão para a sociedade conscientizar, o qual pode semanal , a fim de reduzir a patologia que aflita o ser humano.']",120,120,80,120,40,480
195,58,Preservação da amazônia,"['Amazônia abriga mais de 15% das espécies do planeta, esta sendo ameaçada pelo forte desmatamento e, exploração ilegal e trico de animais silvestres.', 'Essa exploração começou desde a colonização Brasil em 1500 com exploração d madeira do Pau Brasil e colonização dos índios, seu habitat natural era explorado e sua caça e pesca ameaçada.', 'Nos dias atuais preservação é essencial, não só para o Brasil que têm 60% desse patrimônio e para economia mundial..', 'Muitas ONG tem sido criada com intuito ajudar a preservação, forma de cobrar do governos atuais providencias para patrimônio que é rico em diversidade, fauna e flora .', 'O objetivo da cobrança é de uma fiscalização mais rígida e controle das industrias ,  que explora os produtos.', 'E incentivar as empresas utilizar os produtos naturais que não agridam a natureza, e conscientizar a polução da importância da preservação, e denunciar qualquer exploração tanto ambiental como animais silvestres em cárceres.', 'Essencial que o conceito da preservação comece já pela educação na família e na sala de aula . com intuito de futuras gerações ter conceito de sustentabilidade.']",120,120,80,120,40,480
200,33,Matérias fundamentais,"['Ao longo dos séculos o modo de como se deve ensinar uma pessoa muda, se enquadrando no contexto da época. Na atual situação brasileira tais transformações se mostram necessárias devido ao rendimento abaixo do esperado dos alunos. Porém, a reforma proposta pretendia tornar opcionais duas matérias essenciais ao ser, a educação física e a artes.', 'A não obrigatoriedade dessas duas competências acabaria por levá-las à extinção a longo prazo visto que um aluno optará por deixar o recinto escolar o quanto antes puder. No ensino fundamental ainda há uma pressão por parte da mãe para que este fique na escola e faça as matérias, entretanto tal prática aplicada no ensino médio não ocorrerá pois,  os alunos têm mais dependência sobre suas próprias vidas, além de obrigatoriedades externas à escola, como trabalho, ou seja, quando for necessário escolher, não só essas duas matérias ficaram em segundo plano, mas também a escola como um todo.', 'Além disso essas são matérias fundamentais ao ser. A educação física ajuda contra problemas como a obesidade, ademais ela ainda proporciona aos jovens um novo caminho. Por exemplo, nas olimpíadas diversos atletas conheceram seus respectivos esportes através das aulas nas escolas. Já a artes incentiva a criatividade, deixando o indivíduo não só mais inteligente mas também mais humano.', 'Portanto, a reforma do ensino é necessária, todavia não se pode excluir a educação física e a artes, pelo contrário, elas devem ser priorizadas tanto quanto as outras matérias. Aulas mais longas e programas como o Escola da Família são exemplos de como melhorar a educação sem desumanizá-la.']",120,120,80,120,80,520
206,19,O perigo das redes sociais,"['As redes sociais tem fugido do seu papel social ligado ao entretenimento e ao compartilhamento de idéias, pensamentos, atualmente,  tais redes tem sido utilizadas para ações ilícitas que atinge negativamente todos os setores sociais, a proliferação de informações sem saber a sua real origem pode gerar desconfianças, mas também pode tomar tal informação como verdade o que torna perigoso, principalmente em épocas de eleições onde a manipulação política é alta nos meios sociais.', 'As redes sociais se tornaram um instrumento de propagação de mentiras e fatos irreais que coloca em risco o andamento do processo político do pais . Todos os dias, informações infundadas são divulgadas pelas páginas de facebook, instagram,  com o objetivo de prejudicar determinado político considerado inimigo por algum grupo social ou político, tal fato busca manipular a opinião pública em época de eleição tirando a credibilidade de determinado político, por isso, é necessário que a população investigue e duvide se determinada informação é verdadeira ou falsa.', 'A política de um pais se faz com verdade e ética social. O Uso da internet para praticas indevidas, como informar falsos dados sobre as eleições pais do país para favorecer determinado candidato as eleições enfraquece a instituição política e democrática desestruturando as relações sociais, assim deve se manter as bases que sustenta o nosso pais , não permitindo que as redes sociais comandem a nossa mente e ações analisando todos os fatos e informações veiculados por ela.', 'Por tudo isso, o Estado como defensor dos princípios políticos e da ética deve impedir que a mídia propague mentiras que prejudique a honestidade das eleições pais causando conflitos políticos e sociais, assim sua postura deve ser criar órgãos de fiscalização que visa monitorar os conteúdos que entrar na internet, aprisionando os materiais suspeitos para que possam ser analisados.']",120,120,80,80,120,520
209,56,Atual sistema carcerário do Brasil,"['Na obra"" História da Loucura"" de Michel Foucault, retrata que os leprosos, os contaminados com doença venérea ,e os loucos são excluídos, estereotipados e sofrem com descaso da sociedade e das autoridades competentes que acabam não acreditando que a ressocialização seja possível, essa ideologia se aplica aos presos brasileiros que não recebem uma docilizarão corporal deixando ele supliciados e não aptos a reinserção no meio social, para a produção econômica.', 'O Brasil é o quarto país do mundo em número de presos e o único desses quatro em que o número só aumenta,número de detentos do país dobra em 10 anos e atinge 607 mil presos segundo dados do Ministério da Justiça . Ainda mais com a má infraestrutura na maioria das cadeias acaba gerando uma luta diária pela sobrevivência entre os presos, problemas como a superlotação e de deteorização das celas, falta de água potável e produtos de higiene, provam a falta de subsídio a integridade humana. D certo, esses tratamentos desumanos causa insatisfações dos presidiários gerando grandes revoltas  como o massacre de Carandiru ocorrido no Brasil em 2 de outubro de 1992, onde para conter essa rebelião a Polícia Militar do Estado de São Paulo interveio resultando assim na morte de 111 detentos.', 'Portanto o governo deve investir na infraestrutura, expandindo as cadeias a fim de evitar a superlotação, deve ser usado também caminhões de pipa para o fornecimento da água potável , pode também contar com ajuda de ONGs para financiar produtos de higiene para o uso pessoal, como também pode colocar em prática atividades esportivas e demais meios para a reinserção social dos presos. Assim resultando na possível melhoria dessa problemática situação.']",120,120,80,120,80,520
210,73,O Brasil é negro,"['Tantos se passaram e a discriminação racial ainda está presente em diversas partes do mundo. No Brasil, país com a maior população negra fora do continente africano, o preconceito e a falta de oportunidades evidenciam o pouco espaço que o negro ocupa nos setores das grandes profissões da sociedade.', 'Segundo a Pesquisa Nacional por Amostra de Domicílios (Pnad), realizada em 2014 pelo IBGE, 53% dos brasileiros se declararam como negros e pardos, um aumento de 5 pontos porcentuais em relação à mesma pesquisa realizada há dez anos.', 'Vários aspectos revelam a desigualdade existente entre os negros com relação às pessoas brancas, sejam eles econômicos ou sociais. Seus salários são mais baixos, a precariedade das condições de vida, as oportunidades de emprego são mais baixas, entre outros.', 'Dado o exposto, conclui-se que as instituições de ensino superior incluam em seus vestibulares a inclusão social através de cotas , assim o estudante negro terá outra possibilidade além do Enem e provas de instituições públicas. O governo deve elaborar projetos junto ao Ministério da educação e da cultura para realizar debates no combate ao preconceito nas salas de aula e também promover eventos sociais em que tenha como foco a cultura negra e a questão do racismo por meio de exposições, danças e teatro aberto ao público e gratuitos.', 'O Brasil precisa da educação,para que através dela se formem melhores cidadãos para um futuro onde o fenótipo de uma pessoa não seja motivo de discriminação. Como disse Nelson Mandela: ´´ A educação é a arma mais poderosa que você pode usar para mudar o mundo´´.']",120,80,80,120,120,520
211,77,homofobia uma questão da atualidade,"['A homofobia é um problema que atinge a sociedade e precisa ser discutido. O termo homofobia surgiu nos Estados Unidos na década de 70, esse termo faz referência as pessoas que são intolerantes, agressivos e preconceituosos com pessoas de orientação sexual diferente da sua.', 'Essas pessoas acreditam que um homossexual é alguém repugnante, se sentem no direito de agredi-los, humilha-los e exclui-los da sociedade. Porem devemos compreender que atos homofóbicos não se limitam a agressão, mas também há exclusão de vagas de emprego, transporte, escola e qualquer ambiente social .', 'Além disso, precisamos tomar consciência de que a pessoa não nasce homofóbica, e sim lhe são agregados esses valores através da convivência familiar e social. Tomemos como exemplo a falta de representatividade homossexual nos meios de comunicação, onde em novelas lhe são inseridos papéis em que são vistos como uma comédia, um palhaço .', 'Mas também existem movimentos que lutam contra esse tipo de violência, como o movimento LGBT, em que reúne Lésbicas, Gays, Bissexuais, Transexuais e outros onde através de protestos e manifestações tentam exigir seus direitos e combater o preconceito.', 'Concluindo a homofobia é um problema que ainda necessita de muita atenção e discussão, podemos lutar contra ela através da educação como palestras em escolas públicas tratando do assunto, em conjunto de uma proposta de uma lei que os proteja no ministério da justiça.']",120,120,80,120,80,520
213,62,,"['Um simples “click” podemos  se conectar com todo o mundo , a informatização está presente em todas as classes sociais principalmente através das redes sociais, uma ferramenta interativa propicia a auto divulgação, compartilhamento de informações e dentre outras funções. Com essa socialização abre-se caminho para dá voz a internautas de diversos locais, sobre inúmeros assuntos.', 'A cada dia está presente a intolerância virtual, pessoas que expressam suas opiniões se a devida precaução, com o intuito de denegrir ou generalizar a imagem de outrem.', 'Haters são uma espécie de críticos virtuais muitos conhecidos da internet , propagam um discurso intolerante e sensacionalista com o objetivo de angariar atenção ou uma fama momentânea, não preocupando-se com o que pode ocasionar a pessoa atingida.', 'Diante disso, medidas públicas  já vem sendo adotadas com o intuito de inibir e penalizar os praticantes dessa conduta, conhecida como cyberbullying . A conscientização por meio das mídias sócias e a exclusão desses propagadores seria uma medida muito plausível para os dias atuais.']",120,120,80,80,120,520
216,52,O problema de uma gravidez precoce,"['Comenta-se com frequência, a respeito da gravidez na adolescência, um caso visto na maior parte da sociedade como um problema de saúde, s vezes acontece por vontade própria, mas na maioria é indesejável.', 'O que parece ser algo frugal acaba se tornando complicado quando acontece de forma não desejável, trazendo consequências para a mãe e a criança, uma vez que a adolescente não está preparada fisicamente ou até mesmo psicologicamente.', 'Seria tão frequente essa situação por falta de informações?  Ainda convém lembrar que nenhum método contraceptivo é 100% eficaz, podendo citar como exemplo o caso que viralizou na internet, do bebê que nasceu com DIU enrolado na cabeça.', 'É assaz  o número de adolescentes que não completaram o ensino médio após uma gestação, dados afirmam que 35% de mulheres somente no nordeste, sendo assim a gravidez precoce estorva ainda mais a mulher no mercado de trabalho.', 'Fazse necessário que o governo faça campanhas para a prevenção de gravidez na adolescência, e promover palestras com base em informações para ajudar adolescentes  tomar decisões de forma consciente.']",120,120,80,120,80,520
221,70,Auto prevenção não custa nada,"[""Popularmente conhecidas como DTS's, são doenças que são adquiridas, na maioria das vezes, por relações sexuais sem uso da camisinha . Mas não são somente pelo contato sexual que são transmitidas, podem ser passadas através de beijos, compartilhamento de objetos pessoais e seringas, de mãe para o bebê durante o parto ou a gravidez, entre outros."", ""Desde décadas passadas que o número de jovens contraindo DST's é elevado. Muitos estão em um relacionamento ou fazem sexo casual sem saberem que os parceiros possuem tais doenças, ou até o portador não está ciente sobre isso o que dificulta ainda mais nesse processo."", 'As doenças venéreas, referente Vênus a deusa do amor na mitologia grega, vêm acompanhando os humanos desde os tempos antigos e não possui um ano específico para o aparecimento delas.', 'É estritamente necessário se prevenir e quem você se relaciona, sendo assim, sexo somente com o uso do preservativo e não esquecer de sempre manter seus exames em dia e que não deve compartilhar objetos de uso pessoal, como toalhas, roupas intimas, lâmina de babear, alicates de unhas, seringas, entre outros. Caso esteja com dúvidas  ir ao centro de saúde mais próximo onde o exame é gratuito.']",120,80,120,120,80,520
222,80,O combate contra o racismo no Brasil,"['O racismo no Brasil é um problema que deve ser combatido tanto pela sociedade como pelo governo. A herança histórica de escravidão, segregação racial e racismo, principalmente contra a população negra, deixa sequelas que são notadas até os dias atuais, evidenciando o fracasso da sociedade em alcançar uma democracia racial que colocasse o negro em condição indiferenciada aos demais.', 'Em primeiro lugar, vale ressaltar que o negro ainda é preso a novas formas de exploração que o impede  de ascender a uma condição melhor de vida. A marginalização e o preconceito refletem as  taxas de analfabetismo, de criminalidade e de mortalidade dos negros.', 'Em segundo lugar, vale lembrar que a lei brasileira define como crime atos de preconceito de raça ou de cor,  e até de religião. No entanto, são comuns casos de discriminação no dia a dia, como o caso da jornalista da Globo que recebeu mensagens de racismo nas redes sociais.', 'Sendo assim, é necessário que o governo atue em conjunto com a sociedade e com a iniciativa privada, seja promovendo ações afirmativas para corrigir desigualdades raciais presentes na sociedade, oferecendo igualdade de oportunidade e combatendo o preconceito e o racismo, seja punindo com maior rigor os crimes resultantes de discriminação.']",120,120,80,120,80,520
223,52,Problemas envolvidos com a gravidez na adolescência,"['A gravidez na adolescência, está ficando mais comum a cada dia que se passa, e em muitos casos de forma indesejada. Casos em que, principalmente garotas de 12 a 15 anos de idade são as principais “vítimas” dessa gravidez, de certa forma indesejada.', 'Especialistas no desenvolvimento humano e ciências biológicas afirmam que esse alto índice de gravidez na adolescência está ligado ao período em que, tal jovem, está passando por mudanças drásticas em seu corpo, e com isso surgem novos interesses, que movidos pela curiosidade acabam tendo relações sexuais é por descuido, ficam grávidas de forma indesejada.', 'Geralmente, quando há esse tipo de gravidez, a primeira coisa em que essa jovem pode pensar é o praticar o aborto. Na bíblia, há uma carta em que o apóstolo Paulo escreve que o que a pessoa semear, isso também colherá, ou seja, se a pessoa não tomou os devidos cuidados ao se relacionar sexualmente, quando vir tais consequências, não há o que pode ser feito.', 'Considerando esses fatos, pode-se observar o quão é o grande descuido da população, em especial os jovens, com respeito a esse fato. Um fato que pode diminuir esse número de gravidez indesejada, é por meio de uma educação melhor por parte de órgãos de ensino do governo e a conscientização ao uso de métodos anticoncepcionais, é um apelo maior ao uso de preservativos, dentre outros.']",120,120,80,120,80,520
225,70,Responsabilidade,"['A responsabilidade é a palavra chave para resolver qualquer impasse na vida. Com as DSTs não seria diferente. O aumento das doenças sexualmente transmissíveis no Brasil entre jovens é a consequência disso. O mundo inteiro vive a era digital, da informação rápida, do imediatismo, logo, não se pode afirmar que é culpa do governo, da escola, da família ou da sociedade como um todo. E tirar do debate a noção de responsabilidade de cada um, com seu corpo, sua vida e sua moral. E muito, além disso, com o próximo.', 'O governo brasileiro faz a sua parte muito bem feita nesta área, nos postos de saúde distribuem preservativos, pílulas ante- concepcional e profissionais da saúde treinados para ajudar qualquer cidadão que queira ter uma vida sexual segura e feliz, sem risco com sua saúde nem com a saúde do parceiro . As escolas também fazem palestras e esclarecimentos desse tema. A T,  rádio, os jornais e a internet também sempre estão por força do governo federal falando e alertando a população sobre as DSTs.', 'As escolas públicas e privadas vacinam meninos e meninas com idade entre 11 e 15 anos contra o vírus HPV que é transmitido pelo ato sexual e pode causar câncer do colo do útero muito comum em mulheres brasileiras. Infelizmente, mesmo com todas as informações e propagandas para combater o vírus da AIDS que é a mais terrível de todas as DSTs, ela ainda é crescente, o número de infectados entre 15 e 19 anos aumentou 187 % , segundo o Ministério da saúde. O maior inimigo do ser humano não é a doença, é a estupidez! Contra ela não há nem preservativos nem vacinas. Só a dor.', 'Todo ser humano busca encontrar a felicidade da maneira possível, é muito mais inteligente buscar de forma responsável sem risco e sem dor para si e para o outro . Cada um tem que ter a noção da responsabilidade individual de seus atos. Afinal, é seu corpo, sua vida, sua saúde e a de quem você ama. Com o simples hábito de usar camisinha. A ciência ajudou a humanidade, agora falta os humanos se ajudarem. Com o uso do preservativo, higiene pessoal e visita anual ao médico, é possível ter uma vida sexual tranquila, saudável, feliz e longeva. Com esses cuidados se combate as DSTS, gravidez indesejada e até a morte. Vontade de fazer sexo dá e passa. Sem segurança não faça sexo, faça planos de ter uma saúde perfeita.']",120,120,120,120,40,520
228,54,,"['A vacinação é a melhor forma de prevenir uma doença, e sem ela a população está ficando ainda mais suscetível, tanto a novas doenças quanto aquelas que já foram erradicadas e voltaram a aparecer. Isso acontece devido a falta de conscientização da população e de investimento na sua produção.', 'Em princípio, a atual população brasileira está descrente na real utilidade das vacinas, sobretudo daquelas feitas para previnir mazelas que já foram erradicadas. Logo, deixam de se vacinar, por falta de informação. Tal descreça, pode se comparar com a revolta da vacina de 1904, onde o povo se revoltou com as vacinações não justificadas.', 'Todavia, os grandes cortes feitos na saúde não é novidade, tanto que novos cientistas buscam vagas em faculdades do exterior. Com isso, a produção de vacinas também caíu, deixando as mães muito preocupadas com o bemestar do seu filho.', 'Sendo assim, para armeniar esse imbróglio se faz necessário que o governo invista na saúde de modo que toda população tenha acesso e direito a vacinação. Além de propor campanhas de vacinação por meio da internet e televisão, alertando a população do perigo causado devido  ausência da vacinação. Enquanto isso não acontece mais pessoas continuarão adoentado.']",120,120,80,120,80,520
230,57,Democratização do acesso ao cinema no Brasil,"['Atenas, considerada uma das cidades-estado mais famosas na história da Grécia antiga, foi o cerne para o incio da representação cineasta no mundo, já que o teatro e a forte influência cultural da época corroboraram para o surgimento das primeiras manifestações artísticas e o grande público alcançado ao longo do tempo. No entanto, em paralelo a realidade atual, percebe-se que o acesso ao cinema no Brasil tem ganhado grande atenção, pois, se por um lado existem benefícios no que tange ao avanço das plataformas digitais proporcionados para a exibição dos filmes, por outro, rendem para o crescimento econômico do país. Assim, cabe a análise acerca de causas, consequências e possíveis soluções para o problema.', 'Inicialmente, é relevante entender os motivos que levam a compreender a importância da produção do cinema na sociedade brasileira. Durante o regime militar em 1964, a censura foi a principal barreira que impedia com que artistas expressassem críticas contrárias ou exibissem conteúdos inapropriados para tal ocasião, controlando assim, a exposição midiática. Entretanto, os filmes tem o intuito de trazer entreterimento a população e ao mesmo tempo, retratar críticas voltadas a questões sociais, mas, a exposição constante tem causado impactos negativos, fomentando para várias apologias. Dessa forma, é viável que a liberdade de expressão seja imposta adequadamente e que não cause futuros impactos na sociedade.', 'Além disso, vale ressaltar também que quando ocorre o lançamento de filmes que batem recordes de público, aumentam não somente as chances de propagação e valorização da cultura brasileira, como favorecem para o crescimento da economia do país. A Ancine (Agência Nacional do Cinema), para produzir grandes sucessos, é necessário que hajam parcerias, e principalmente, recursos para a propagação do trabalho, ou seja, é um exemplo de produção audiovisual no Brasil . Destarte, é importante que o governo possa investir na projeção de filmes que garantam expandir a formação do povo brasileiro, através da diversidade.', 'Fica evidente, portanto, os fatores que contribuem para o acesso ao cinema no Brasil e as revoluções geradas de forma paulatina . É mister que o Governo Federal, orgão de maior relevância na sociedade, em parceria com a Ancine, realizem projetos que possam levar as produções de cinema com total acessibilidade para escolas, praças e até mesmo, em comunidades carentes, onde há ausência de locais para a exibição de filmes, garantindo o desenvolvimento sociocultural e econômico do país. Assim, com essas medidas, dever-se-á garantir grandes repertórios e valores, como a sociedade ateniense determinou.']",120,120,80,120,80,520
232,64,Educação Sexual,"['Em pleno século XXI o sexo ainda é um tabu para muitos, e vem gerando discussões sobre o que é correto ou errado, porém sabemos que a nossa  população de forma geral não está preparada para orientar seus filhos e deve caber ao Estado esse papel, através da escola.', 'A educação sexual  deve começar a ser ensinada de acordo com a idade da criança, por certo ao ter acesso ao conteúdo adequado uma criança pode se defender ou informar a um adulto de confiança que se sente desconfortável com “tal pessoa” , o abuso infantil existe e não é certo fechar os olhos para isso, uma criança deve saber que determinado “toques e carinhos” são inadequados e ela não precisa aceitar.', 'Assim ao longo do desenvolvimento da criança devese desenvolver o conteúdo da educação sexual, pois é certo que muitos adolescentes começam precocemente suas relações e é de grande importância saberem se proteger e prevenir as doenças e gravidez, assim como dizer não caso não queiram , é necessário orientar esse adolescentes para que se tenham um vida sexual com responsabilidade  prazer, mas também saibam que não obrigados a terem ela na sua adolescência e sim quando for conveniente.', 'É papel de a escola fornecer acesso à educação sexual, pois nossos  jovens precisam de orientação de qualidade e informações que venham a enriquece-los e dar-lhes segurança e nem sempre seus responsáveis estão aptos a isso.']",120,120,80,120,80,520
235,55,Cultura Brasileira,"['Se formos reparar o nosso passado, iamos se dar conta,  que quando os portuguêses invadiram o brasil, para alguns foram uma tima descoberta, j para outros se iniciava o caos do seu povo, a exclusão social, a retirada de seus hábitos e costumes que aos olhos de portuguses era desnecessrio.', 'Na maioria das vezes discutir o que e certo ou errado  muito difícil, vária da questão de perspectiva, sendo assim seriamos mais hábitos a falar sobre a questão da justiça , onde você invade um lugar qual você não foi convidado que no momento principal pode lhe parecer um lugar onde tem muitas riquezas e rico em recursos naturais, porém para outras pessoas, era simplesmente o lugar da sua moradia, e do seu lazer onde não compactuava com nenhum dos interesses do homem.', 'Cultura, e algo que deviamos dar mais valor e respeito, onde  a pessoa que se fantasia de índio esta totalmente equivocada ao meu ponto de vista, e uma falta de respeito, você usar roupas semelhantes em uma data que nos homens determinamos que ia ser um momento de descontração, pegar e falar que e uma fantasia, sendo que eles se vestem assim no dia a dia deles, não e algo para você pegar e usar assim, se você não faz parte da cultura, não sabe nada sobre seus hábitos nem costumes para você invadir tanto os espaços deles.', 'O certo seria a gente devolver todos os direitos que lhe foram tirados a força, dando lhe direito a educação, saúde e lazer, possibilitando que ele tem uma vida mais acessível a cidade, e também parando de desmatar e destruir os lugares onde eles habitám, com isso iamos nos redimir um pouco do caos que fizemos com esse povo, isso também demostraria que temos um respeito pela cultura deles, e também as valorizamos.', 'A questão e a demora com que isso e feito , devemos  isso aos indgenas e s vamos  adiando as coisas , o Brasil  um país mestiço, o que significa que temos muita diversidade cultural aqui , por tanto deveriamos dar valor a todas elas e aprender ao maximo com elas, e no zombar e nem denominar um povo inferior pelo seus hábitos e costumes, e como se fossemos uma arvore e a cultura nossas raizes, quanto mais tivemos melhor ser para nós mesmos']",120,120,80,120,80,520
240,58,Desflorestação e ardência na Amazônia,"['É notório que a Floresta Amazônica é um tema que gera inúmeras divergências e conflitos de interesses hoje em dia, principalmente em relação a preservação do meio ambiente. Dentre todos os aspectos, vem se destacado o desmatamento desenfreado e o grande número de focos de incêndios, consideravelmente maior que nos três anos anteriores.', 'Cabe mencionar o desmatamento, pois o homem com suas atitudes inconsequentes, busca apenas o lucro financeiro, ignorando o perigo da escassez de vegetação para a qualidade do ar, do solo e da biodiversidade do país. Diante disso, ocorre a devastação dos recursos naturais, a erosão do solo, morte e extinção de espécies da fauna.', 'Por oportuno, merecem ênfase as queimadas que ocorrem com a justificativa de limpar o solo, para assim torná-lo apto a outras atividades. Entretanto, tal prática tende a ser maléfica, causando impactos irreversíveis ao meio-ambiente e aos moradores dos arredores, incluindo aumento dos casos de doenças respiratórias e fragilização do solo.', 'Feitas as reflexões, percebe-se que o desmatamento e as queimadas na Amazônia causam danos severos, e é de suma importância reduzi-los ao máximo. Desta forma, é necessário a criação e implante de medidas legais com objetivo de resguardar a maior floresta tropical do planeta.']",120,120,80,120,80,520
248,55,,"['Desde o século XXI, com a efetiva vinda dos portugueses para o Brasil, foi iniciada uma grande exploração e desvalorização do índio. Desse modo, percebe-se que, no Brasil, eles enfrentam problemas não apenas com o preconceito populacional, más também a ineficiência de leis que garantem direitos iguais a todos os indivíduos. Nessa perspectiva, esses desafios devem ser superados de imediato para que uma sociedade integrada seja alcançada.', 'Em primeira análise, cabe pontuar que o frágil conhecimento da sociedade a respeito de costumes e cultura indígena atenua essa problemática. Uma prova de como a instrução popular é importante para reverter esse preconceito está na frase de Paulo Freire: ""Se a educação sozinha não transforma a sociedade, sem ela tampouco a sociedade muda"". Dessa forma, percebe-se que um dos caminhos para diminuir a discriminação contra os índios, é ampliar a educação, resultando no menor desconhecimento das diferenças existentes no país.', 'Faz-se mister ainda, salientar a negligência governamental como impulsionador do problema. De acordo com Zygmunt Bauman, sociólogo polonês, a falta de solidez nas relações sociais, políticas e econômicas é a característica da ""modernidade líquida"" vivida no século XXI. Diante do exposto, o desenvolvimento de políticas públicas que assegurem direitos iguais a todos os cidadãos é fundamental.', 'Portanto, é imprescindível que os brasileiros reconheçam que se deve respeitar os diferentes povos, a fim de que o direito de todos sejam valorizados. Isso pode ser realizado por meio da mídia em parceria com ONGs , fazendo campanhas para conscientizar a população. Além disso, é essencial que o governo amplie a divulgação das leis nacionais, por meio de propagandas televisivas em canais abertos, a fim de que os cidadãos reconheçam que é fundamental valorizar os povos indígenas e como é errado violar os direitos desses indivíduos.']",120,120,80,120,80,520
256,55,O valor e os direitos dos povos indígenas brasileiros.,"['Desde a época da colonização portuguesa, os povos indígenas oriundos do Brasil vem sendo dizimados ao longo das décadas, no passado atrás do genocídio causado pelo homem branco e na modernidade pela exclusão de seus direitos e tomada de suas terras.', 'Estes povos foram os primeiros habitantes do Brasil sendo de primordial influncia para as origens do país que conhecemos hoje, sendo que existem aspectos culturais dos povos indígenas presente em nosso idioma, na culinária e muitos outras expressões da identidade cultural brasileira.', 'A Constituição Federal, em teoria, garante aos povos indígenas a demarcação de suas terras, entretanto sabe-se que essas terras são muito lucrativas para produtores agropecuários entre outros que podem se beneficiar dessas terras, portanto muitas vezes estas terras são invadidas e tiradas de seus povos causando uma migração para o meio urbano, onde acabam por ocupar lugares nas periferias e serem vitimas de um preconceito desenfreado e acarretam perda de uma cultura rica originaria do Brasil.', 'Além disso vale citar as práticas indígenas em suas terras que em geral são respeitosas para o meio ambiente, contribuindo para um equilíbrio ecológico e uma preservação da fauna brasileira que não ocorre no meio urbano e agropecuário.', 'Portanto, diante dos argumentos supracitados, a identidade indígena merece e deve ser respeitada por meio de políticas mais rígidas que assegurem os direitos dos povos e da preservação de suas terras em prol da identidade cultural do país, do equilíbrio ecológico entre outras questões. Outra forma de garantir estes direitos seria um maior investimento na Fundação Nacional do Índio (FUNAI).']",120,120,80,120,80,520
267,6,Recentemente acompanhamos a grande repercussão,"['Recentemente Recentemente, acompanhamos a grande repercussão sobre a questão de da preservação da Amazônia, que foi questionada perante os devido aos grandes incêndios que assolaram a região. Diante disto, Emmanuel Macrom Macron, presidente francês, propôs algo que poderia ajudar: que a região amazônica passasse a ser internacional.', 'Mas como isso auxiliaria? Fácil, todos os países poderiam proteger a floresta de qualquer decisão prejudicial à a ela tomada pelo governo brasileiro. Mas isso implicaria também na a exploração desses, já que o Brasil perderia a soberania.', 'Num primeiro momento momento, a ideia parece boa, pois ""garantiria"" o cuidado com este esse bem tão precioso. Mas, pensando um pouco, a área ficaria sob controle de quem? Não causaria certo caos entregar uma parte tão importante de nosso país á a nações tão diferentes e com interesses tão distintos distintos, o que poderia causar ainda mais exploração? Não seria melhor chegar a uma ""solução nacional""? Uma solução nossa, para resolver aquilo que está acontecendo no nosso país. país?', 'Conseguinte a tudo isso Por conseguinte, caberia ao Governo Federal e ao Ministério do Meio Ambiente estabelecer leis severas sobre a preservação e reflorestamento da área região amazônica, garantindo a sustentabilidade e o domínio brasileiro sobre a ""nossa casa"".']",120,120,120,120,80,560
268,72,Notícia falsa pode nos manipular?,"['Vivemos em um tempo em que a internet é essencial em nossas vidas. Sem dúvidas a internet nos ajuda em muitas coisas, como estudar, comunicar-se e até mesmo pesquisar notícias sobre o que tem dúvidas, mas será mesmo que todas noticias são verdadeiras? E como saber se é ou não uma notícia falsa?', 'Recentemente à muitos casos de notícias falsas no Brasil refente  politica. E muitas delas são criadas ao intuito de manipular ou denegrir a imagem dos políticos. Algumas são criadas para que, haja debates ou discussões, na intenção de beneficiar-se em meios políticos ou financeiros. Normalmente, as inverdades são direcionadas as pessoas atualmente em mídia, como no momento o ex- presidente Lula, Presidente Michel Temer, Juiz Sérgio Moro.', 'Em virtude dos fatos mencionados, como saber se à verdade ou um boato? Podemos nos prevenir ao checar a credibilidade do site, do auto, ficar atendo a data da publicação, observa postagem em referencia e também não acreditar em tudo que seus amigos e familiares falam .']",120,120,120,120,80,560
273,68,Valorização do patrimônio histórico brasileiro.,"['A história é uma ciência que averigua o que os homens fizeram, pensaram e sentiram ao decorrer do tempo, que é importante para que possamos  entender o presente e até o futuro. Bens desenvolvidos por sociedades, o chamado patrimônio histórico, é de suma importância para estudar esta ciência, logo a população brasileira deve ter o devido contato com esses bens, e o Estado deve preservá-los.', 'Aproximadamente 70% da população brasileira nunca foram a museus ou centro culturais, é o que mostra a pesquisa feita pelo Instituto de Pesquisa Econômica Aplicada (IPEA), ou seja, mais da metade da população não frequenta esses locais e não tem acesso a parte do nosso  patrimônio histórico cultural. A maioria destes locais tem entrada gratuita e mesmo assim a maior parte dos cidadãos não os visita, faltam incentivos.', 'Além do problema que atividades culturais não alcançam a maior parte da população, existe outro, o descaso com o nosso patrimônio publico cultural, ocasionado pela crise que se instalou em nosso país, falta dinheiro para conservação. Museus pegando fogo, prédios históricos sendo vendidos apenas pelo preço do terreno, bibliotecas cheias de traças e cupins são apenas alguns exemplos da falta de preservação.', 'Em virtude do que foi mencionado , o patrimônio histórico é extremamente importante, através dele conhecemos  a história e tudo que a envolve. Por isso é imprescindível que toda a população conheça e dê a devida importância a esse conjunto de manifestações, para isso o Ministério da Cultura e da Educação deve estimular professores a darem aulas fora da sala, levando alunos a esses centros, para que cada vez mais pessoas os conheçam. Em consonância com isso, o Estado deve investir mais dinheiro na conservação e intensificar o número de propagandas que mostram a importância do patrimônio histórico brasileiro.']",120,160,120,160,0,560
278,81,Pensamento Alienado,"['religiosa, no Brasil,   que foram escravizados e impedidos por lei de manifestarem seus costumes religiosos,   na época do Brasil Colônia. E é nesse âmbito que, até hoje, eles são os que mais sofrem discriminação religiosa, como se já não bastasse o preconceito racial.', 'A televisão é um grande veiculador de informação que  pode criar um entendimento que muitas vezes pode remeter à ignorância religiosa. Notícias do Estado Islâmico e a extrema violência do Oriente pode  gerar nas pessoas um pensamento generalizado de que todo Islâmico é violento e agressivo, como foi o caso  ? nos Estados Unidos  ? em que muitos foram atacados física e verbalmente em razão dessa falsa ideia. Todo esse preconceito em relação a  religião é fruto do desconhecimento sobre religião. O Islamismo, por exemplo, possui várias vertentes e nem todas são ligadas ao extremismo e violência, como é mostrado pela televisão. E isso se aplica a várias outras religiões que são discriminadas justamente devido à insipiência religiosa.', 'Portanto, como disse o filósofo Pitágoras: “Educai as crianças e não será preciso punir os homens”. E é nessa vertente que se baseia a solução de toda essa incompreensão do desconhecido. Cabe aos pais e à escola oferecem  o conhecimento adequado sobre religião em geral, promovendo assim o respeito com todo tipo de religião.']",120,80,120,120,120,560
281,59,Fome,"['Desde o iluminismo, entende-se que uma sociedade que propéra, é uma sociedade que se preocupa com o problema do próximo. No Brasil esse ideal consta na teoria, mas não na pratica, um reflexo disso é a má distribuição de renda, enquanto uns acumulam fortunas, outros não conseguem nem o suficiente para se alimentar . Nessa perspectiva, esses desafios devem ser superados de imediato para que uma sociedade mais integrada seja alcançada.', 'Hodiernamente, seria racional acreditar que, ocupando a nona posição na economia mundial, o Brasil não sofreria com este problema. Mas a realidade é justamente o oposto. Segundo o portal de notícias G1, só em Fortaleza existem cerca de 204.177 famílias na extrema pobreza. Diante do exposto é lamentável a postura do estado,  que não promove políticas visando mudar a realidade desta parcela da população.', 'Faz-se mister, ainda salientar o sistema no qual estamos  inseridos, o capitalismo, como impulsionador do problema. Segundo Zygmunt Bauman, sociólogo polonês, a falta de solidez nas relações sociais, políticas e economicas é característica da ""modernidade liquida"" vivida no século XXI. Nesse contexto, o acúmulo de riquezas se torna possível , consequentemente ampliando a desigualdade, além de promover o individualismo e a falta de empatia com quem passa por alguma necessidade.', 'Infere-se, portanto, que ainda há entraves na construção de políticas que busquem um mundo melhor. Dessa forma, urge que o estado, por meio de reformas, promova políticas de redistribuição de renda, estipulando um teto salarial geral, para qualquer profissão, assim os efeitos do capitalismo podem ser amenizados. Dessa maneira, o Brasil pode superar a fome e desigualdade.']",120,160,120,120,40,560
283,59,Política,"['A Declaração Universal de Diretos Humanos determina em seu Artigo 25, entre outros princípios, que toda pessoa “tem direito a um padrão de vida capaz de assegurar a si e a sua família saúde e bem estar, inclusive alimentação, vestuário, habitação, cuidados médicos e os serviços sociais indispensáveis”. No entanto hodiernamente no Brasil, esses direitos na prática estão bem longe da realidade.', 'Além disso no Artigo 6 da Constituição da República Federativa do Brasil, temos a lei: “são direitos sociais a educação, a saúde, a alimentação, o trabalho, a moradia, o transporte, o lazer, a segurança...”. Mas a realidade contradiz a constituição, porque temos tido políticos que não agiram de maneira consciente pelo interesse público, mas sim pelo interesse que manda seu próprio bolso e sua ganância, causando assim um buraco na economia, que acaba pagando o pobre com a fome e a miséria. Este fato pode-se comprovar pelas decorrentes prisões de políticos que tem desviado milhões e milhões de dinheiro para seu bolso.', 'Ademais a democracia não existe no Brasil. Não carece de grandes pesquisas para comprovar, se vê notoriamente, com a grande e gritante desigualdade social, basta sair na ruas; ir nos hospitais públicos e deparar-se com o cenário horripilante e precário, nada similar a um particular; ir nas escolas públicas e se esbarrar com o nível baixo, desprezível, nada comparável com a escola particular. Isso, porque sempre tivemos um governo que favorece a classe alta e menospreza a baixa. O ideal político de todo brasileiro tem que configurar-se com o de Albert Einstein: “o meu ideal político é a democracia, para que todo o homem seja respeitado como indivíduo e nenhum venerado”.', 'Dessa forma, pode-se concluir, que a principal causa da fome e desigualdade brasileira, nesse interim, são as fraudes políticas, o favorecimento a classe alta,  e, a falta de uma boa educação, assim como diz o Padre Antônio Vieira: “a boa educação é moeda de ouro. Em toda parte tem valor”. Logo o governo deve investir em uma boa educação, a qual forme pessoas críticas capazes de conhecer e cobrar seus própios direitos. Quanto as fraudes políticas, a lei deve ser mais rígida e readquirir todo dinheiro defraudado. Com uma ótima educação se destruirá o monstro da fome, e da desigualdade social que se alimenta da inoscência do povo.']",120,120,120,120,80,560
284,46,Violação aos direitos humanos,"['Muitas cidades brasileiras , sofrem com a falta de saneamento básico ,no que deveria ser obrigação dos governantes, oferecer um serviço de qualidade á população .Caso a privatização ocorra certamente não haverá melhora no serviço ,pois o interesse financeiro impedirá investimentos na área', 'A privatização do saneamento básico será uma forma de aumentar os lucros das partes interessadas e diminuir investimentos em melhora da qualidade do serviço. Por outro lado pessoas menos favorecidas ficam  mercê do capitalismo.', 'Para que haja garantia que haverá benefícios população, seria necessário que as discussões sobre o assunto fossem ampliada a todos,. No entanto as únicas partes a serem ouvidas são as do capitalismo ,que tem interesse em ganhar cada vez mais sem oferecer benefícios. Dessa forma OS direitos humanos , ficam em segundo planos e o vencedor será o capitalismo.']",120,120,120,120,80,560
286,58,Floresta não será folclore,"['A partir século XVIII, com o advento da Revolução Industrial, um grande número de áreas florestais foi devastada no mundo visando ao estabelecimento de indústrias e habitações. O processo de urbanização, responsável pela atenuação dos territórios florestais, mostrou-se prejudicial à biosfera, sendo o recrudescimento de problemas ambientais um exemplo disso. A preservação da floresta amazônica, um dos biomas que contém mais biodiversidade no planeta, faz-se necessária não apenas por seu papel na contenção dessas problemáticas, como também por ser um habitat natural para diversas espécies animais.', 'O aumento da presença de gases intensificadores do efeito estufa na atmosfera, ocasionado por ações antrópicas, mostra-se uma das problemáticas da sociedade contemporânea, tendo em vista o aumento da temperatura global gerado por tal fenômeno. O dióxido de carbono (CO2), um desses gases, é consumido por plantas no processo de fotossíntese, o que exprime a importância da preservação dessas na redução de intempéries climáticas, como o aquecimento global. Logo, para que a temperatura do planeta permaneça estável e, por conseguinte, a biosfera tenha condições de subsistir, é necessário que ocorra a proteção da Amazônia.', 'Além disso, esse bioma é de extrema importância na manutenção do equilíbrio ecológico, uma vez que abriga grande diversidade de vida animal. Este conjunto, entretanto, é ameaçado quando a incidência de queimadas, como as ocorridas em agosto de 2019, aumenta na floresta, ocasionando a migração e morte de espécies nativas da região, as quais fomentam desequilíbrios ecológicos que, direta ou indiretamente, afetam a humanidade, uma vez que a cadeia alimentar detém relativa importância para a subsistência de alguns povos, como as populações ribeirinhas. Assim, é corroborada a tese da imprescindibilidade de preservação da Amazônia para a manutenção da estabilidade ecológica.', 'A floresta amazônica deve, assim, ser protegida. O reflorestamento de áreas devastadas dever ser providenciado por projetos do Ministério do Meio Ambiente, tendo em vista a importâncias dessas na atenuação de problemáticas ambientais. Estudos sobre o comportamento da cadeia alimentar da região, que analisem notificações de avistamento de animas fora de suas áreas de habitação, por exemplo, são necessários, visando verificação do impacto das ações antrópicas na região  e criação, com base em dados oriundos de tais pesquisas, de políticas  ambientais mais eficientes.']",120,120,80,120,120,560
294,65,A criminalidade fraca e resolvida,"['A criminalidade não ocorre apenas no Brasil, no entanto os índices aqui são terríveis , por exemplo, homicídio é o pior de todos os crimes pois o maior bem é a vida , e contudo, morrem mais pessoas aqui do que nos países em guerra, portanto os caminhos para combater a criminalidade são penas,  se não forem mais pesadas , ao menos sejam cumpridas, porque toda a criminalidade hodierna, sem dúvidas, é fruto da impunidade.', 'No que se refere aos dados apenas dos homicídios de policiais, temos  no ano de 2018 mais de 104 policiais mortos só no Rio de Janeiro, então nota-se a situação caótica, a partir do momento em que aqueles que tem a função de evitar o crime estão sendo vítimas dele . Que se dirá então da população frágil? Com isso, além das leis rígidas é preciso também de uma população independente e forte. Aliás, no que tange as leis, como diz um dos maiores juristas brasileiros, Miguel Reale , não é o nível da pena que evita o crime, mas a certeza de que a lei será cumprida.', 'O que acontece na verdade é que no Brasil a impunidade anda livre pelas praças e grita viva, pois as leis que deveriam punir os criminosos tem dado carta de alforria , habeas corpus para indivíduos que se aproveitam cada vez mais. O crime no Brasil compensa e isso se tornou proveitoso para os bandidos . Um exemplo dessas leis é a lei do ""bolsa bandido"" mais conhecido como auxilio reclusão, o indivduo vai preso e a família ainda tem direito a ""pensão"", talvez seja por isso que tantos criminosos tem smartphones na cadeia melhores que muitos cidadãos trabalhadores.', 'Outros fatores são as visitas íntimas, as atenuantes, semiaberto , saídas nos feriados. Quer dizer , o presídio deixou de ser um lugar de punição do estado para se tornar um clube. Esses são apenas alguns direitos de uma infinidade de outros.', 'Por tudo que foi exposto da situação de criminalidade do Brasil , fica evidente que é preciso solucionar os problemas da impunidade com leis no mínimo sérias, quem quer ver o pai no dia dos pais que não seja patricida como Suzana Von Ristoff e que a justiça  além de mudar as leis e acabar com a impunidade possa garantir nas cadeias que os bandidos não usem celulares de tipo nenhum . Ademais, que o ministério da segurança garanta a população o porte de armas com todos os cuidados e cursos necessários, pois uma lei forte e uma população forte é uma criminalidade fraca e resolvida.']",120,120,80,120,120,560
295,76,Direitos e lutas,"['Ao longo dos anos, a mulher vem deixando de ser submissa ao homem e tornando-se independente. Como já visto em muitos livros de história ou até mesmo em literaturas de estilos antigos, como ""O Guarani"", a mulher deixou da dependência do pai ou do marido para afazeres, não só domésticos, como também, dentro de empresas . Conquistaram direito ao voto, empregos que antes eram somente destinados a homens, como até mesmo, a presidência de uma república, como nunca visto antes.', 'Já descrito visivelmente na sociedade, ela tem se igualado em cargos que somente dedicados a homens eram; mas há, nesse caso, uma grande controvérsia: enquanto o homem, nesse mesmo cargo, ganha um alto valor salarial, a mulher, por sua vez, não ganha, muitas vezes, dois terços do mesmo valor. Isso, além de mostrar uma grande arrogância com a mulher que,  expõe-a somente de fachada, é uma volta às décadas passadas.', 'Nas casas, em muitas podemos dizer, a mulher ainda cuida somente dos afazeres domésticos e de seus filhos, vezes por obrigação, vezes por escolha. O grande erro que vemos é que a sociedade ainda não aceita isso como um trabalho; para muitos homens, isso é somente um passatempo, sem saber o quão árduo, podemos dizer, é esse trabalho. Já, parte de pessoas do gênero masculino ajudam nos afazeres na casa.', 'Muitos grupos lutam por direitos das mulheres, mas acabam exaltando-se no jeito em que pedem isso; e, acaba assim, passando uma mensagem de estupidez à sociedade. Hoje, há a escandalização dessa luta. Lutar por seus direitos não é atacar símbolos e causar destruição, muito menos, andar nu. Lutar por seus direitos é usar de inteligência e estratégia para ganhar. Um grande desafio, ainda que, não deveria ser.']",120,120,120,120,80,560
315,73,De D. Pedro II à Tv,"['O preconceito sempre existiu! Basta estudar um pouco de história para perceber que os negros sempre foram sinônimos de mão de obra e, por sua vez, não eram recompensados pelos esforços oferecidos à população. E quando achavam que a situação melhoraria, percebiam que haviam sido enganados.', 'Em primeiro lugar, o Brasil demorou muito para abolir a escravidão. A Inglaterra previonava-o no século XVIII e XIX devido seu processo de industrialização e queria aumentar o público consumidor em todo o mundo e como o escravo não tinha dinheiro ele não podia comprar os produtos ingleses. O Brasil deveria ter abolido a escravidão neste período, porém foi criando leis principalmente no II Reinado, como a Lei do Ventre Livre, Lei Eusébio de Queiroz e Lei dps Sexagenários.', 'No entanto, essas leis eram ineficazes, pois, respectivamente, as crianças consideradas livres continuavam com suas mães trabalhando . A proibição do tráfico fez com que os escravos fossem mais caros. E por fim, nenhum escravo chegava aos 60 anos. Quando hove a abolição em 1888 o Estado não ofereceu suporte para essas pessoas e ninguém queria contratar ex escravos, fazendo com que eles continuassem sem teto e alimento.', 'Atualmente  é possível observar os negros  enfrentando tantas dificuldades quanto os seus antepassados. Dificuldades para arranjar emprego, criticas em relação a cotas nas universidades, pois muitos falam que elas tiram a vaga de alguém, provavelmente um branco, além de apelidos ofensivos em referência a cor da pele.', 'Portanto, é preciso que principalmente a mídia ajude a diminuir o preconceito até que ele não eista mais. Por que não colocar o galã da ""novela das 9"" como sendo uma pessoa negra e não o classico loirinho de olhos claros? Por que acostumar as pessoas a ver somente brancos quando na verdade a maior parte da população é negra? Quando as pessoas refletirem sobre essas perguntas haverá um país com mais respeito. E as escolas com auxílio do Ministério da Educação devem ensinar que todos são iguais e que a cor não define a capacidade  ninguém.']",120,120,120,120,80,560
316,52,Informação,"['Após inúmeras tentativas de mudanças, vive-se hoje, uma Era de aceitação e quebra de tabus. Certamente, a constante evolução humana contribui para que isso aconteça. Há, porém, uma certa relutância quando se trata do futuro dos jovens, como exemplo, quando ocorre a gravidez precoce.', 'No Brasil, um país capitalista, o preconceito ainda é presente. A população vê a gravidez como algo indesejável, talvez até como o fim de um futuro esplêndido aos pais adolescentes, principalmente a futura mãe, ainda que, muitas vezes, está cursando o colegial . Há ainda, aqueles que vêem a situação sendo prejudicial a economia do país, já que, a adolescente não seguiria carreira e, consequentemente, não contribuiria para o desenvolvimento do setor econômico.', 'Embora, a gravidez seja vista como algo que afete a economia e seja um risco a saúde da mulher, muitas adolescentes desejam constituir famílias precocemente. Contudo, há a necessidade do consentimento e do preparo do casal, uma vez que,  a gravidez indesejada traz consequências como o abandono do recém-nascido e também,  o aborto, muitas vezes, feito em clínicas clandestinas trazendo riscos a vida da menina.', 'Entretanto, a ministra da Mulher, Damares, busca recursos para incentivar mulheres a terem a primeira relação sexual tardia, uma vez que, diminuiria a quantidade de jovens grávidas, já que, estariam mais seguras do que querem e buscariam auxílio de especialistas capazes de dar todo respaldo necessário.', 'Portanto, independente da idade que comece as primeiras relações, deve-se ter consentimento sobre o ato e suas consequências, ter cuidados não só para uma gravidez indesejada, mas principalmente, sobre as doenças sexualmente transmissíveis, uma vez que, em sua maioria, são consequências de uma vida toda. Distribuição de preservativos e anticoncepicionais ajudam, mas a desinformação faz com que, sejam usados de maneira incorreta . A necessidade de mais campanhas informativas falando sobre o tema através de meios de comunicação, ajudariam a ter maior número de pessoas conscientes. Além disso, provavelmente uma reforma no sistema educacional, advinda do governo, voltada em temas tabus do cotidiano, diminuiria a quantidade de adolescentes leigos no assunto.']",120,160,80,120,80,560
317,40,Relação beleza e saúde,"['É preciso, inicialmente, observar, que a sociedade busca um corpo perfeito devido os padrões estabelecidos pela média , que exibe mulheres em plena forma física que gastam a maior parte dos seus salários com produtos de beleza, roupas e sapatos virando consumistas. Não se pode esquecer, do exagero no qual as famosas se submetem, rostos são deformados, aplicações de produtos por todo o corpo, como no caso da modelo Andressa Urach que fez a aplicação de uma substancia chama hidrogel nas coxas e após 5 anos causou uma serie de problemas, antes o que era para dar volumes em suas pernas, causou manchas e dores, ela teve que passar por várias cirurgias para a retirada do produto e seu estado de saúde ficou delicado, após muitos tratamentos a modelo se recuperou. Deve-se frisas , por outro lado, que se cuida e se sentir bem é importante , porém , ter cuidado para não virar uma doença uma compulsão pelo corpo perfeito, beleza é resultado de saúde, então é necessário ter um equilíbrio, ser feliz consigo mesmo, pois a insatisfação corporal pode causar doenças como anorexia, bulimia, depressão entre outras consequências. Com isso, a família e a escola que juntas são responsável pela formação das futuras gerações tem que ser reeducada passar para as futuras gerações a ideia correta de beleza, mostra as crianças o que é realmente importante, para que elas não sejam manipuladas nem virem consumista , ou seja, desenvolvam a criticidade para serem cidadãos conscientes de suas escolas e ações. Consequentemente, seguir padrões de beleza pode causar sérios problemas, ter saúde e se sentir bem é o mais importante, cada pessoa deve criar seu próprio padrão de beleza.']",120,120,120,120,120,600
319,19,Curral eleitoral virtual,"['Com o advento da revolução técnico-informacional o Brasil se encontra, como vários outros países, inserido no cenário global. Essa conquista por outro lado vem acompanhada a uma outra realidade, que por sua vez manipula opiniões e até mesmo o destino de uma nação, que é a manipulação política por meio das redes sociais.', 'Objeto de estudo na Universidade de Oxford, no Reino Unido, comprovou que há cerca de dez anos as redes sociais se tornaram uma ferramenta de manipulação política, vitimando recentemente o Brasil. Isso com o O bombardeamento de desinformações faz emergir uma massa manipulada, criando um curral eleitoral virtual.', 'Essa realidade fomentada por escândalos de corrupção, notícias falsas e propagação de informações sem fundamentos, em ano eleitoral, deixa o eleitor brasileiro inserido em uma guerra virtual de informação e contrainformação.', 'Para combater essa realidade o votante tem que demonstrar real interesse na causa publica discriminando as informações buscando maneiras de refutar todo tipo de notícia recebida, ou até mesmo as confirmando em veículos de informações compromissados com a veracidade dos fatos.']",120,120,120,120,120,600
321,32,Conflito entre liberdade de expressão e intimidade,"['A liberdade de expressão, assim como o direito à intimidade são conquistas históricas. Quando um entra em contato com o outro, é preciso pesar com bom senso os dois lados.', 'Em épocas de regimes autoritários como as ditaduras militares na América Latina e fascistas na Europa, a imprensa não tinha liberdade para veicular notícias diversas, esbarrando comumente na censura. Nessas épocas, as pessoas também sofriam graves violações em suas vidas privadas por meio de tortura e constrangimentos, por exemplo, mas com a ascenção da democracia no ocidente , esses direitos foram amplamente protegidos por lei.', 'Porém, há casos em que essas garantias são postas em conflito, como em que figuras públicas, principalmente políticas, são pauta de notícias que esbarram em sua intimidade. Assim, o alvo dessas matérias, pode requerer sigilo por se tratar da sua vida privada enquanto a imprensa vê cerceada sua liberdade de expressão.', 'Portanto, é preciso avaliar até onde o direito de expressão pode ser abusivo, lesar a honra do cidadão, e até mesmo causar transtornos psicológicos ao alvo das notícias. Dessa forma, o bem estar do ser humano deve estar à frente da liberdade de expressão quando esta não for de suma necessidade ao conhecimento público.']",120,120,120,120,120,600
322,17,Incêndio cultural,"['No Brasil contemporâneo, o descaso com o patrimônio histórico e cultural é alvo de inúmeras ações sociais teóricas em que as pessoas se eximem de praticar suas propostas. O incêndio no Museu Nacional eclodiu uma onda de manifestos que chamou a atenção da população para este descaso.', 'Muito se fala em preservação da história do Brasil por parte do poder público, colocando-se a culpa na falta de estrutura, falta de investimentos e na política precária sobre a preservação do passado da população. Muita dessa culpa não é infundada, visto que vivemos em um período de crise em diversas áreas públicas, mas não é desculpa para se isentar da defasagem cultural cultivada na sociedade.', 'Viemos de uma cultura sem cultura, da falta de estímulo a resgatar a história brasileira. Obviamente não se deve viver no passado, a modernidade se faz necessária para a evolução da sociedade, o futuro toma o lugar do passado, e este nos diz de onde viemos e indica para onde vamos. As pessoas estão deixando sua história no passado e delegando a responsabilidade de protegê-la para o próximo, deixando de construir um futuro melhor.', 'O incêndio no Museu Nacional foi uma tragédia que acendeu o questionamento de quem é realmente a culpa e levou a apontar inúmeros culpados. Mas a responsabilidade pode ser daquele que aponta o próximo. Incêndios posteriores poderão ser evitados para proteger o patrimônio histórico e cultural se todos entenderem seu papel na história do país.']",120,120,120,120,120,600
325,0,Carnaval,"['A cultura brasileira é resultado da mistura de raças, etnias, crenças, valores, crenças e valores, entre outros elementos. Logo, o carnaval é fruto dessa miscigenação. Por isso, afirmar que essa festa - sinônimo de alegria e união - não deve receber contribuições externas, é externas é um equívoco.', 'Ademais, na contemporaneidade, vive-se uma realidade globalizada, o que resulta na unificação política, econômica e, também, cultural. As interferências culturais não são mais vistas como uma ameaça, mas sim como um meio de unificar a humanidade.', 'Nas últimas décadas, os sambódromos têm sido palco de inúmeras questões políticas, geográficas, ideológicas ou étnicas. Essa festa não tem apenas retratado a realidade brasileira brasileira, como também a realidade universal. Destarte, por que não inserir a cultura nativa nos diversos espaços ou contextos?', 'Intelectuais da literatura, como Oswald de Andrade, defendiam a aglutinação cultural estrangeira para, assim, criar uma nova cultura. Portanto, a troca de culturas é algo idealizado há tempo.', 'Por conseguinte, é imprescindível que cada indivíduo perceba o povo como um só - único, universal - mesmo repleto de diferenças. Dessa forma, a inserção de culturas distintas, onde quer que seja, será vista como parte de um todo e não como símbolo de discriminação ou preconceito.']",120,120,120,120,120,600
328,47,O EAD NO BRASIL,"['O ensino à distância se tornou um dos temas mais discutidos em relação ao sistema educacional básico. O “EAD” já gerava controvérsas muito antes da crise mundial de 2020. Sua aplicação à educação pública básica é mal vista por diversos pedagogos e muitas vezes é uma forma de sucateamento do sistema educacional, mas pode ser utilizada como instrumento de democratização do ensino.', 'A linha histórica da educação não se confunde com a linha histórica da tecnologia. Por mais avançada que pareça a educação à distância, este avanço tecnológico pode não se refletir em uma evolução das práticas educacionais. Por muitos anos, o processo educacional era entendido como a transmissão de conteúdo daquele que sabe para o que não sabe. Com pedagogos como Paulo Freire, essa relação entre professor e aluno se transforma. Para ele, a educação é um processo dialético em que o educador também é educado e o educando também educa. No ensino à distância, essa relação de aprendizagem se torna insustentável e se perde, retrocedendo uma perspectiva de transmissão de conhecimento.', 'Além disso, a aprendizagem à distância , com a prerrogativa de diminuir custos dos governos, reduz aos poucos a função social das instituições escolares, que não são somente os locais onde a educação formal ocorre, mas um ambiente onde também são desenvolvidas as relações interpessoais dos educandos entre si e com os educadores, o que contribui para o processo de aprendizagem.', 'Entretanto, em outros contextos que não a educação formal básica, como em aulas online de cursinhos para vestibulares, por exemplo, o ensino à distância tem as suas vantagens. Por ser opcional e como um complemento educacional, a disponibilização de determinado conteúdo para um público amplo evidencia a função democrática dessa modalidade de ensino.', 'Assim, todas as tendências do mundo moderno para um futuro tecnológico devem contribuir, e não prejudicar a educação brasileira. O uso de instrumentos tecnológicos em sala de aula, como a utilização de computadores e internet para dar suporte e apoio à educação devem ser amplamente difundidos, mas com os cuidados necessários para não se sobreporem ao fator humano presente na educação, o que ocorre com o EAD.']",120,160,80,160,80,600
330,81,Discriminações religiosas em um país laico,"['Pode-se definir como intolerância como um ato de não suportar ou discriminar qualquer diferença entre uma pessoa e outra. Tais diferenças podem ser físicas, étnicas e religiosas; sendo a última a mais comum no Brasil nos dias atuais ? por conta, principalmente, da falta de denúncias contra esse tipo de crime. Muitas pessoas são discriminadas por seguir alguma religião, mas, não acham essa ação banal ou apresenta  algum tipo de receio em denunciar devido a  lei não ser cumprida ? trazendo assim mais problemas a sua vida.', 'Atualmente,a religião que mais sofre ofensas é a Afro-brasileira Sua discriminação tem como principal causa a sua origem vinda dos escravos africanos e  bastante criticada pela burguesia da época, sendo ameaçada no século XVII com a tentativa dos padres  catequizarem os escravos para a católica, que  ? na época, era a religião oficial brasileira. Com o passar do tempo ? o Brasil se tornou  um país laico e houve a criação de leis que tentam impedir essas discriminações e dão maior liberdade aos cidadãos em relação a  escolha da sua religiosidade. Porém, ainda existe muito preconceito não só com a religião Afro-brasileira, havendo casos de intolerância com o uso de violência física. Segundo pesquisas da Secretária de Direitos Humanos da Presidência da República de 2013 relatou que cerca de 20% das denúncias de discriminação religiosa envolveu  algum tipo de violência física.', 'Diante do que foi discutido, é necessário  a conscientização da população brasileira,  e para que isso se torne realidade ? o governo precisa investir em campanhas contra a intolerância religiosa. Outro fator importante é o de os pais junto  a escola ensine  para as crianças a tolerar qualquer diferença do próximo ? seja ela religiosa ? física ou étnica; respeitando assim as escolhas dos indivíduos e os inserindo  na vida social.']",120,120,120,120,120,600
336,76,Empresas tendenciosas,"['No cotidiano de todos os brasileiros escuta-se, frequentemente, que as mulheres estão conquistando o seu lugar no âmbito profissional, porém esse fato, na prática, nem sempre significa equidade de direitos trabalhistas.', 'No ano de 1932, durante o governo Vargas, o voto feminino no Brasil foi permitido iniciando-se, portanto, uma maior participação das mulheres na democracia. No meio trabalhista, a mulher também conquistou o direito de prestar um serviço com a carteira assinada, entretanto em pleno século XXI, o homem acaba sendo o preferido e o que ganha maiores salários.', 'Um estudo divulgado pelo IBGE (Instituto Brasileiro de Geografia e Estatística) revela que mulheres recebem, aproximadamente, 23,6%  a menos do que os homens mesmo em casos de cargos trabalhistas iguais. Muitas empresas, em uma entrevista de emprego, por exemplo, preferem contratar um homem à uma mulher, pois alegam àquele mais potencial do que esta última quando, na realidade, as mulheres trabalham não só em empresas como também em seus respectivos lares demonstrando, assim, serem capazes de desempenhar um ótimo trabalho tanto quanto o sexo masculino.', 'É de suma importância, então, que os nossos órgãos governamentais façam fiscalizações, juntamente com a Polícia Federal, nas empresas que são tendenciosas a um tipo de gênero e as punam conforme às leis vigentes para que possamos ter equidade de gênero não só no poder em votar, mas também no direito a salários e tratamentos trabalhistas iguais.']",120,120,120,120,120,600
338,73,,"['O livro “Homem Invisível’’, do escritor americano Ralph Ellison, conta a história de um afro-americano que nasceu no Sul dos EUA e descobre-se invisível perante a sociedade norte-americana por conta de sua cor, além do enredo do protagonista  a obra trata também dos desafios enfrentados pelos negros. Apesar de a história ser ficcional e se passa nos Estados Unidos e no começo do século XX, o enredo se equipara aos desafios enfrentados pelos negros atualmente. Apesar do reconhecimento dos mesmos como cidadãos, para superação dos empecilhos enfrentado por eles é necessário combater a mentalidade retrógrada e o preconceito velado da sociedade.', 'Em primeira análise, é necessário que a sociedade não seja uma reprodução do poema “Fardo Do Homem Branco’’ do poeta inglês Rudyard Kipling. No poema, o negro é descrito como pessoa inferior e atrasado sendo considerado um fardo para os colonizadores, neste contexto muitas pessoas compartilham desta visão errônea propagada durante o Imperialismo e persistente hodiernamente. Esse tipo de ideia precisa ser irradiada , já que os negros não são fardos  e sim parte de nossa sociedade.', 'Em segunda análise, é preciso erradicar o preconceito velado da sociedade, como exemplificações: empresas não contratam pessoas negras por conta de sua cor o que ocasionar o baixo números de negros em empresas ou grandes cargos. E fato contra põe o Estudo publicado pelo IBGE que nos últimos 10 anos, quase triplicou o percentual de negros e negras no Ensino Superior com isto não permite o argumento de que a ausência de negros e negras em posições qualificadas em grandes empresas deve-se ao fato de que “não há negros com a escolaridade exigida”.', 'Em suma, dos fatos acima citados é imprescindível que haja uma reeducação de nossa sociedade para se possa supera os desafios enfrentados pelos negros. Diálogos e debates em meios de comunicação, redes sociais , empresas com historiadores, sociólogos e pessoas do movimento negro podem ajudar a desconstruí pensamentos preconceituosos. Campanhas que alerte a população sobre atitudes e pensamentos que refletem o preconceito velado. As empresas devem investi em politicas novas para que haja mais negros no mercado, como intensificar cotas para o ingresso dos mesmos. Somente assim caminharemos para uma sociedade igualitária e os desafios do negro sejam apenas enredo de livros de ficção.']",120,120,120,120,120,600
339,62,Não a disseminação do ódio.,"['É notório que com o crescimento e os avanços tecnológico as pessoas estão cada vez mais dependentes e conectadas nas redes sociais. Sobretudo sendo elas o principal meio para expressar suas opiniões, ideias e discussões, porém, muitas vezes são usadas para pactuar e apoiar grupos com discursos de ódio, ao qual discordam de suas convicções sejam elas relacionadas a religião, etnia ou política.', 'revolução tecnológica possibilitou um mundo conectado, onde notícias e acontecimentos são transmitidos em tempo real, como também a propagação dessas atualidades pelas redes sociais. Observa-se que houve junto a esse crescimento a disseminação de conteúdos maldoso e o incentivo para propagação desses conteúdos, cujo,  o alvo é espalhar o ódio e atingir o determinado objetivo, de maneira deliberada e sem medo das consequência , que poderão causar, por espalhar e motivar esse tipo de diálogo, sendo elas materiais ou pessoais.', 'Ademais, discordâncias de pensamentos e agressivas críticas por meio das redes com a motivação e razões que acreditam ser absoluta, traz graves consequências para aqueles que são atingidos. Como o ocorrido com o atual presidente, Jair Messias Bolsonaro, o qual quase perdeu sua vida, porque o agressor não concordava com suas ideias e opiniões, outro exemplo: torcidas organizadas de futebol que são rivais dentro e fora das redes sociais, fazendo grupos pelos aplicativos e marcando pancadaria e estragos nos terminais de ônibus, metros e avenidas.', 'Diante do exposto, deve-se criar leis que sejam rígidas e severas, fazendo com que os usuários tenham em mente as consequências dos seus atos cometidos através das redes sociais, e também,  a criação de projetos governamentais com o MEC (Ministério da Educação e Cultura) incluindo matérias didático para ser distribuído nas escolas e universidades como meio de apoio e orientação aos estudantes.']",120,120,120,120,120,600
341,71,Mundo de aparências,"['Segundo a OMS (Organização Mundial da Saúde) o suicídio é a segunda causa de morte entre os jovens em todo o mundo. A informação é preocupante, pois significa que uma grande parte dos jovens vê no fim da vida a única forma de encerrar seus problemas.', 'As causas de um suicídio podem ser diversas, ansiedade, depressão, tristeza, solidão. Em um mundo movido pelo entretenimento e aparências, a descoberta de uma tentativa de suicídio muitas vezes é percebida tarde demais quando não há mais forma de reverter à situação. É preciso que amigos e parentes estejam atentos a possíveis sintomas que o jovem apresente a fim de auxili-lo a repensar caso esteja pensando nesta possibilidade.', 'O suicídio não é “frescura” ou para chamar atenção e sim uma atitude tomada por alguém que não vê mais razões para persistir. Esta questão precisa ser debatida pelas principais autoridades do mundo a fim de diminuir os números tão altos de morte por este motivo. É preciso que ocorram campanhas e divulgação do assunto nos principais meios de comunicação para que todos entendam a seriedade do problema.', 'O suicídio não afeta somente o infrator, e sim todos que convivem com o jovem que optou por isto, a pergunta do porque da escolha e culpa por não ter descoberto antes ronda a amigos e familiares. É importante saber a importância do assunto nos dias atuais e entender como ele afeta a sociedade em geral.']",120,120,120,120,120,600
346,78,A organização do ensino médio,"['Percebe-se que a reforma do ensino médio é um tema que causa opiniões contraditórias, e é notável que o Brasil necessita-se de uma, mas não uma inesperada, sendo assim, a reforma não é uma solução para a educação no país.', 'O Brasil precisa de uma reforma na educação, mas não uma que exclui as opiniões da população e  principalmente  dos professores e alunos, que sabem os defeitos e onde melhorar o ensino. Vale ressaltar que que o projeto já foi colocado como medida provisória para não depender das convicções do povo e também para a aceleração do andamento, sem precisar de muitas autorizações de setores do governo.', '   ', 'Além disso, com o aumento da carga horária,  e as escolas em ensino integral, será um obstaculo  para alunos que querem e precisam entrar no mercado de trabalho, como jovens aprendizes ou estagiários, que iram [irão ter que decidir entre trabalhar ou estudar, porque em pleno século vinte e um muitas famílias estão em condições econômicas precárias.', 'Portanto, medidas são necessárias para resolver esse problema,  cabe a  população e os  professores reagirem e organizarem manifestações pacificas contra a reforma do ensino médio e também o ministério da educação realizar uma pesquisa online  , no qual  alunos e seus mestre  possam dar sugestões e opiniões onde é preciso reorganizar o ensino.']",120,120,120,120,120,600
348,51,Precariedade da educação,"['Não há como negar que o analfabetismo funcional no Brasil é um tema reincidente . O analfabetismo funcional mostra em grande clareza a retrocedencia e os resultados de uma educação precária que ainda se faz presente nos meios educacionais brasileiros.', 'Em uma primeira análise, verifica-se que o assunto em questão atinge em grande maioria adultos e adolescentes , que apesar de apresentarem formação básica não conseguem compreender e fazer discernimento correto sobre os meios textuais e outros.', 'Pode-se visualizar nessa temática quê, o principal motivo do analfabetismo ainda persistir na sociedade é porque a educação básica não é regida de forma correta, e que o modelo de ensino é vago e desatento.', 'Podemos perceber isso de modo prático quando uma parcela de indivíduos demonstra baixo ou total desconhecimento ou compreensão daquilo que lê, Isto é apesar de saberem ler não conseguem entender aquilo que é proposto pelo meio.', 'Sendo assim, o Ministério da Educação  deve tomar medidas efetivas que se façam presentes principalmente na educação básica. Como exemplo a melhora da capacitação de profissionais do ramo educacional . ara que esses profissionais sejam mais atentos e promovam educação de qualidade, atendendo de modo mais efetivo a dificuldade de compreensão e sendo mais aptos a visualização do problema.']",120,120,120,120,120,600
355,76,Lugar de mulher é onde ela quiser!,"['Nos dias atuais ouvimos muito falar sobre como as mulheres vem batalhando para ter uma posição melhor não só no mercado de trabalho, como também na sociedade em que vivemos. Discriminação não é somente pela cor de sua pele, ou por sua classe social, hoje em dia também se é discriminada por simplesmente ser mulher, como se isso fosse algum tipo de ""privilégio"" ou ""defeito"" aos olhos de alguns membros da sociedade .', 'Somente por ser mulher, corre-se o risco de ser abusada sexualmente, verbalmente e porque não socialmente, já que as mulheres em pleno século XXI ganham 30% menos que os homens, algumas pessoas ainda definem certos trabalhos como ""trabalho masculino"" e ""trabalho feminino"", afinal de contas, emprego tem gênero?', 'Mulheres tm direito de lutar pelo que querem, pelo que acham justo, por um salário melhor, por um emprego melhor, por respeito dentro e fora de seu local de trabalho. Por ser mulher não deve se sentir intimidada, nem obrigada a andar de cabeça baixa na rua para não chamar a atenção de um estranho .', 'Há muita coisa para ser feita para que o mundo se torne um lugar melhor para se viver, não só para mulheres, como também para homens, crianças, idosos, independente de sua classe social ou sua escolha sexual. Só queremos um lugar onde a desigualdade seja somente mais uma palavra no dicionário e seu significado não seja sentido por tantos pelo mundo.']",120,120,120,120,120,600
364,71,,"['A série 13 Reasons Why narra a história de uma estudante que se suicida após várias falhas culminantes. Fora da ficção, o suicídio entre os jovens também é um problema no Brasil onde, segundo dados do Sistema de Informação sobre Mortalidade, em 2015 o número de mortes causados por esse ato chegou a ultrapassar os 10000. Assim, o tabu e a falta de tratamentos psicológicos tendem ao agravamento desa questão da saúde pública.', 'É indubitável que o bullying encontrado, principalmente, nas escolas e nas redes sociais podem acarretar problemas psiquiátricos, como a depressão. Influenciando, dessa forma, a prática e os pensamentos suicidas. Além disso, a falta de diálogo e de intervenções demonstram o despreparo e a desinformação encontrados nos ambientes escolares e familiares.', 'De acordo com as informações divulgadas pelo Ministério da Saúde, o suicídio é a 4ª maior causa de morte entre jovens no Brasil. De tal modo, pode-se notar o efeito manada, que provoca em alguns indivíduos a mesma reação, devido ao pensamento de o suicídio ser um ato de bravura, como ocorreu em 2016 no jogo Baleia Azul, “romantizando” a autoquíria.', 'Contudo, vê-se a necessidade de produções de campanhas educacionais e informacionais feitas pelo Ministério da Saúde. Estas podem ser transmitidas através da imprensa e das redes sociais no mês de setembro, dando ênfase ao período de prevenção ao suicídio. Em soma, é importante que o Governo intensifique os investimentos nas formações de profissionais. Dessa forma, será possível a identificação de tendências depressivas.']",120,120,120,120,120,600
365,59,,"['Enquanto a palavra fome nos dias atuais está sendo usada mais no sentido metafórico, significando um desejo ou ambição, não devemos  ignorar o seu sentido literal, privação de alimentos, que ainda é um dos maiores problemas da atualidade.', 'Um dos agravantes desse problema é a má distribuição de renda, principalmente nos países pobres e subdesenvolvidos, pois enquanto uma pequena parcela da população vive no luxo, ostentando refeições que valem mais do que um salário mínimo, uma boa parcela não consegue fazer mais do que duas refeições por dia, tampouco suprir as necessidades básicas de calorias para uma vida saudável.', 'Antigamente o maior obstáculo em relação a fome era não haver produção de alimentos suficientes para toda a população , mas com os avanços tecnológicos e científicos, a produção de alimentos hoje é mais do que suficiente para acabar com a fome no mundo.', 'Entretanto, como a taxa de desemprego continua a crescer em países como o Brasil, uma parcela da população se vê obrigada a sacrificar alimentos saudáveis por uma maior quantidade de alimentos prejudiciais à saúde se consumidos com frequência, por serem mais baratos.', 'Tendo em vista isto, cabe aos órgãos competentes do governo reduzir impostos nos alimentos de origem natural, tornando-os mais acessíveis à população com baixa renda, bem como auxiliar financeiramente pessoas em situação de extrema pobreza, além de implantar programas de capacitação profissional e inserção no mercado de trabalho para estas pessoas. Ademais, também promover campanhas e palestras sobre alimentação saudável.']",120,120,120,120,120,600
368,62,Mídias sociais e os discursos de ódio,"['A internet revolucionou a comunicação entre as pessoas, tornando-a quase que instantânea, imagens, notícias e dados chegam em poucos segundos a longas distâncias. Mas o que deveria servir para aproximar pessoas, acaba muitas vezes sendo usado para gerar discursos de ódio nas redes sociais. Uma nova publicação pode desencadear a formação de um tribunal virtual, onde sentenças são dadas e separam diferentes opiniões em diferentes trincheiras que disparam comentários carregados de rancor, preconceito e tudo o que mais perverso a mente humana possa imaginar. Essa situação obriga que a sociedade em geral tome consciência de seus atos e que as autoridades e gerenciadores dessas mídias tomem medidas mais efetivas conta o seu mau uso.', 'As pessoas devem ter em mente a consequência de suas publicações e comentários, pois podem gerar processos tanto na esfera cível quanto criminal, que além da dor de cabeça, podem gerar grandes prejuízos financeiros e a sua imagem pessoal e profissional . Além disto, o compartilhamento de publicações e ideias já foram responsáveis por tragédias ocorridas em várias partes do mundo, onde inocentes acusados injustamente por supostos crimes chegaram a serem mortos. Mesmo os casos ""mais simples"" podem ocasionar graves prolemas psicológicos nas vítimas.', 'Já as autoridades devem endurecer as leis já existentes, que apesar dos avanços, ainda pecam na punição dos autores desses crimes virtuais, não facilitam a busca dos verdadeiros donos dos falsos perfis que inundam a internet no Brasil e no mundo. Já as empresas que administram essas mídias tem o dever de dificultar a criação dessas falsas identidades, através de métodos que exijam algum documento pessoal para a criação de um novo perfil, por exemplo, e uma maior fiscalização do que é postado nessas redes.', 'Fica evidente a necessidade de inicialmente as pessoas repensarem suas atitudes nas redes sociais, tendo o discernimento do que publicam, pois podem gerar graves consequências tanto a elas quanto s pessoas que são suas vítimas. Mas o Estado também precisa mostrar que caso isso aconteça as pessoas terão punições severas e exemplares, cobrar dos gerenciadores destas mídias uma maior fiscalização para entrada de novos usuários e do que é veiculados nessas plataformas.']",120,120,120,120,120,600
372,75,,"['Para Darwin, as espécies que sobrevivem não são as mais fortes, nem as mais inteligentes, e sim aquelas que se adaptam melhor as mudanças. Isso se relaciona, com o assunto do livre porte de armas, uma vez que, também tangenciam aspectos tanto positivos quanto negativos. E possível afirmar que, em países que  legalizado o livre porte, com os estados unidos, a taxa de violência  muito alta, mas, se opõe ao caso da Rússia, poucas armas e muita criminalidade. Por um lado, a legalização desses armamentos poderia trazer certa segurança para a população. Por outro, autenticação desses meios não bastaria visto que o país tem problemas na educação básica.', 'Nesse sentido, o indivduo que vive em uma sociedade em que todos os bandidos já se encontram armados, somente tem uma escolha, a de optar por usar arma ou não, assim poderá ser adepto as transformações . Segundo o site de noticias veja, no Brasil, há oito armas a cada cem habitantes, e a taxa de homicídios  de 20 por 100 mil. E inaceitável que a segurança das pessoas fique comprometida,  por uma falta de fiscalização, por parte do governo.', '‘’educai as crianças, e não será necessário punir os homens’’, para Pitágoras a solução começa na educação. Se o estado desse uma prioridade no ensino publico desdá infância, talvez fosse possível diminuir os altos índices de violência nas grandes metrópoles. Pois em muitas nações, há a livre circulação desses instrumentos, porém, são baixos os níveis de selvageria.', 'Portanto, cabe ao governo junto aos órgãos de segurança publica, entrem em consenso para decidir qual seriam os meios de utilização desses objetos, assim influenciando o uso responsável e consciente entre os indivíduos dentro de um mesmo meio social. Logo, com essas medidas seria executável , reduzir as agressividades quase pela metade.']",120,120,120,120,120,600
379,63,,"['Em virtude do cenário atual o aumento de grandes indústrias e empresas traz forte consequências ao espaço natural, pois, com o relativo crescimento das mesmas , o meio ambiente é prejudicado. Averiguara-se que os impactos ambientais ocorrem desde o século XVIII no início da revolução industrial com o aumento das indústrias e consequentemente da poluição.', 'Contudo, o aumento dos impactos ambientais causados pelas empresas e indústrias tem sido algo preocupante, visto que as mesmas estão negligenciando o cuidado e a segurança com o meio ambiente  ocasionando desastres e fortes impactos ao espaço. Efeito disso é a destruição de habitats naturais; desaparecimento de espécies; diminuição de mananciais; aumento de doenças e o agravamento do efeito estufa.', 'Portanto, com tais problemas levantados são de extrema importância a participação do homem, reduzindo a poluição do meio natural; do governo juntamente com o MM —Ministério do Meio Ambiente — proporcionando a rigorosidade na proteção da fauna e flora e na punição contra crimes ambientais de todos os tipos, exigindo a reparação dos problemas causados ao espaço natural;  e de empresas que devem rever seus modelos para não afetar tanto o meio ambiente  priorizando a segurança do mesmo , deste modo tentando reduzir a poluição e os impactos causados.']",120,120,120,120,120,600
385,81,Os fatos da realidade religiosa no Brasil,"['A religiosidade no Brasil, que é um país laico, apresenta certas intolerâncias por parte da sociedade. Algumas religiões têm desafeto por outras, no entanto, é necessário o respeito por cada crença devido a  laicidade do Estado.', 'Cada religião tem suas características próprias, como rituais e atos periódicos. Com a posição do Estado brasileiro sobre as crenças, a necessidade de elaborar leis que combatem crimes contra o sentimento religioso foram positivas, porém, ainda não deixou de existir as discriminações. Entre crenças e descrenças, há religiões que combatem outras violentamente, como no caso registrado em que se atiraram uma pedra contra umbandistas, gerando repercussões.', 'Por outro lado, o país esta  longe de possuir religiões extremistas, como o Estado Islâmico e o Boko Haram, que empregam atos terroristas diante de quem é contra ou não segue o Islamismo, e além disso vêm ocupando territórios no Oriente Médio e na África algo desumano e que é intolerante.', 'Diante dos fatos mencionados, o Governo brasileiro deve criar um órgão que reúna as mais diversas crenças existentes, com um representante de cada, com o intuito de gerar entre elas uma relação harmônica, onde haja respeito e humanidade, a fim de combater as intolerâncias.']",120,120,120,120,120,600
387,70,O tabu deve ser quebrado e sobre sexo deve-se falar.,"['No Brasil há um grande surto de Doenças Sexualmente Transmissíveis  entre jovens por falta de orientação e conscientização dos mesmos. O assunto SEXO ainda é temido por muitas famílias e orientadores educacionais, nos quais, o sentimento de vergonha e medo prevalecem entre o orientador e o orientado.', 'É notório que nos postos públicos existam preservativos para a população local utilizar e prevenir-se de forma gratuita. A questão é que princialmente os jovens além de apresentarem certa curiosidade sobre a vida sexual que para muitos ainda está se iniciando, eles são tomados pela vergonha de serem vistos por conhecidos e/ou julgados pela sociedade por suas escolhas e iniciativas. Pois muitos acreditam, e dependendo da idade, ser cedo demais.', 'Todavia, esta vergonha e timidez fazem com que o número de doenças sexuais só aumentem a cada ano. Fazendo com que um momento torne-se uma complicação para toda a vida, como é o caso dos aidéticos (pessoas portadoras do vírus HIV causador da AIDS). Em consequência, esta doença atacará o sistema imunitário do indivíduo e portanto  não haverá cura.', 'Em suma, é importante que as escolas públicas, privadas e instituições de ensino superior organizem palestras de orientações para os jovens, ensinando-os como se prevenirem, incentivar a procura médica e ""quebrar o tabu"" quando o assunto é sexo. É preciso deixar claro que não há motivos para ter vergonha de comprar ou buscar um preservativo nos postos públicos, por exemplo. A prevenção é necessária. E além disso, podem ser feitas campanhas pela internet, principalmente através das redes sociais para o incentivo da prevenção.']",120,120,120,120,120,600
388,54,,"['É possível afirmar que as vacinas se mostram cada vez mais imprescindíveis nos últimos anos. Isso se evidencia não só pela diminuição dos gastos com tratamento de doenças imunopreveníveis, mas também pelo reaparecimento de doenças erradicadas causado pela falta de adesão à vacinação.', 'Em primeira análise, a prevenção se torna benéfica economicamente. Um estudo feito por uma universidade estadunidense e publicado pela revista acadêmica Health Affairs, baseando-se em projeções ao longo dos anos, explanou que seriam aplicados mais de quinhentos bilhões de dólares em custos associados a doenças evitáveis. Em contrapartida, o investimento na imunização seria de trinta bilhões. Nota-se, a partir dos dados apresentados, o quão viável é gastar com prevenção e o quanto isso deve ser incentivado.', 'Ademais, está se presenciando o retorno de enfermidades previamente eliminadas. No contexto brasileiro, dados retirados do Ministério da Saúde apresentaram, no ano passado, um baixo índice de evolução da quantidade de doses de vacinas aplicadas no país. E ainda, os índices de internações por doenças como o sarampo, em decorrência da não adesão à vacina, encontram-se em crescimento, sendo os casos mais numerosos no Amazonas, com mais de quatrocentos infecctados . É inadmissível manter-se inerte diante disso.', 'Sendo assim, é explícito, portanto, o papel da vacina na qualidade de vida populacional. Para o reconhecimento dessa importância deverão unir-se Governo, escola e mídia, com o objetivo de criar campanhas, orientar e dar visibilidade, respectivamente. Só assim a pauta alcançará a majoritária parte da sociedade, combatendo a ignorância.']",120,160,120,120,80,600
390,60,Um passo de cada vez,"['O desenvolvimento tecnológico e científico brasileiro promoveu melhorias nas áreas da saúde e do saneamento básico, favorecendo o aumento da expectativa de vida da população. Dessa forma, percebe-se, de fato, a necessidade de uma reforma previdenciária, posto que houve um crescimento do número de idosos e uma diminuição no número de jovens. Todavia, para que essa reforma seja efetivada,  é preciso considerar que ainda há falhas no sistema público de saúde e que o país apresenta altas taxas de desemprego.', 'Primeiramente, o projeto da nova previdência propõe uma idade mínima para que mulheres e homens possam aposentar, 62 e 65 anos, respectivamente. No entanto, a má qualidade do sistema público de saúde dificulta a chegada de muitas pessoas a essa idade, uma vez que existe uma demora na realização dos atendimentos e falta estrutura nos hospitais . Além disso, a maioria da população pobre depende desse sistema e essa mesma população será a mais prejudicada com a nova reforma.', 'Em segundo lugar, o aumento do tempo de contribuição para 40 anos contribuirá para a elevação da taxa de desemprego. Pessoas com idade superior a 39 anos, mesmo que tenham experiência, encontram maiores dificuldades para entrar no mercado de trabalho, visto que a maioria das empresas preferem jovens com pouca ou sem experiência.', 'Infere-se, portanto, que no momento atual no qual o Brasil se encontra, a reforma previdenciária causará mais problemas . Nesse contexto, é preciso que o Ministério da Saúde promova mais investimentos na área da saúde, visando corrigir as falhas que ainda existem, como a falta de estrutura nos hospitais públicos. Ademais, é necessário que as empresas públicas e privadas disponibilizem um determinado número de vagas para pessoas com mais de 39 anos de idade, com o intuito de inseri-las no mercado de trabalho. Dessa forma, esperar-se-á que o atual cenário brasileiro se desenvolva.']",120,120,120,120,120,600
392,55,Preservação da cultura indígena,"['O termo indígena concerne ao indivíduo que habitava no país anteriormente a um processo colonizador, o qual, quando associado ao Brasil, representa um episódio de exploração, além de desrespeito a sua cultura . Diante disso, é preciso entender a importância de valorizar e garantir os direitos dos povos nativos. Nesse sentido, convém ressaltarmos as causas e consequências dessa problemática.', 'É fundamental,  pontuar que os índios ainda sofrem discriminação, pois há quem julgue suas pluralidades de culturas como inferior e a invisibilidade social é o âmago da questão . De acordo com o portal de notícias do G1, o principal problema é demarcação das terras onde ocorre conflitos com a bancada ruralista que tetam suprimir os direitos garantido na Constituição Federal. Em virtude dos fatos mencionados, é lamentável o descaso a esse fenômeno, ao considerar que os indígenas fazem a preservação do meio ambiente e os empresários do agronegócio visam somente a exploração e o lucro.', 'Em consequência disso,  há uma vulnerabilidade social e uma perca ambiental e humana, pois, resultam-se pequenos genocídios geográficos e culturais. Consoante o sócio-fundados do Instituto Socioambiental (ISA), Marcos Santili, historicamente já deu pra aprender que os indígenas não irão desaparecer e já lutam há mais de 500 anos contra as maldades feitas. Sendo assim, é necessário analisarmos  s possíveis soluções para mitigar esse desafio.', 'Portando, o Governo Federal deve ter rigor as leis de preservação as terras indígenas, por meio de investimentos na FUNAI e outros órgãos que visam a proteção desses povos; além de promover palestras educacionais para difundir a importância e a luta de sobrevivência dos nativos. Espera-se, com isso, uma integração social com respeito e a diminuição de uma dívida histórica.']",120,120,120,120,120,600
398,68,Extinção de Identidade,"['De um lado o abandono, descaso e destruição de todo um patrimônio histórico. Do outro estádios maravilhosos, excesso de investimentos dispensáveis e verbas desviadas.', 'Tragédia, esse é o adjetivo  que melhor caracteriza os efeitos causados por um incêndio que destruiu toda a memória de um país, a perda é irreparável, tudo aquilo que foi construído ao longo dos anos, hoje só existe em fotografias ou nos restos de cinzas provocadas pelo fogo.', 'Que a identidade da história de uma nação se perdeu por entre as chamas isso não é novidade , mas como um país feito o Brasil, com grande diversidade na fauna e na flora, ter a Amazônia como a maior floresta tropical do mundo, uma terra abundante e fértil, deixou-se negar pelas aparências e provocar um absurdo escândalo como tal? É fácil de explicar...', 'Ano 2014, sede de Copa do Mundo em terras brasileiras, altos investimentos foram gastos em reformas de estádios, que por via das dúvidas ainda estavam em perfeitas condições para uso. Gastos elevadíssimos na construção de um metrô “trem- bala”, para uso principalmente de gringos que viriam para acompanhar os jogos, como de fato, obra não concluída. Além de outros fatores como desvios de impostos e verbas públicas, vulgo lava - jato.', 'Acreditar que possamos  ser vítimas de catástrofes naturais é aceitável, agora de infraestrutura mal administrada? Seria cômico se não fosse trágico. O governo por sua vez não é vítima, é responsável, seria importante que ele criasse elo com a sociedade e se disponibilizasse a criar recursos para reformas de prédios em condições precárias, promover maiores seguranças na vigília destes museus prevenindo ataques de furtos ou até mesmo depredação da instituição e se aliar aos alunos e escolas que são dependentes destes locais para ensino, trazendo por meio da educação a importância da preservação cultural.']",120,120,120,120,120,600
401,72,Confiança se ensina na infância,"['Quando crianças ouvimos diversas vezes dos educadores para utilizar apenas fontes confiáveis afim de responder alguma tarefa escolar, pois era muito comum pessoas postarem coisas nas redes sociais ou sites que de algum modo não era verdade. Atualmente, é muito mais fácil vermos notícias que falsificam ou modificam algo que alguma foi falado por uma pessoa.', 'Wikipédia, Gazeta Social e até o próprio Facebook são exemplos de sites que possuem a ""fama"" de não passarem notícias corretas, visto que usuários podem modificar as notícias ou explicações ali inseridas . Todo dia a internet é usada para atualização informatizada  das pessoas, porém usuários de má fé utilizam da rede para difamar figuras públicas, com isso é preocupante que os políticos candidatos s eleições, estas que ocorrem em outubro de 2018, sejam atacadas pelas mídias sociais afim de manipularem a opinião do público.', 'Apesar de estarmos atentos, a mídia ainda consegue nos ""marionetizar"" e nos influenciar nas nossas decisões perante a urna eletrônica, pois elas sabem que ainda somos crianças aprendendo quais fontes acreditar. Muitos candidatos hoje estão desistindo da carreira política por serem chamados de ladrões sem que quem os difama não sabe nem o início da história e retorce tudo o que um dia foi chamado de dinheiro público.', 'É necessário que em meio a era tecnológica tomar diversas medidas as quais evolvem todos. A mídia não pode deixar de lado aqueles candidatos menosprezados que procuram uma carreira política justa. E a educação NUNCA pode esquecer de ensinar que aos jovens que notícia é aquele feita com uma base de dados pura e não retorcida. Acima de tudo, a sociedade, o povo, a juventude, todos nós, que juntos formamos uma nação, devemos saber no que acreditar e SEMPRE crer na verdade.']",120,120,120,120,120,600
402,71,O suicídio entre jovens,"['Desde o iluminismo, entende-se que a sociedade só progride quando um se mobiliza pelo outro. No entanto quando se observa o número de casos de jovens que tiram a vida por motivos psicológico ou emocionais, convem analizamos os efeitos e consequência dessa problematica.', 'Segundo dados do IBGE (Instituto brasileiro de geografia e estàtisticas), o suicídio a segunda maior causa de morte entre jovens de 15 e 19 anos, isso pode ser causado por vários pontos, seja psicológicos, que requerem tratamentos e acompanhamento psicológico, ou emocionais, que muito das vezes passa despercebido pelos pais.', 'Outrossim, destaca-se que esses ideais iluminista é contestado apena na teória e não na prática , tendo em vista a falta de acompanhamento escola para com seu jovens. que acabam cometendo o ato de tirar a própria vida como uma forma de fazer passa sua dor ou até mesmo punir  pessoas próximas a ele ou ela', 'Destaca-se, portanto, uma inião dos ministérios da saúde e educação, para ministrarem palestras em escolas de ensino fundamental e médio com especialista falando sobre o assunto para pais e alunos, é acompanhamento parental, incentivando seus filhos e filhas a falarem sobre o assunto, poís segundo Durkheim: o homem mais do que formado da sociedade,  é um produto dela .']",120,120,120,120,120,600
404,69,Intoxicação agrotóxica,"['Promulgada pela ONU em 1948, a Declaração dos Direitos Humanos garante a todos os indivíduos o direito à saúde e ao bem-estar social. Conquanto, o principal problema dos agrotóxicos é a intoxicação , tanto do homem quanto dos animais e do meio ambiente impossibilitada que essa parcela da população desfrute desse direito universal na prática . Nesse sentido, convém analisarmos as principais consequências de tal postura negligente do uso de agrotóxicos para nossa  sociedade, assim é necessário que subterfúgios controlados a fim de resolver essa inercial problemática , diante desse contexto, não há dúvidas de que o uso de agrotóxicos no Brasil é um desafio aís; mas também em casos de intoxicação de trabalhadores durante o processo de produção até a intoxicação de cidades próximas e a intoxicação nos alimentos.', 'A educação é o fator principal no desenvolvimento de um aís. Hodiernamente , ocupando a nona posição na economia mundial, seria racional acreditar que o Brasil possui um sistema público de ensino eficiente. Contudo, a realidade é justamente o oposto e o resultado desse contraste é claramente refletido no uso de agrotóxicos no Brasil. Uns dos problemas mais comuns é a contaminação do solo, lençóis freáticos, contaminação de rios e lagos e a saúde humana. De acordo com o Greenpeace, o Congresso Nacional já tem em mãos um projeto para uma agricultura melhor para quem planta e para quem come: a Política Nacional de Redução de Agrotóxicos (PNaRA).', 'Faz -se mister, ainda, salientar as negligências de nossas  atitudes como impulsionador do uso de agrotóxicos. De acordo com Zygmunt Bauman, sociólogo polonês, a falta de solidez nas relações sociais, políticas e econômicas é a característica da ""modernidade líquida"" vivida no século XXI. Diante de tal contexto é possível obter benefícios sem o uso de agrotóxicos ?.', 'Infere -se, portanto, que ainda há entraves para garantir a solidificação de políticas que visem à construção de um mundo melhor. Dessa maneira, urge que uma possível alternativa para a substituição de agrotóxicos são os biopesticidas, ou seja, substâncias naturais ou derivados de plantas geneticamente modificadas que façam controle de pestes, dessa forma, o Brasil podeira  superar o uso de agrotóxicos nas lavouras.']",120,120,120,120,120,600
405,56,"Sistema carcerário brasileiro, qual a raiz desse problema?","['No Brasil atual, o sistema carcerário encontra- se como um dos principais problemas a ser enfrentados no país, tendo em vista que essa situação é reflexo da sociedade desigual e excludente em que vivemos , sabemos que, os indivíduos em detenção se encontram a margem da sociedade antes mesmo de cometerem seus crimes.', 'Em primeiro lugar, devemos  evidenciar a situação desumana em que os detentos são submetidos, com uma superlotação nas celas, infraestrutura e higiene precária, onde o governo não é protagonista e as facções criminosas encontram lacunas para agir. Desse modo, torna- se inviável a ressocialização dos mesmo que, quando colocados em liberdade, não se vê outra alternativa a não ser o trabalho informar ou cometer delitos novamente.', 'De acordo com Immanuel Kant,  ""O ser humano é aquilo que a educação faz dele"", partindo dessa citação, é de nosso conhecimento que, desde a infância, esses presos sofrem questões de vulnerabilidade.  onde não existem oportunidades de educação, cultura e cidadania, direitos básicos que oferecem aos indivíduos uma boa convivência social ou até mesmo ser inserido no mercado de trabalho futuramente, portanto, utilizando o crime como solução para suas necessidades.', 'Sendo assim, medidas devem ser implantadas para reverter o falho sistema carcerário no Brasil. O Ministério da Justiça e Segurança Pública deve fiscalizar a infraestrutura dos presídios, como também promover ações voltadas a integração desses indivíduos à sociedade, como programas de qualificação profissional. Além disso, o ministério da educação , em conjunto com ONGS, devem oferecer projetos culturais e educacionais para as camadas mais pobres logo na infância, eliminando assim a raiz do problema.']",120,120,120,120,120,600
406,62,Pontos negativos das redes,"['O século XXI é conhecido por ser a era da informação rápida. Porém, o discurso de ódio nas redes sociais se torna um ponto negativo das mídias por expor pessoas a comentários preconceituosos de agentes sem pudor . Assim, essas pessoas atacam suas vítimas seja por motivos raciais ou até mesmo por não estar de acordo com a aparência desejada.', 'É indiscutível que ainda há atitudes de preconceitos racial, e nas redes sociais isso é exposto frequentemente. Por exemplo, a atriz Taís Araújo foi alvo de cometários racistas em sua página no Facebook e precisou recorrer à polícia. Dessa forma, racistas aproveitam-se das redes, que são a maneira mais próxima de atingir suas vítimas  e enchem de comentários maldosos para denegrir a imagem da pessoa. Deste modo, torna o uso das mídias algo negativo e polêmico.', 'Ademais, não só de preconceitos raciais é demostrado o discurso de ódio na internet. São inúmeros motivos, até mesmo a aparência física não agradar o outro. Foi assim, que a cantora Demi Lovato sofreu críticas por estar acima do peso e consequentemente contribuiu para que sua não aceitação pessoal voltasse a levando a depressão e internação. Logo, muitas pessoas têm sua autoestima abalada por comentários maldosos por um mínimo de pessoas que não sabem usar as redes sociais.', 'Portanto, para diminuir os pontos negativos das redes sociais . A organização das nações unidas para a educação , a ciência e a cultura deve contratar pessoas que detecte esses conteúdos e apague de modo que diminua a exposição da vítima. Juntamente com o governo, que deverá criar leis mais rígidas para punir quem pratica esta ação. Deste maneira, haverá menos pontos negativos em relaçao ao uso das redes por todos.']",120,160,120,120,80,600
411,64,Sexualidade,"['Segundo o médico neurologista Sigmund Freud - ""O sonho é a satisfação de que o desejo se realize"". Hoje, com o avanço tecnológico, os jovens estão cada vez mais expostos a diversos conteúdos, levando-os a satisfazer suas próprias vontades, quebrando os princípios tradicionais . A sexualidade ainda é um tabu para a sociedade, pois ainda é pouco discutido nas escolas e os pais não chegam a dialogar com seus filhos sobre o assunto.', 'Para Freud, o ID é a instância mais antiga do inconsciente, cujo funciona segundo o princípio do prazer e dos impulsos de querer algo para si. Portanto, os adolescentes não conseguem controlar suas emoções por ainda estarem em processo de amadurecimento e acabam não tendo consciência do que suas ações repentinas poderão causar no futuro. Quando estes começam a receber informações bruscamente, despertam curiosidades e optam-se a querer fazer o mesmo, sem saber se estão preparados psicologicamente para viver realidades opostas a sua idade, pois não querem mais ser vistos como crianças.', 'As mídias sociais também favorecem o rápido alcance ao conhecimento, pelos quais ainda não deveriam saber . A apologia ao sexo  por exemplo, faz com que muitos jovens iniciem sua vida sexual muito cedo, o que poderá ocasionar vários problemas como o aumento do índice de DSTs e a gravidez precoce. Tudo isso ocorre pela falta de orientação de pessoas mais instruídas que não impõem uma boa conversa em prática sobre o tema.', 'Sendo assim, nota-se que a adolescência  em sua fase inicial, desperta muitas curiosidades e revelações, o que deixa vulnerável e confuso. Nisso, os pais e as instituições de ensino devem ajudá-los a tirar suas dúvidas sobre qualquer assunto e ensina-los a se preparar para a realidade, através de projetos e palestras realizados por profissionais de saúde, pois um passo incorreto pode ser prejudicial.']",120,120,120,120,120,600
420,60,A melhor solução para o Brasil?,"['Relativo à reforma da previdência, é possível destacar tanto aspectos positivos quanto negativos. Se por um lado, é uma forma significante de equilibrar a economia do país, corrigindo o deficit econômico, por outro, pode criar ainda mais problemas relacionados as camadas mais pobres da população brasileira.', 'Podemos  perceber que na situação econômica que se encontra o país,  medidas precisam ser tomadas. Sendo a reforma da previdência uma forma eficiente, pois com o crescimento da população idosa e com a redução da população economicamente ativa há mais pessoas se aposentando por mais tempo e menos pessoas trabalhando, o que faz com que o INSS ( Instituto Nacional do Seguro Social) arrecade cada vez menos. Para mudar isso, aumentar o tempo de contribuição minima e reduzir as penações parece eficiente já que atua diretamente em um dos maiores gastos do país.', 'No entanto, essa medida acarreta muitas outras problemas. Como por exemplo, a população mais pobre que estatisticamente vive menos, usufruindo menos da aposentadoria em relação a população que tem melhores condições de vida. O que aumenta a desigualdade social e econômica. Vale ressaltar que essa não é a nica maneira de se corrigir a situação economicamente instável que se encontra o Brasil e não solucionar o deficit se não for aplicada em consonância com outras medidas que reduzam os gastos do pas.', 'Com isso, cabe ao governo avaliar outras medidas para serem aplicadas em consonância com a reforma da previdência, para que esta seja menos prejudicial a população . Cortando gastos em outros meios não prioritários e estudando economicamente formas mais eficientes de economizar.']",120,160,120,120,80,600
423,73,Desafios atuais,"['Na época da escravidão, os negros passaram por situações difíceis que cuminaram em violência, dor e sofrimento a esta etnia. Atualmente, os desafios enfrentados pelos negros são: a insuficiência de cotas para o ensino superior e o preconceito racial vivenciado pelas mulheres negras.', 'As cotas para negros em universidades se faz insuficiente, pois contemplam apenas o ingresso ao curso desejado, não dando se quer nenhum auxílio que garanta a permanência desse grupo ao longo da sua formação . Além disso, elas também se faz insuficiente em número de vagas, uma vez que a metade da população brasileira é composta por negros. Portanto, o número de cotas é muito parco para atender a metade da população do país.', 'As mulheres negras também enfrentam em suas vidas um fardo que se chama preconceito racial. Justamente ela cor de sua peles e por terem um cabelo crespo, elas então acabam tendo que lidar com situações que perpassam desde ofensas que ferem a sua dignidade até por agressões que levam, em alguns casos, a sua morte. Logo, nem mesmo uma criança escapa de tal preconceito, como o caso conhecido da pequena Titi, filha adotiva do casal de atores, Bruno Galiasso e Giovanna Ewbank, que foi cruelmente ofendida por uma socialite.', 'Sendo assim, esses desafios enfrentados pelos negros devem ser vencidos para que eles tenham uma vida melhor. Para isso, deve ser aumentado o número de cotas para que mais negros  tenham o direito de cursar o ensino superior e além disso, deve ser criados auxílios que garantam a permanência dessas pessoas até que elas alcancem as suas graduações. Já o preconceito sofrido pelas mulheres negras, só poderá ser desfeito se todos apreenderem a respeitas as diferenças contidas em cada pessoa. Desse modo, é que se constrói uma sociedade baseada na igualdade, liberdade e fraternidade.']",120,120,120,120,120,600
424,74,A morte da própria mãe?,"['A violência contra a mulher é uma questão que merece atenção no país, visto que é um fator preocupante, que está alinhado à uma política ainda muito fraca em relação à este grupo que têm conquistado expressivo espaço nas últimas décadas, em todos os aspectos. O sentimento, muitas vezes de posse, que o homem apresenta à respeito das mulheres, é um fator negativo de extrema força quando se trata do feminicídio. Conivente com isso, encontra-se a legislação com leis brandas e muito mansas com aqueles que atentam contra as mulheres.', 'É notório que o sentimento de posse é um dos principais causadores do problema, levando em consideração que até meados do século XX, a mulher era submissa ao homem. No entanto, a ideia de controlá-las - um mal da sociedade moderna, herdado de muito tempo  - tem que ser combatido com veemência, pois esse mal hábito leva à concessão dessas práticas, que consequentemente resultam em trágicas consequências.', 'Na mesma direção, encontrase a legislação brasileira, contendo uma margem de penalização pouco efetiva para tais crimes relativos, com penas alternativas que muitas vezes tornam o cometimento do ato um tanto confortável, o que gera a reincidência por ter consciência da tranquilidade da lei.', 'Portanto, o combate começa pela educação familiar, onde os genitores têm a obrigação de moldar a educação, logo o devido respeito . Em paralelo à isso, a intensificação da legislação é um ponto crucial e de suma importância para a diminuição dos casos, aliados com uma política de combate conscientizadora, como também explanadora da severidade de tais incrementações, afinal o referido são as genitoras da nação brasileira']",120,120,120,120,120,600
436,3,Revolução transumanista,"['No filme ""Capitão América"", após procedimento biológico durante a segunda Segunda guerra mundial, um garoto passa a possuir grandes habilidades físicas além da capacidade humana. Embora fruto de ficção, pode-se afirmar que que, com a evolução dos meios científicos seja científicos, será cada vez mais perigosa e alcançavel a revolução transumanista. Nesse contexto Portanto, é preciso analisar como a dependência das soluções e a segurança das tecnologias influenciam nessa questão.', 'A princípio, criaria-se criar-se-ia uma dependência dessas aplicações. Uma aplicações, uma vez que o corpo humano necessita de estímulos para aperfeiçoar determinado aspecto. Por exemplo, ao se tomar medicações que aumentem o fluxo de oxigênio para melhorar o desempenho em atividades físicas. Assim, invés físicas, em vez de treinar o corpo estaria acostumado corpo, estaríamos acostumando-o a drogas.', 'Além disso, a segurança das tecnologias são falhas é falha. Dessa forma, qualquer tecnologia pode ser hackeada para uso indiscriminado. Então uma determinada tecnologia vital para o ser humano poderia ser desligada ou usada para outro fim. Portanto, certa população poderia ser dizimada.', 'Em suma, infere-se que essa revolução seria prejudicial à humanidade devido a à insegurança e dependência. Nesse contexto, é necessário que os setores de regulamentação médica criem normas e fiscalizem sua aplicação na sociedade.']",120,120,120,120,160,640
439,54,A importância de vacinar-se,"['A Revolta da Vacina  ocorrida no ano de 1904  na cidade do Rio de Janeiro, foi um motim realizado pela polução que encontrava-se revoltada com a lei que tornava obrigatória a vacinação, porém ao decorrer do tempo os individuos passaram a se prevenir de modo espontâneo . No entanto atualmente o Ministério da Saúde enfrenta sérios desafios para garantir a vacinação, já que muitos brasileiros desconhecem a importância e finalidade da vacina, além de haver diversos casos de negligência ocasionados por noticias falsas.', 'Em principio, cabe salientar que quem não se vacina não coloca apenas a própria saúde em risco, mas também a de seus familiares e outras pessoas com quem tem contato, além de contribuir para aumentar a circulação de doenças . De certo, a vacinação é a melhor maneira de se proteger de uma variedade de doenças como o sarampo, a rubéola, tríplice viral, dentre outras doenças infecciosas. Ademais, as vacinas são feitas com microorganismos da própria doença que previne, porém estes estão enfraquecidos ou mortos, fazendo com que o corpo não desenvolva a doença, mas se torne preparado para combatê-la se for necessário', 'Além disso, observa-se que o número de fake news é crescente e com isso as pessoas ficam receosas com a eficácia das vacinas , e isto faz com que muitos brasileiros deixem de se vacinar. De acordo com um balanço divulgado pelo Ministério da Saúde 11,5 mil dúvidas foram esclarecidas, através de um aplicativo criado para verificar as informações que circulam nas redes sociais. Entre vídeos, textos e imagens, os conteúdos incluem relatos sem provas, pesquisas científicas derrubadas há décadas e argumentos sem fundamentação sobre falsos efeitos colaterais das vacinas.', 'Em suma, é necessário que o Ministério da Saúde amplie o acesso as informações, através da elaboração de campanhas midiáticas para que atinja um grande número de pessoas, além de realizar palestras nas escolas, nas comunidades e nos postos de saúde. Com o intuito de transmitir informações sobre a importância das vacinas e quais suas finalidades, para que assim a população se concientize e não deixe de se vacinar. A ação realizada no presente, é capaz de modificar o futuro de toda a sociedade brasileira.']",120,160,120,120,120,640
444,65,Educar é recuperar,"['O alto índice de criminalidade no Brasil sempre foi um dado alarmante para nossa sociedade, mas, o que tem sido mais preocupante entre todos esses dados é o grande número de adolescentes inseridos nesses casos. Pessoas da sociedade dizem que a educação é a resposta para tudo, será mesmo?', 'A evasão escolar no país tem números altos, muitas vezes ela está aliada a métodos arcaicos de ensino, falta de estratégias de comunicação entre professores e alunos, e também a ausência de ligação entre a escola e as comunidades locais . Nas áreas mais carentes das cidades  onde o crime e a violência faz parte do dia a dia dos habitantes, há ainda o treinamento de crianças e adolescentes com promessas de alta renda financeira, o que torna o crime muito mais atrativo para tantas pessoas carentes e com pouca esperança de uma vida melhor.', 'As maiorias dos casos de prisão de adolescentes menores ocorrem devido a roubo e tráfico, o fato de serem menores de idade e não serem presos cria uma sociedade sem responsabilidade e que sabe que não será punida pelos seus atos errados . E quando são punidos, são apenas internados em instituições de ressocialização, mas que não cumpre esse papel, visto que existe 70% de reinscidência ao crime.', 'Portanto, assim como disse o filósofo Pitágoras que “educar as crianças para precisarmos punir os adultos”, é algo que deve ser levado em consideração. Não é necessário abarrotar cadeias que deveriam recuperar pessoas, e sim, criar caminhos para que crianças e adolescentes problemáticos sejam vistos de perto e recebam uma atenção especial de autoridades e sociedade. A abertura de espaços educativos e acolhimento empático da comunidade com trabalhos para toda a família, a aceitação das diferenças sociais e econômicas não podem causar tanto impacto, só assim caminha uma sociedade mais justa.']",120,160,120,120,120,640
445,74,Atitudes retrógradas,"['A conquista do espaço pela população feminina representou à uma sociedade misógina, carregada de preconceitos ao sexo que não mais se denominaria inferior , um rompimento a herança transmitida pelas séculos. Tal ruptura não foi bem aceita por toda a parcela da população, principalmente para o grupo de homens que carregam a cultura patriarcal . Hoje essa atitude é refletida nos índices que crescem ano após ano de violência contra a mulher que resulta em feminicídio.', 'Denomina-se feminicídio o assassinato de indivíduos pertencentes ao sexo feminino pela condição de pertencentes ao mesmo, tendo como motivação o ódio, o desprezo, ou sentimento de perda do poder sob o sexo. No Brasil, pesquisas mostram  que a maioria dos praticantes foram parceiros ou ex-parceiros da vítima, todavia trata-se de uma pratica que é antecedida por violência doméstica física ou psíquica contínua  enquadrando-se em uma das problemáticas urgentes à serem sanadas.', 'Dados evidenciam que no ano de 2013 de 4.657 mulheres assassinadas, 533 foram classificados como feminicídio. As estatísticas mostram não somente o número de mortes, mas sim o número de mulheres que não aceitando a condição de submissão e imposição masculina como no passado , sofreram violência doméstica por muito tempo para no fim culminar em uma morte.', 'Em suma, a herança de uma sociedade misógina  corrobora para o prevalecimento de atitudes de imposição de poder. O sancionamento da lei nº 13.104, em 9 de março de 2015 significou ao país um grande avanço no legislativo para combater a problemática porém não propiciou o fim da violência. Urge assim uma reforma no âmbito da prática muitas vezes deficitária, que não presta devida atenção aos casos que chegam até as entidades de segurança pública. E como em tantas outras problemáticas esta também pode ser atenuada com uma educação escolar que elimine as desigualdades entre os sexos e não aceite nenhum tipo de atitude preconceituosa.']",120,120,120,160,120,640
448,50,A ciência e as dificuldades oriundas de uma pandemia,"['O jogo ""The Last of Us"", desenvolvido pela Naughty Dog, retrata um caso de pandemia, ocasionada por um fungo, onde uma organização não governamental reúne esforços para a deter, vemos no cenário não fictício atual, grupos de cientistas do mundo todo, fazendo  o possível para combater a covid-19, mal que assola a sociedade neste momento.', 'A ciência desempenha papel fundamental no combate de qualquer enfermidade, que venha abalar a humanidade, na presente problemática  estudiosos ""correm contra o tempo"" para conseguir diminuir as perdas humanas, vendo que o tempo é um dos fatores que não favorecem os pesquisadores, de modo integral, já que eles possuem um curto período para desenvolver maneiras de retardar a propagação da doença e conquistar uma cura.', 'Além do tempo ser um empecilho, há também a falta de recursos e materiais para as pesquisas, no decorrer da produção de métodos e possíveis curas, a ausência da matéria-prima para obtenção dos resultados, provém da grande procura mundial, decorrente de uma pandemia.', 'Concluído então que a ciência atua em um papel de extrema importância, a Organização das Nações Unidas(ONU) e  países não membros poderiam se unir, para agilizar e talvez antecipar pesquisas referentes a patogenos, palpando  assim tempo e recursos, tendo em vista que as nações não precisariam disputar por materiais e havendo o compartimento de informações.']",120,160,120,120,120,640
453,56,Se não mudar o sistema os erros se repetem,"['Como diria o renomado historiador e filósofo francês Michel Foucault, as prisões na nossa  sociedade podem ser classificadas como instituições de sequestro. Tratam-se de locais em que indivíduos são retirados do seu espaço social e têm suas vidas delimitadas a uma determinada área física, submetidos a condutas disciplinares. No caso das prisões, ali estão pessoas que cometeram crimes e foram retiradas do convívio social . Contudo, como deve ser a vida de um detento? Sem julgamento ou qualquer tipo de assistência? E como deve ser os presídios que têm esses presos custodiados?', 'Homens perdem suas vidas e sua dignidade em lugares insalubres e inóspitos que custam muito caro para o estado. Com retorno de sociabilidade zero. Denúncias dos direitos humanos são ignoradas constantemente pelo estado e pela lei que deveria proteger. A reclusão forçada deveria ser a única pena a cumprir e ser reabilitados para voltar ao convívio social deve ser um dever do estado. Não se resolve o grande problema da inabilidade dos cárceres brasileiro cometendo os mesmos erros. Ou transforma o sistema dando uma estrutura física digna ou a fábrica de mortes, barbáries e rebeliões continuarão promovendo o caos sem fim. Já houve relatos de que alguns deles são escravos sexuais, submetidos a estupros. As únicas maneiras de sair dessa escravidão sexual são o suicídio, fuga ou assassinato do algoz. Isso é grave e tem que parar.', 'A instituição prisional deve ser um lugar para que o apenado tenha uma nova chance e não encontrar o seu fim. Tem que manter um abrigo limpo, seguro, com três refeições diárias e com estudo, trabalho e lazer. Esses homens poderiam ser usados para capinar as estradas, varrer as ruas, desentupir os bueiros, limpar os rios e mares, seriam muitos uteis a natureza se bem direcionados e disciplinados. Cada dia de trabalho seria abatido na pena. Ganharia a sociedade, a natureza, o apenado e a paz nacional. Porque todo trabalho dignifica e engradece o homem.', 'Conforme Martin Luther King: a injustiça num lugar qualquer é uma ameaça à justiça em todo lugar . Os presos são seres humanos, precisam ser tratados com humanidade. Diante do exposto fica claro que esse sistema está falido e desumano. É preciso que o governo federal transforme o sistema em um lugar justo, melhorando as instalações onde eles tenham pelo menos uma cama pra dormir, um banheiro e três refeições nutritivas. Educação e trabalho. A prisão não deve ser um deposito de gente como se fosse um composto radiativo que fica lá guardado no tempo esperando para ser decomposto. Só se faz justiça sendo justo. Mude o sistema que tudo se reverte. O sistema está estragado, corrompido e podre. Se resolve com um governo ávido, regenerado e intrépido. Assim, será limitada a liberdade, não os sonhos de uma nova vida.']",120,160,120,160,80,640
456,71,Um ato silencioso,"['Suicídio  um ato silencioso que leva a pessoa ter o desejo de tirar à própria vida,muitas vezes diagnosticado como transtorno mentais ou psicológicos ,porém nem sempre está agregado a uma doença. Esse ato vem crescendo ao longo dos tempos,principalmente entre os jovens. Os motivos que leva uma pessoa ter pesamentos suicidas podem ser variados entre eles estão:a depressão,o desemprego,a dependência química, entre outros. Não há um único fator ou um único culpado.', 'Mundialmente,o suicídio já é a segunda maior causa de morte de jovens entre 15 a 29 anos. E,no Brasil,pesquisas indicam que a morte autoinfligida de crianças de 10 a 14 anos aumentou 65% entre 200 e 2015.No dia 10 de setembro, dia mundial de prevenção ao suicídio a organização Mundial de saúde (OMS) alertam para esse grave problema de saúde pública.', 'Os sintomas muitas vezes são explícitos,como a depressão que leva a pessoa ao isolamento perdendo o prazer do convívio social e familiar,a dependência química com o uso continuo de medicamentos para controlar a ansiedade e reduzir a sensação de stress da mente .Os jovens estão vivendo uma pressão muito grande, ao mesmo tempo que estão cercados por centenas de amigos nas redes sociais,Facebook,twitter, instagram e em vários grupos de whastApp sentem-se sozinhos e recorrem a grupos que estimula a acabar com essa solidão, induzindo esse jovem a ter coragem e acabar com a própria vida .Isso tudo são indícios para aqueles que estão próximo ficarem em alerta quando comportamentos diferente der sinal que algo não esta bem,que aquela pessoa necessita de ajuda.', 'Portanto preservar a vida é fundamental,esse aumento do ao alto índice de suicídio, deve incomodar a sociedade de um modo geral e trazer debates nas universidades,palestras com especialista na área da saúde,aproveitar os meios de comunicação com noticias, propagandas de uma forma que transmita um alerta e a importância da prevenção, incentivando o diálogo e a busca por um tratamento.']",120,160,120,120,120,640
458,44,"Dever, respeitar diretrizes.","[""o, independente de gênero. Essa ação pode ser divulgada através de retratação às mídias sociais, televisão, jornais, etc. Atingindo o público alvo: atletas e mulheres. Evidenciando que, manter o respeito às diretrizes e também às mulheres como um todo, é fundamental. De um lado, temos os apoiadores da atleta que se posicionaram contra a decisão de bani-la das-competições. De outro, a Federação internacional do atletismo, que julga o problema da esportista como ''injusto'' com s demais atletas. Portanto, evidentemente, ela foi inclusa em uma das regras do esporte, que é igual para todas s participantes, sem exceção. Tal decisão, porém, foi considerada errada por muitas pessoas. Tendo em vista, que atleta sofre de um distúrbio hormonal"", 'Naturalmente, quando uma pessoa sofre de algum distúrbio, doença, etc... Ela é submetida a tratamentos, muitas vezes através de uso de medicação. Ou seja, a federação permitiu que ela voltasse praticar o esporte, contanto,  que a moça use remédios para diminuir o nível de testosterona, que não faz \'\'menos\'\' e nem \'\'mais""\' mulher!  No caso, apenas para que ela se enquadre nas regras do esporte. Desde que isso não traga danos à sua saúde, pode ser considerado justo. Uma mulher não tem que provar sua feminilidade, assim,  como um homem não precisa provar sua masculinidade, mas, em tudo existem regras, e infelizmente ou felizmente, essas, precisam ser cumpridas.', 'Levando em consideração que a atleta pode ter tido alguma vantagem em relação às outras por conta de seu distúrbio, é viável a conclusão da Federação, afinal, tal regulamento vale para todas s outras atletas. Em virtude disso, é preciso tomar muito cuidado ao avaliar opiniões divergentes, que visam somente o lucro, e a politização do assunto para o seu próprio \'\'prazer"", sem antes analisar o contexto de forma geral.. Em contraponto, o direito da mulher de exercer sua função sem ter que passar por exames invasivos deve ser mantido. Porém, foram aplicadas s medidas necessárias. Cabe à Federação Internacional de esportes reafirmar que o regulamento é igualitário']",120,160,120,120,120,640
468,81,"Ame ao próximo, como a si mesmo","['Geralmente combater a intolerância religiosa, ? tem sido algo que poucos se dispõem em  realmente ajudar. O que faríamos se a perseguição viesse a ser algo frequente no Brasil? Será que a liberdade de escolha já não é mais um direito? Quando será que vamos nos tornar mais humanos, parar de visionar somente nossa opinião e aceitar as escolhas do próximo?', 'As perseguições são atos como espancamentos, execuções injustas, prisões ilegais, torturas etc. ? E já é algo praticado em alguns países ? como; a Coreia do Norte, Irã, Afeganistão, Arábia Saudita ? entre outros. O Brasil pode acabar se tornando um deles, pois ? mesmo sendo um país leigo desse tipo de coisa, tem tido grande influência na intolerância religiosa através  dos próprios brasileiros. É um direito por lei desde 1988, ? cada um de nós podermos escolher a religião que se identificar  melhor.  A ideia de “ame ao  próximo como a si mesmo”, segundo a bíblia sagrada, não é vista mais como uma regra,  isso tem feitos de nós orgulhosos e egoístas.', 'Independente  das consequências, pessoas ofendem umas as outras sem pensar, porque não aceitam as escolhas do próximo. Somos ignorantes, ? por não darmos valor àquilo que temos, ? e ? por muitas vezes contribuir com a intolerância religiosa mesmo estando em silêncio, não tendo em vista com mente aberta e maturidade a sociedade composta por pessoas com diferentes realidades, mas tendo em comum o caráter temporário.', 'Campanhas, reportagens, manchetes em jornais e outdoors, ? ajudaria  bastante a conscientizar melhor as pessoas. Porém ? seria preciso uma quantidade grande de pessoas para esse tipo de movimento. Se por  na mesma situação ou no lugar no lugar do próximo, ? poderia ser o objetivo da campanha de conscientização.', 'A desigualdade é o princípio, a intolerância ? o meio e a ignorância ? o fim. Não é possível interpretar significativamente algo que é inaceitável e aceitado  ao mesmo tempo. Contudo ? ainda existe a esperança em muitos de uma sociedade compreensível que abraça as dificuldades do país.']",120,120,120,120,160,640
486,67,,"['Os indígenas foram os primeiros povoadores do território brasileiro, ou seja, antes mesmo do “descobrimento” do Brasil já estavam por aqui . Os indígenas foram figuras muito importantes durante a construção histórica do país, sendo escolhidos como símbolo do Brasil,  durante à época colonial. Porém com o passar do tempo essa população começou a sofrer devido a inúmeros desafios,  que influenciam no modo de vida dos mesmos, como o desmatamento das áreas indígenas e a falta de educação escolar de qualidade.', 'Sendo assim, é necessário olhar com cuidado e preocupação para o desmatamento das áreas indígenas. ois essas áreas são por lei dos índios e tem como objetivo,  cultivar a cultura indígena brasileira, além de preserva o espaço vital deles. Mas mesmo com leis que protejam essas áreas, muitos casos de desmatamento podem ser vistos, e tm como principal causa a exploração para extração de madeira de forma ilegal. Essas explorações causam como consequência o desmatamento das florestas, deslocamento dos índios e a poluição ambiental.', 'Ademais, a precarização na educação desses povos é outro problema que deve ser avaliado . Segundo Nelson Mandela,  “A educação é a melhor arma para mudar o mundo.”, ou seja, a educação dos indígenas é muito importante, pois uma vez adquirida, tm o poder de causar transformações na vida das pessoas através do conhecimento. Essa falta de educação, faz com que os índios acabem se calando por meio de ameaças de madeireiros, por exemplo, devido a falta do conhecimento das leis que a leitura pode oferecer .', 'Visto isso, é necessário que medidas para mudar essas situações sejam tomadas. Primeiramente  o Governo Federal por meio do Ministério do Meio Ambiente, deve efetuar fiscalizações de forma mais rígida,  através de ações de investigações e explorações dessas áreas, para evitar que casos de desmatamento continuem ocorrendo. Outrossim, o Ministério de Educação ,  precisa investir na educação desses povos,  por meio de construções de escolas bem estruturadas e na qualificação de professores especializados, com o intuito de levar educação de qualidade aos indígenas.']",120,160,120,160,120,680
489,84,Porte de  armas no Brasil,"['No ano de 2003, foi aprovado no Brasil o Estatuto do desarmamento, restringindo o uso de armas de fogo na sociedade. Após 12 anos, um Projeto de Lei no Congresso pretente revogar o Estatuto, facilitando e ampliando o acesso no país.', 'Segundo pesquisa, desde que foi aprovado, o Estatudo do desarmamento, mais de cem mil pessoas deixaram de ser mortas no Brasil e o número de homicídios teve queda.', 'Mas, atualmente, com o aumento da violência e deficiência da polícia e outros profissionais e do Estado em combatê-la, a população brasileira sente necessidadede de ter o direito a se defender contra os bandidos(maioria armados), para maior segurança, pois estão com medo de sair ou ficar em suas residências devido a grande criminalidade que enfrentam no dia-a-dia.', 'Caso o projeto seja aprovado, a pessoa, que deverá ter 21 anos ou mais, vai cumprir requesitos mínimos, como passar por exames psicológicos para conferir se não tem problemas mentais e está apta para o porte de arma. Ela também deverá ter curso de tiro.', 'Se o Estado e profissionais não garantem boa segurança a população, logo ela tem direito de defesa e ao porte, usando a arma apenas para a necessidade de proteção contra criminosos; e não utlizá-la em brigas à toa, como atribuem os contrários ao Projeto de lei se ele for aprovado*.']",120,160,120,120,160,680
491,45,"Abuso de autoridade,um problema social","['O abuso da autoridade é uma ação humana de permanecer em cargos para fazer valer vontades em particulares, onde o agente atua com excesso de poder, ou desviar uma finalidade onde o agente usa indevidamente o poder para atingir um fim diverso que a lei lhe confere . Atualmente, o abuso de poder pode ser considerado um assunto conhecido devido ás situações que são vistas no dia a dia que tem dominado noticiários e redes sociais que faze recapacitar sociedade sobre a injustiça do poder autoritário que têm os agentes que ocupam um cargo considerável', 'De acordo com a Constituição Federal, todos são iguais perante a lei, mas, a ocorrência de numerosos casos de abuso de poder dão a impressão de que algumas pessoas são superiores a outras, observa-se casos onde pessoas são humilhadas, enquanto o abusador atua fora dos limites que a lei lhe permite ou evade a finalidade de esta, paralelamente,. Outra situação para ter em consideração em relação ao abuso de poder é o assédio moral no trabalho, onde os chefes expõem aos subordinados a situações que podem ser degradantes e repetitivas', 'Recentemente, ocorreu um caso em particular que gerou revolta em noticiários e redes sociais, o caso de George Floyd, um homem afro-americano que foi assassinado em Minnesota, Estados Unidos, por Derek Chauvin, que ocupava o cargo de policial naquele momento, na cidade de Minneapolis, Derek ajoelhou-se no pescoço de ele até a morte, enquanto Floyd estava deitado de bruços na estrada, o acontecimento mostrava a humilhação e crueldade dos atos, como resultado os policiais envolvidos foram demitidos no dia seguinte e a morte levou ao movimento ativista antirracista Black Lives Matter e algumas celebridades como Lady Gaga, Billie Eilish e Aidan Gallagher se manifestar pelas redes sociais também iniciou-se protestos e manifestações que no começo foram pacíficos, mas depois se tornou-se violentos com destruição de bens públicos e repressão policial.', 'Infere-se, portanto, que é preciso que o estado promova cursos sobre direitos humanos tanto nos novos ingressantes nas forças policias e militares, como aqueles que se encontram em função. É necessário, da mesma forma, educar no ambiente privado sobre assedio de todo tipo, tanto para funcionários como para chefes ou pessoal que tem funcionários a cargo . Com o propósito de evitar os casos de violência policial, o governo deve criar um organismo Independiente  sob o mando de pessoal civil trabalhando com equipes mistos de civis e policiais que se ocupem de controlar,  fiscalizar e investigar o acionar policial onde primeiramente, se afaste o suspeito e certificando-se o abuso, os responsáveis sejam punidos administrativamente.']",120,160,120,160,120,680
492,49,Maturidade dos influenciadores digitais,"['A influenciadora Gabriela Pugliesi , que possui milhões de seguidores , publicou em suas redes sociais vídeos de uma festa que estava acontecendo  em sua casa , porém , tal comemoração ocorria em um período delicado , em que o Brasil estava passando por uma pandemia de Coronavírus , logo , o recomendado pelas autoridades de saúde era o isolamento social , o que não foi respeitado por ela . Tal fato traz tona um problema pouco comentado no país : quais são as responsabilidades dos influenciadores digitais ,visto que, eles são para muitos, referência . Assim , para os mesmos entenderem seu papel na sociedade , o Poder Executivo deve implementar leis que fiscalizem tais atos para que a sociedade civil não seja influenciada a ir na contramão das recomendações e regras impostas pelas autoridades . Além disso, as marcas que os patrocinam devem exigir formação em alguma faculdade de comunicação para que eles estejam preparados para lidar com a sociedade e com o nome da empresa.', 'A priori ,as esferas governamentais deve criar leis que fiscalizem os atos dos influenciadores para que os mesmos tenham em mente o seu papel na sociedade . Assim , medidas como punir os que incitarem , aos seus seguidores , o ódio e o não cumprimento das recomendações e regras impostas pelos poderes que regem o país , podem fazer com que tais famosos digitais não descumpram as regras como o que ocorreu com Gabriela Pugliesi que em pleno isolamento social incitou palavras de ódio e foi na contramão das recomendações impostas pela Organização Mundial de Saúde a OMS.', 'Ademais , as marcas que patrocinarem tais influenciadores devem exigir formação em alguma área da comunicação , visto que , os mesmos devem ter o preparo adequado para lidar com a sociedade civil . Além disso o nome da empresa dará força influência de tais , o que aumentará sua responsabilidade perante a população . Segundo o escritos Umberto Eco , a internet deu voz “ à uma legião de imbecis “ . Tal escritor em seu comentário , apesar de soar um pouco agressivo , refere-se ao despreparo de muitos que ,de alguma forma vai , influenciar seus seguidores .', 'Destarte, os influenciadores devem estar mais preparados e também devem ser punidos ao incitarem o ódio ou influenciar o não cumprimento da constituição e as normas impostas pelas autoridades . Portanto, o Poder Executivo deve criar leis que visem tais atos , visto que , seus seguidores podem repetir suas ações . Outrossim , as empresas que forem patrocinar tais famosos das mídias digitais devem exigir alguma formação nas áreas da comunicação para que o mesmo  consigam lidar da forma correta e influenciarem seus fãs a fazerem o certo , visto que os mesmos  , muitas vezes, acatam e repetem seu atos . Enfim , tais medidas irão acabar com os más influenciadores que apenas levam seu seguidores para caminhos errados.']",120,160,120,160,120,680
496,69,"Agrotóxicos, são tóxicos?","['Os agrotóxicos são produtos que têm por finalidade evitar pragas, como,  insetos, doenças ou plantas daninhas que possam prejudicar plantações. No Brasil a Lei n.º 7.802/89 regulamenta a utilização de agrotóxicos. A lei supracitada é considerada mais permissiva se comparada às leis de países mais desenvolvidos.', 'A Revolução Verde possibilitou a utilização de agrotóxicos em abundância, e apesar de ter sido um avanço na produção agrícola  gerou um impacto ambiental de proporções ainda desconhecidas . A Revolução foi um movimento que utilizava máquinas, sementes geneticamente modificadas e agrotóxicos, com o objetivo de aumentar a produtividade, sendo considerada um dos pilares do chamado “Milagre Econômico” ocorrido no período do regime militar no Brasil.', 'A utilização de agrotóxicos ainda gera impactos ambientais, além de modificar a composição da flora e da fauna ocasiona na infertilidade do solo, possível contaminação da água e danos à saúde humana a qual consome alimentos contaminados por agrotóxicos, podendo causar intoxicação e uma maior probabilidade de desenvolver câncer, devido a alguns serem classificados como potencial cancerígeno, como o glifosato.', 'Diante da atual situação do Brasil em relação ao uso dos agrotóxicos, o Governo Federal aliado com o Ministério da Agricultura poderia  desenvolver projetos de implementação de modelos mais sustentáveis, elaborando políticas públicas que incentive tais projetos. Outrossim, a Secretaria de Defesa Agropecuária através das Inspetorias de Defesa Agropecuária presente nos municípios, fiscalizando com mais severidade, diminuiria o uso abusivo de agrotóxicos em plantações, reduzindo os impactos que afetam o ecossistema do Brasil.']",120,160,120,160,120,680
498,63,,"['Século XXI, o homem nunca teve tantos recursos e meios técnologicos como tem agora, entretanto percebe-se que da mesma forma que cresce a produção e o lucro das grandes corporações, tem-se um aumento gradativo do descaso do homem com o próprio homem. Isso se deve ao grande interesse das empresas em ter lucros cada vez maiores através de investimentos menores.', 'O grandioso geógrafo Milton Santos disse em algum momento que ""O que estamos vivendo hoje é que o homem deixou de ser o centro do mundo. O centro do mundo agora é o dinheiro."" Essa fala pode ser diretamente exemplificada pelos últimos causados pelo rompimento das barragens em Minas Gerais, onde ficou claro a falta de interesse das grandes corporações em assegurar que não fique comprometida a segurança da fauna e flora em casos de possíveis acidentes em seus empreendimentos.', 'Outro aspecto a ser analisado, é a falta de planejamento, pois se houvesse um maior investimento nesse sentido, poderia ser evitado um grande número de prejuízos, como foi feito pelos japoneses . Eles tendo consciência da grande incidência de terremotos em seu país, utilizaram da tecnologia para a construção de prédios com estruturas reforçadas para aguentar possíveis tremores.', 'Evidencia-se então, que esses impactos causados pelas grandes corporações, poderiam ser evitados ou diminuiddi através de uma série de medidas onde as empresas sejam obrigadas a investir em planejamento e essa "" obrigação"" pode ser consumada através de um fortalecimento na legislação, para assim trazer a natureza e o homem para o centro do mundo.']",120,160,120,160,120,680
500,70,,"['No poema do italiano Girolamo Fracastoro , Syphilis é um pastor de rebanho grego que desperta a ira divina e é castigado com pústulas pelo corpo-sintomas de uma doença conhecida atualmente como sífilis.Fora da ficção, as DST´s são um tema em pauta no Brasil, pois elas vêm apresentando aumentos, principalmente entre jovens, prejudicando a saúde deles. Por isso, são necessárias intervenções para combater a questão.', 'De acordo com uma pesquisa realizada pelo Ministério da Saúde,cerca de 60% das pessoas não utilizam preservativos. Esse dado evidencia a baixa eficiência das campanhas de conscientização, já que elas têm como principal função o incentivo a camisinha e a não utilização dela, pela sociedade, é alta. Vale frisar,  que as propagandas ocorrem em poucos meses do ano,e existe uma carência de informações sobre outras DST´s (pois só há sobre a AIDS)  e a gravidade que elas representam para os indivíduos expostos. A existência desses mecanismos são de suma importância,por isso é crucial mudanças em suas abordagens para garantir sua eficiência.', 'Além disso, os jovens sem o conhecimento adequado acabam presos no estereótipo de saúde. Isto é, se a aparência do parceiro é saudável, ele não pode ter uma doença, então é seguro manter relações sexuais sem camisinha. Uma lógica errada, visto que levantamentos como o da Organização Mundial da Saúde(OMS) constataram que aproximadamente 5 milhões da população brasileira sexualmente ativa já foi contaminada em alguma ocasião por essas enfermidades. Logo, a desinformação da juventude é um fator que não só coloca em risco a qualidade de vida desses, mas também contribui para o aumento das DST´s.', 'Portanto, são necessárias medidas para resolver o impasse. O Ministério da Saúde deve abordar,nas campanhas de conscientização, a AIDS e outras DST´s e ressaltar suas gravidades e seus sintomas,como também tornar essas ações efetivas durante o ano todo e disponíveis em redes sociais e aplicativo de relacionamentos, para o alto alcance dos jovens, além de implementar máquinas de preservativos nas escolas públicas,faculdades e postos de saúde para aumentar a distribuição e o uso. Ademais, o Ministério da Educação (MEC) deve inserir ,nas escolas, palestras e disciplinas sobre orientação sexual , com especialistas para desmistificar, alertar e tirar dúvidas dos alunos e seus familiares, sobre essas enfermidades. Feito isso, situações como a de Syphilis não farão parte da realidade da juventude brasileira.']",120,160,120,160,120,680
504,58,,"['Durante o século XVI, o valioso vegetal conhecido como pau-brasil era fortemente explorado com a mão de obra indígena. Este sistema se tornou extremamente importante e, na época, totalmente destinado à coroa portuguesa. Neste contexto, o capital contemporâneo permite tal aproveitamento abusivo, de modo que visa somente o lucro e o desenvolvimento incorreto de suas empresas. É notório que, o problema persiste através do cego capitalismo, pois ele engloba os sistemas de produção, que é fator que mais desmata a atual explorada Floresta Amazônica.', 'O paradigma que impede que a sustentabilidade e o desenvolvimento trabalhem juntos, ainda não é significativo. De acordo com o documentário Cowspiracy, a indústria agropecuária é a responsável pelo maior crime ambiental da história. Portanto, a destruição se dá pela oportunidade de controle, tanto da população quanto da movimentação da moeda, pois quem controla a comida, controla o indivíduo. Certamente, o foco na importância da preservação se mantém em última análise, gerando assim, inúmeros problemas ambientais que estão destruindo o planeta - como as queimadas.', 'Ademais, em consequência das diversas falhas do ser humano, surgiram organizações ambientais que tornam-se famosas com a ajuda do inimigo. É primordial que o estilo de vida saudável usufrua da fauna e flora na mesma condição, sem qualquer tipo de abuso. Sendo assim, é considerável que haja acesso às causas de qualquer impacto negativo no meio ambiente, porém, como por exemplo, o Greenpeace luta contra poluições em prol da vida, mas é pago por indústrias poderosas que silenciam o fator mais infrator: o consumo de carne.', 'Destina-se, evidentemente, ao MAPA - Ministério da Agricultura, Pecuária e Abastecimento - investir em incentivos para que empresas adotem processos produtivos que não desmatam, através de aplicativos e jogos que simulam visualmente o futuro desagradável. Apostando no desenvolvimento sustentável com a utilização de recursos naturais que não causam graves consequências, as implicações ruins do capitalismo serão reduzidas drasticamente. Assim sendo, a conscientização virá para moldar pensamentos em benefício da conservação, logo, contrária à do século XVI.']",120,160,120,160,120,680
515,58,"O risco da falência da floresta, pela ganância do homem.","['A floresta amazônica é a a maior floresta tropical do mundo e abrange em sua área total pelo menos 7 países. Além da sua vasta extensão territorial ela possui grande diversidade de espécies de plantas e animais, vários destes encontrados apenas neste local, os chamados hotspot. Portanto nota-se a importância da floresta para a sobrevivência de diversas espécies que tem nela seu habitat.', 'Porém devido a falta de consciência e respeito de diversas pessoas este bioma está cada dia mais ameaçado, diariamente são encontrados diversos focos de incêndio e desmatamento criminosos nesta área, a maioria deles causados por grandes fazendeiros que se acham no direito de destruir áreas preservadas para a expansão da agricultara e pecuária.', 'No ano de 2019 até o mês de agosto as queimadas aumentaram cerca de 60% se comparados aos últimos 3 anos, números assustadores que se mantidos podem gerar consequências graves e devastadoras na floresta como por exemplo a extinção de várias espécies e perda de grande parte da biodiversidade local, assim sendo a floresta perderá seus componentes de recuperação e corre serio risco de virar apenas história a ser contada.', 'Como medidas de proteção da floresta,  o Brasil recebeu ajuda de custo de países para o auxílio a prevenção de queimadas e desmatamentos, porém é importante que sejam adotadas medidas severas de punição aos infratores que destroem este bioma além de campanhas de conscientização da importância da preservação da mesma para a manutenção da vida na terra.']",120,160,120,160,120,680
516,57,Sem Título 008,"['Com o advento da globalização, viabilizada, dentre outros fatores, pelo desenvolvimento tecnológico, diversos setores foram beneficiados, entre eles o ramo cinematográfico que vem demonstrando grande ascensão. No entanto, nota-se que ao passo em que procura pelo cinema tem crescido, houve uma ampliação na desigualdade de acesso pelas camadas mais pobres. Com isso, convém analisarmos os fatores determinantes desse problema social.', 'A princípio, é indiscutível que o cinema demonstrou grande evolução, do ponto de vista tecnológico, gerando maior demanda de pessoas. Prova disso, são os avanços divulgados em diversos jornais de óculos 3D (Três dimensões), que possibilita uma maior interação nas cenas de filmes, além do cinema 4D ( Quatro dimensões) em que passa a sensação de estar interagindo com as cenas do filme. Todavia, o custo para se ter acesso a esse tipo de inovação é mais elevado, tornando a acessibilidade restrita aos indivíduos que possui maior poder aquisitivo.', 'Além disso, ao passo em que há um crescente desenvolvimento, contribuindo para uma maior demanda, houve também, a pouca democratização do acesso . Um dos motivos pode ser atribuído à centralização do cinema nas grandes metrópoles que favorece as camadas sociais mais elevadas e por localizarem-se próximos aos shoppings . Contudo, é importante mencionar que existem medidas que tentam diminuir a desigualdade de acesso, como as carteirinhas estudantis em que possibilita o estudante pagar meia entrada. Entretanto, boa parte da sociedade que não estão enquadradas nos critérios para obtenção da carteira ficam de fora.', 'Diante dos fatos supracitados , o desenvolvimento tecnológico permitiu o crescimento pela demanda aos cinemas no Brasil e, por outro lado, acirrou a desigualdade social. Nesse sentido, medidas são necessárias para reduzir esse impasse e tornar o ambiente cinematográfico mais acessível aos pobres. Em primeiro plano, é importante uma ação conjunta entre Ministério da Ciência e Tecnologia e o Ministério da Educação, para promover políticas públicas inclusivas, envolvendo o setor privado, como a criação de cotas de baixa renda para pessoas que tiverem o Cadastro Único (CAD.ÚNICO) para programas do Governo Federal a fim de que mais pessoas sejam inclusas gerando, dessa forma, maior democratização do acesso ao cinema.']",120,160,120,160,120,680
517,51,O analfabetismo abre portas para a desigualdade,"['O Brasil é um país emergente , e como tal, têm grandes dificuldades de oferecer uma boa qualidade de vida à população. Dessa forma, muitos brasileiros ficam mercê da desigualdade social, em um mundo cada vez mais globalizado- concentração de riquezas em mãos de poucas pessoas, consequentemente, quem não estuda, ou não pode, vai ficando para trás.', 'Nesse sentido, o analbetismo contribui para as desigualdades sociais - sem formação profissional é muito difícil conseguir emprego com boa remuneração, essas pessoas acabam sendo deixadas de lado e apenas conseguem trabalho informal, sem benefícios presentes na Constituição.', 'Ademais, segundo dados do Instituto Nacional de Pesquisas e estudos (Inep), das 100 escolas com maior nota no Enem em 2015, 97 eram privadas, as escolas públicas tem pouco auxílio do governo, livros didáticos fracos, alguns professores sem boa qualificação e falta de interesses pelos alunos, há falta de estrutura, todos esses fatos contribuem para o abismo em relação às instituições privadas. Além de tudo, em muitas cidades, há falta de ônibus para o transporte.', 'Evidência-se, portanto, um problema na educação dos jovens brasileiros,  Desse modo, o governo precisa criar um programa de reforma na educação pública, melhorando as escolas, criando concursos com mais frequências pros professores, tendo aulas alternativas pros alunos. Assim, os alunos terão uma grande melhora na educação, abrindo portas para a faculdade e diminuindo as desigualdades presentes na sociedade contemporânea.']",120,160,120,160,120,680
519,49,Ameaças da influência alienante,"['Os avanços tecnológicos na comunicação propiciaram o surgimento de novos hábitos, dentre os quais se destaca popularmente a ascendente quantidade de influenciadores digitais nas redes sociais, que objetivam induzir o senso comum a um ideal de consumo ou opinião, logo, demanda-se deste profissional proceder sempre embasado na responsabilidade social, visto que suas respectivas ações possuem alta repercussão.', 'De acordo com os princípios marxistas , quando da ausência de autoconsciência, a estrutura citada configura em si um processo alienador, evidenciado nas atitudes contraditórias da famigerada autotitulada “influenciadora de saúde e bem-estar”, em que agradece a pandemia de covid-19, por supostamente, desmantelar as desigualdades entre as classes sociais, no entanto, ao desdenhar das medidas adotadas pela Organização Mundial da Saúde demonstrou abertamente o desejo de priorizar os interesses perversos da classe hegemônica em detrimento da vida do restante da massa populacional, pois não reconheceu a legitimidade do sofrimento daqueles desprivilegiados, além de influenciar sua audiência a repetir o feito, agravando  a propagação da doença, portanto, torna-se necessário mitigar a perpetuação desta prática.', 'É preciso esforço mútuo do empresariado, consumidores e creators na constituição de uma comunidade crítica, apta a discernir os intuitos ameaçadores ao coletivo nos quais os discursos alienantes se motivam, assim, interrompe-se o suporte ideológico e/ou financeiro através das plataformas midiáticas, no que as instituições de ensino podem contribuir durante a formação dos alunos, quanto aos que fogem deste escopo, responsabiliza-se o Ministério da Cidadania para promover propagandas educativas; estas providências favorecem a prevalência do senso de coletividade sobre a lucratividade, porquanto alcançar autoridade para influenciar a decisão do público requer compreensão prévia sobre a posição ocupada na sociedade e o devido poder de impacto, afinal, segundo Saint-Exupéry: Tu te tornas eternamente responsável por aquilo que cativas.']",120,160,120,120,160,680
529,72,,"['s “ ake ews ’’ vão além de notícias falsas veiculadas em redes sociais ou aplicativos de comunicação, esses tipos de rumores podem ter objetivos de ganhos políticos e financeiros. Em ano de eleições, elas podem causar grandes impactos, por isso são necessárias medidas governamentais diferentes das proposta até então.', 'Em primeira análise, iniciativas adotadas até então pelo governo para combate às notícias falsas é a criação de leis que criminalizam quem divulga e compartilha esses tipos de rumores. As leis ainda não foram aprovadas, mas já podem ser consideradas contraditórias, pois resolveria apenas o problema da elite política que passaria a controlar o conteúdo disponível a respeito de si. Além disso, incriminar quem compartilha tais mentiras é transformar qualquer usuário ( das redes sociais) em criminoso, logo essa medida beneficia apenas uma minoria da sociedade brasileira.', 'Em segunda análise, a legislação não tem a mesma velocidade com a qual as notícias são compartilhadas. Como exemplificação, o jornal O Globo mostrou que o primeiro caso de indiciamento por “ ake ews ’’ ocorrido no Espírito Santo em 2014, teve o inquérito concluído somente agora  três depois . Enquanto as notícias falsas se espalham 70% mais rápido que as verdadeiras e alcançam muito mais gente, resultado de um estudo levantado pelo Instituto de Tecnologia de Massachusetts (MIT), o estudo foi realizado nos Estados Unidos, mas as conclusões podem ser aplicadas ao Brasil.', 'Conclui-se , que a criação de uma legislação não é o bastante no combate às “ ake ews’’. Com isso, o combate começa na escola, portanto o Governo, por meio de envio de recursos ao Ministério da Educação , promova uma “alfabetização midiática”, através de aulas e palestras sobre a importância de procurar fontes confiáveis, identificação de uma notícia falsa, profissionais que ajudem os jovens no desenvolvimento de opinião crítica. Além disso, é necessário que haja parcerias com ONGs que desenvolvam as mesmas estratégias em comunidades, pois desenvolve o senso crítico da sociedade é a melhor medida a ser tomada.']",120,160,120,160,120,680
534,85,Legalidade do aborto no Brasil,"['O aborto é, de modo geral, a interrupção de uma gravidez. A participação popular em questão para desenvolver leis abordadas sobre este tema, é de suma importância, para a consolidação de um Estado laico. O aborto é ainda visto de forma intrigante, malvista pela sociedade, justamente pela inclinação religiosa do nosso país, no entanto, é necessário à a alusão deste tema distante da linha religiosa, pois precisa-se unicamente, de uma lei como esta, pontualemente para corroborar a leigidade* e acautelar milhares de mortes de mulheres todos os anos que se submetem a abortos em clínicas clandestinas.', 'Embora, com os métodos anticoncepcionais, o número de gravidez indesejadas, fora dos planos, ocorre anualmente em grandes quantidades , portanto, a legaligalidade do ato de abortar e a total assistência adotada pelo SUS se faz necessária, para legitimar o desejo das mulheres de não terem filhos. O aborto legal já é lei, quando se trata de um estrupo, porém ao pedirem atendimento, várias mulheres são agredidas, moral e fisicamente, deste modo a ampliação desta lei e a o pronto atendimento as vítimas deve ser explícito e os postos de assistências devidamente mediados pelo Ministério da Saúde.', 'O nascimento de crianças malquistas pelas mães ou nascidas em estado de penúria, deve ser levado em consideração, pois deste modo, o número de crianças em orfanatos aumentaria quantativamente , afetando a estabilidade social, também como, o aumento de crianças à mercê da criminalidade atingiria grandes proporções, à visto disso , grande parcela das crianças e adolescentes seriam estimuladas para o mundo do crime.', 'A lei deve ser instituída e sancionada de forma que, todas as mulheres possam ser beneficiadas, promovendo a licitação do aborto nos primeiros meses de gestação, em que não há vida no feto e, somente, nos primeiros 120 dias de gestação. Além disso, campanhas públicas de conscientização devem ser impostas pela mídia televisiva nacional e claro, disseminada pela internet, devem ser fortificadas para favorecer a simetria da sociedade. O governo juntamente com por meio do Ministério da Saúde, será obrigado a prestar total assistência as mulheres pelo SUS e com boas políticas públicas.']",120,120,160,160,160,720
536,83,O esporte,"['Mediante o contexto olímpico, pode-se perceber que a prática esportiva abrange causas muito maiores que, simplesmente, o entretenimento. Tal prática é benéfica tanto no físico quanto em aspectos sociais, em virtude disso, esta mostra-se digna de valor e consideração.', 'É indubitável que o esporte seja uma ótima forma de entretenimento e diversão. Todavia, há quem considere-o como importante instrumento para a formação de valores, socialização e desenvolvimento humano. Além disso, ele ensina-nos o companheirismo, o espírito em equipe, fazendo com que saibamos agir em grupo.', 'Outrossim, ao passo que a sociabilidade por meio dos jogos esportivos seja algo histórico, desde a Grécia Antiga, quando milhares de pessoas diferentes se reuniam em razão de um motivo: a diversão; esta prática contribui como uma importante ferramenta de inclusão social. Ao tirar jovens das ruas e das drogas, ela também ajuda na segurança pública e no futuro das crianças.', 'Destarte, diante dos termos supracitados, evidencia-se, portanto*, que a prática esportiva trata-se de uma ferramenta essencial para a formação de valores, socialização e desenvolvimento humano, além de sua capacidade includente socialmente ao tirar jovens da rua e das drogas. Desta forma, conclui-se que o aprendizado do esporte vai muito além de simples golpes, passos ou jogadas.']",120,120,160,120,200,720
541,79,,"['A crise do sistema penitenciário é um dos maiores problemas a serem enfrentados no Brasil do século XXI.  Crise esta, causada   principalmente pelo grande número de detentos cumprindo pena nas cadeias do país. É preciso um programa melhor de recuperação de presidiários e um sistema judiciário mais rápido e de mais rigor quanto a  fiscalização dos dos presídios.', 'Assim  um modo de diminuir o número de detentos é investir em sistemas de recuperação eficientes principalmente através  da educação, destinando mais recursos para criar redes de ensino fundamental e técnico de modo a incentivar os presos a estudarem e a ingressar no mercado de trabalho posteriormente; intercalando os estudos com horas de trabalho comunitário rigorosamente fiscalizados.', 'Há a necessidade também de investir em um sistema judiciário mais eficiente que julgue mais rápido os casos, já que uma boa parcela dos detentos, estão presos   aguardando para serem julgados . Em alguns casos de crimes não ediondos  poderíam ser aplicadas penas alternativas, tudo a fim de diminuir a superlotação das cadeias. Sempre lembrando que os presidiários devem viver em lugares limpos com acesso a  água e comida de qualidades, mas sem regalias  como televisão a cabo, internet, geladeira ou qualquer coisa do tipo.', 'Portanto  diante do exposto acima  é necessário uma ação conjunta do Ministério da Justiça com a Receita Federal para destinar uma maior parte da arrecadação de impostos para a contratação de mais juízes, para uma justiça mais rápida e eficaz; de professores, para o ensino nas cadeias; e de policiais para controlar a entrada de objetos e manter a ordem nas penitenciárias , para assim diminuir a superlotação carcerária brasileira.']",120,160,160,120,160,720
554,82,Os riscos da correria,"['Na contemporaneidade, devido a  rapidez dos acontecimentos, é bastante comum que as pessoas queiram resolver os seus problemas de forma rápida e prática, inclusive quando os mesmos  envolvem saúde e bem-estar. Nesse contexto, estudos recentes indicam que a ingestão discriminada de medicamentos de diversos tipos é fenômeno crescente .', 'Seja na busca pela boa forma,  prevenção de gravidez ou até mesmo cura para dores de cabeça, a automedicação tem se tornado prática com cada vez mais adeptos no Brasil e em todo o globo. São inúmeros os malefícios que isso pode trazer ao indivíduo    como, por exemplo, piora no quadro clínico, surgimento de microorganismos  resistentes aos medicamentos, dependência química    entre outros. Nos últimos anos, uma grande parcela de pessoas ingerem remédios, como anabolizantes, sem prescrição médica,    em busca do corpo perfeito. A discussão sobre o assunto gera bastante polêmica. Já foi comprovado pela ciência,   que anabolizantes, em sua grande maioria, causam sérios anos á saúde dos usuários   podendo desencadear doenças como o câncer e até mesmo levar á morte. Além disso, é bastante comum,    acompanhar casos de pessoas que ingerem medicamentos de forma indiscriminada,    na intenção de curar dores no corpo, o que pode gerar uma grave dependência á  esses medicamentos,    e também pode levar ao óbito.', 'Assim, para erradicar esse problema, é necessário que sejam criadas leis mais severas para coibir a venda de medicamentos sem prescrição médica. Além disso, é imprescindível que campanhas publicitárias de conscientização e esclarecimento sobre o problema,   sejam criadas pelo governo ou por ONGs.']",120,160,120,160,160,720
564,83,Introdução ás* atividades físicas,"['O coração está fraco, a alimentação está péssima, bateu o cansaço e anda meio desmotivado? Nada melhor que treinos, exercícios físicos e práticas esportivas para potencializar todo o organismo, a mente o corpo e o espírito.', 'As atividades como malhação, artes marciais e atletismo, entre várias outras, funcionam da seguinte forma no ser humano:', 'primeiro como desafio: o individuo é forçado a sair da sua zona de conforto e quando entra numa área ainda desconhecida termina por adquirir mais auto-confiança e coragem. Num segundo plano, aquele que exercita é forçado a esforçar-se por ter disciplina para não ver o seu trabalho estagnado ou mesmo em regresso. Em um terceiro aspecto,superado a zona de conforto e conquistado a disciplina, o atleta passa agora a ganhar verdadeiros rendimentos físicos que aumentaram o seu rendimento social, de trabalho e até mesmo amoroso . É maravilhoso.', 'Os exercícios feitos de forma equilibrada aceleram o coração, deslocando oxigênio para todo o organismo. Força o pulmão a trabalhar, portanto a respiração trabalha com mais eficácia e o coração trabalhando com mais esforço também ganha eficiência. É por isso que todo o atleta, diferente de pessoas comuns, quando pára de exercitar, seu ritmo cardíaco é bem menor que o de uma pessoa normal. E para concluir com chave de ouro, são liberadas no cérebro várias substâncias como serotonina, endorfina, entre tantas outras que geram no indivíduo uma sensação de prazer única. Essas substâncias melhoram também o humor do ser humano, o que faz levar a vida de uma maneira mais leve, agradável e feliz. É incrível.', 'Não pode-se esquecer que existem pessoas que treinam demais e também se aproveitam de substâncias que fazem mal ao organismo. Isso é algo que deve ser estritamente evitado. Até mesmo nas olimpíadas desse ano de 2016 no Rio de Janeiro, os russos foram proibidos de participar, pois descobriu-se um esquema em que o próprio governo contribuiu com o doping por meio até de cientistas. O ideal é fazer as práticas com um acompanhamento profissional. Maximizar os treinos e minimizar os riscos.', 'Qualquer lugar é razoável para fazer exercícios, começando com o aquecimento e o alongamento e concluindo com a atividade de fato e mais o alongamento final. Sejam flexões, barras, caminhadas, todos contribuem de alguma forma para a saúde física e psíquica, por meio de várias substâncias liberadas nos treinos e por uma mudança habitual nas atividades.', 'Portanto, é ótimo fazer das práticas esportivas com  os grandiosos eventos olímpicos, uma atividade habitual em nosso dia-a-dia, para ter uma vida saudável, alegre e feliz.']",120,120,160,160,200,760
568,84,Porte de armas e criminalidade no Brasil,"['Porte de armas é um assunto bastante polêmico e há pessoas extremistas em ambos lados, tanto a favor ou contra,  mas sendo um tema que não discutimos profundamente. Alguns países possuem leis que aprovam o porte de armas dos habitantes, como os EUA, mas será que em nosso país, essa decisão diminuiria o nível de criminalidade?', 'Sabemos que mesmo sem  leis, muitas pessoas adquirem armas por contrabando, algumas para autodefesa, mas a maioria com outras intenções. Enquanto marginais estão livremente expostos à armas de fogo e roubando cidadãos de bem, outros se encontram  recuados diante da sociedade amedrontados pela possibilidade de um roubo à qualquer momento.  Em certos países a população reage à assaltos graças ao porte de armas.', 'Pesquisas recentes afirmam que a população brasileira aprova armas para defesa, mas apesar de parecer uma solução, pode não ter os efeitos desejados. O porte sem necessidade de autorização não funcionaria no Brasil, especialmente pela falta de instrução e educação de muitos habitantes. Mesmo com a autorização a fiscalização deve ser rigorosa, acarretando mais preocupação para o Estado.', 'Para um nível satisfatório de queda de criminalidade, só o porte de armas não seria viável para o governo mudar suas leis, pois para os efeitos aparecerem, também seria necessário controlar a desigualdade social, a educação, saúde e moradia. A mudança não é repentina, e ainda há falta muito para que a criminalidade no Brasil seja menor. Não podemos nos acomodas com esta situação, precisamos escolher candidatos eficientes, reivindicar mudanças para os governantes, fazer campanhas, e principalmente, ser cidadãos.']",120,160,120,160,200,760
574,83,Esporte,"['Na Grécia Antiga, as olimpíadas eram um símbolo religioso, político e cultural, e proporcionavam um armistício entre as cidades-estado. Nos dias atuais, o esporte deve ser visto como um poderoso instrumento de inclusão e interação, além de proporcionar hábitos saudáveis e de bem-estar. Porém, para que esses efeitos sejam atingidos, é necessário práticas educativas eficazes e resolutivas em suas propostas.', 'As olimpíadas e paraolimpíadas, assim como a copa do mundo, mostram às pessoas que, de fato, o esporte pode incluir e fazer com que haja relação entre povos e culturas universais, oferecendo, sobretudo, o respeito às diferenças, a união, a paz e a harmonia com a diversidade.', 'As práticas educativas colaboram fortemente na comunicação das pessoas, efetivando o respeito aos diferentes pensamentos e ideologias, no entanto, não é raro casos de discriminação nos jogos. Algumas pessoas acabam se tronando alvos de xingamento, racismo e preconceitos atrelados ao pré-julgamento estereotipado de que algumas pessoas não são capazes de participar de determinado esporte ou ao fato da distinção destas práticas, exclusivamente à diferenciação de sexo.', 'Portanto, para que o esporte cumpra com o seu papel na sociedade, é preciso incentivo e investimentos que desenvolvam os talentos pessoais, sem distinção de gênero. O Governo, por meio do Ministério do Esporte, deve incrementar as politicas públicas esportivas criando práticas pedagógicas eficientes, também como providencie infraestrutura necessária e disponibilize instrumentos para as atividades. Só assim, pode-se educar e construir uma sociedade melhor, por meio do esporte.']",120,160,160,160,200,800
576,83,,"['Copa do Mundo em 2014, Jogos Olímpicos e Paralímpicos em 2016. O Brasil, tornou-se o primeiro país da América Latina a sediar eventos como esses. Haja vista as dicussões acerca do legado deixado pelos Jogos, discute-se acerca d a inclusão social e d o exercício da cidadania estimulados através das práticas esportivas.', 'Apesar do avanço do Brasil em índices educativos, muito ainda precisa ser feito  para melhorar a Educação. Segundo dados estatísticos, quando mais desenvolvido economicamente for um país, maiores serão as chances de conquistar medalhas olímpicas. Exemplos disso são os Estados Unidos e a China, líderes da economia mundial e detentoras de inúmeras medalhas no ranking.', 'A prática esportiva estimula a inclusão social à medida que  dá oportunidade à jovens de diferentes classes social , além de propiciar o desenvolvimento de valores e virtudes, tais como o companheirismo, a empatia, dentre outros. Quanto aos exercício da cidadania, fica claro que segundo a Constituição Brasileira de 1988, o esporte é um direito social assegurado aos cidadãos através de políticas públicas.', 'Diante disso, fazem-se necessário portanto, investimentos maciços em educação, para que assim o Brasil chegue ao pódium da conqusita de medalhas da educação, da cultura, do trabalho, das oportunidades e dos direitos humanos. Dessa forma, segue-se o rumo de uma sociedade mais cidadã.']",120,160,160,160,200,800
588,84,O Porte de Arma de Fogo no Brasil,"['No Brasil o porte de arma de fogo é regulamentado pelo Estatuto do Desarmamento, esta é a lei que representa um grande avanço para a sociedade brasileira.', 'Desde a implantação da lei conhecida como Estatuto do Desarmamento, houve um decréscimo do número de mortes por armas de fogo, segundo dados do Ministério da Justiça. Outro fato importante é que a supracitada lei restringe o porte de arma, reduzindo o número de mortes por arma de fogo, e os crimes como roubo, que geralmente são praticados com o emprego de arma de fogo . Esta lei contribui para uma sociedade mais saudável, porque diminui os casos de atendimentos hospitalares, amputações e deficiências físicas, traumas psicológicos, causadas por arma de fogo.', 'No entanto, alguns parlamentares estão propondo alterações no Estatuto do Desarmamento, diminuindo a restrição do porte de arma de fogo. Desta forma contribuirá para aumentar o número de mortes, deficiências, roubos ocasionados por arma de fogo. Ou seja, poderá ocorrer casos de morte iguais as que acontecem nos E.U.A, que é um país, onde o porte de arma é liberado pela constituição americana.', 'A sociedade brasielira necessita organizar-se de maneira consciente e reivindicar mais restrições ao porte de arma de fogo, desta maneira contribuirá para uma nação, mais segura e saudável.']",120,160,200,160,200,840
594,83,Os Ludibriadores do Esporte,"['O esporte é fundamental para a vida, quando praticado da maneira correta ele ajuda a manter a saúde do corpo equilibrada, porém, apesar de trazer benefícios, se este for praticado em excesso pode ser prejudicial, existem diversas maneiras de praticar esportes, mas eles deixou de ser somente para a saúde, entrando na vida das pessoas como uma busca para corpo perfeito etc. Além disso, a prática do esporte e das diversas atividades físicas se tornou uma arma essencial para o desenvolvimento psicológico e humano, incluindo as pessoas dentro do meio social, (.) as olimpíadas é exemplo desse tipo de inclusão, são atletas de todas as nações unidos com um único objetivo.', 'As olimpíadas é um dos maiores eventos esportivos do mundo, e este ano ela será sediada no Brasil, é a primeira vez que a América do Sul é palco de um evento desse porte, um ponto muito importante que a olimpíada traz, é a união de diversos países, com crenças, cultura e religiões diferentes, apesar de existir entre os atletas a prática da xenofobia, porém, esse evento mostra para o mundo um pouco da cultura de cada atleta e suas delegações, unindo em uma só cultura, a cultura de ser Humano, aprender a ser humano é aprender a respeitar a todos, e só assim vai evitar conflitos étnicos, sociais e culturais, (.) todos com um único objetivo, subirem no ponto mais alto do pódio. Os jogos trazem consigo a vontade de vencer, a vontade de ultrapassar os limites do corpo humano, o esporte forma sim pessoas determinadas, saudáveis, forma a mente humana, além de ser uma ferramenta de inclusão social, mas ela tem que ser trabalhada da maneira correta, com professores, psicólogos, fisioterapeutas, senão ele também se torna uma ferramenta de destruição, pois o atleta quando não tem um acompanhamento técnico qualificado, ou quando ele não aprende que o importante é competir e vencer é uma consequência, o leva a buscar uma força chamada dopping, que visa aumentar a sua capacidade e proporcionar uma vantagem desleal em relação aos outros atletas. Contudo, é necessário que, o governo invista na capacitação ética dos professores e dos atletas, só assim o esporte trará somente benefícios na vida dos que o praticam, não colocando a sua saúde em risco, tirando os ludibriadores do esporte.']",120,160,200,200,200,880
597,50,"Nem pandemia ""global"", nem isolamento ""social""","['O que acabou viralizando  junto ao novo coronavírus foram expressões como ""pandemia global"", colocando ""pandemia"" como sinônimo absoluto de epidemia, e ""isolamento social"", como se se tratasse de um vírus social , expressões estas que mostram o quão distante estamos da verdadeira ciência.', 'Quem não sabe exatamente o que significa ""pandemia"", uma epidemia praticamente mundial , acha normal a expressão ""pandemia global"", sem perceber a redundância . Já ""isolamento social"", expressão desaconselhada pela Organização Mundial da Saúde - que deveria ser substituída por ""isolamento/distanciamento físico"", segundo a OMS -, continua a ser utilizada até mesmo por jornalistas.', 'O isolamento social, que pode levar até mesmo a transtornos psiquiátricos, não é o recomendado pela ciência, e sim o ""isolamento/distanciamento físico"". O isolamento físico não impede que nos socializemos , existem telefones, computadores;  o distanciamento físico não impede que conversemos , que nos cumprimentemos : apertos de mãos não são o único jeito de cumprimentar.', 'É momento de o mundo se unir, mesmo ""isolado"", confiar na ciência e deixar o achismo de lado, seguir as recomendações científicas e viver de um modo diferente, com muito mais uso de água e sabão e álcool gel e de máscaras cirúrgicas, até que tudo volte à normalidade.']",160,80,80,120,0,440
604,14,Sonho imigrante,"['O escritor brasileiro, Milton Nascimento em sua música “Sonho Imigrante”, expressa o sentimento de saudade e anseio de retorno à pátria amada. Em decorrência da grave crise política, econômica e social que assusta países em todo o mundo, milhares de pessoas recorrem ao Brasil como refugio em meio ao caos que vivem.', 'Em primeira análise, é importante ressaltar sobre a crise que assola a Venezuela, o que fez com que muitos vissem o Brasil como uma grande porta de recomeço. Segundo dados do Governo Brasileiro , foram emitidas aproximadamente cinco mil carteiras de trabalho dos imigrantes Venezuelanos , o que faz com que trabalhadores que exercem serviços de baixa escolaridade, se sintam ameaçados com a nova concorrência. Outrossim mesmo que a sociedade civil se sinta ameaçada, o Governo Brasileiro não pode omitir ajuda aos estrangeiros, pois a Constituição brasileira prevê igualdade entre nacionais e estrangeiros.', 'Alem do mais, ressalte-se que o Brasil também vive uma crise econômica, com universidades, escolas e hospitais em estado de calamidade. Com a crescente onda de imigrações as autoridades deverão aumentar o repasse de recursos aos municípios, a fim de atender as necessidades básicas dos moradores, sejam eles nacionais ou estrangeiros.', 'Fica clara, portanto a necessidade de ações por parte do Ministério da Justiça juntamente como Departamento de Migrações (DEMIG), como a solução dos “Campos fechados” uma proposta feita pela França e Espanha. É de extrema importância que o Ministério da Saúde intensifique campanhas de vacinação, para que doenças já erradicadas não se tornem novamente um alarde á saúde pública.']",160,120,80,120,80,560
605,9,A crise das universidades públicas no Brasil,"['Inegavelmente, o ingresso de calouros nas universidades públicas brasileiras se dá em sua maioria por alunos oriundos de escolas particulares, os quais foram financiados desde o nível fundamental pelos pais. O atual governo brasileiro, no intuito de cortar gastos, contingenciou verbas das universidades federais, causando muitas manifestações por parte dos estudantes. Nesse sentido, a sociedade começa a repensar a estrutura atualmente adotada pelos sistemas educativos superiores.', 'O corte de verbas nas universidades federais é uma atitude medida do governo atual para equilibrar a economia brasileira. Já na gestão anterior, havia ações nesse sentido, pois muitas universidades federais deixaram de investir em cursos EaD, por exemplo, neste exemplo. Nesse caso, percebe-se uma tendência política em reduzir gastos com o ensino superior federal.', 'Entre os alunos que passam nos vestibulares das melhores universidades públicas do país, estão os alunos cujas famílias possuem renda média ou alta, os demais são procedentes de cotas, seja de negros, pobres, estudantes de escolas públicas, deficientes e, em algumas, indígenas.', 'Em alguns países, como a Itália, por exemplo, as instituições públicas de ensino superior não são totalmente gratuitas, pois cobram um valor anual de cada aluno, com descontos que consideram a comprovação de renda, ou seja, pessoas de baixa renda pagam mais barato.', 'É necessário um estudo aprofundado que vise tanto o corte de verbas como o investimento particular nas universidades públicas, pois além de possuírem um método de ensino excelente, são base de pesquisas científicas no país, não podendo serem sucateadas ou terem seu desenvolvimento afetados.']",160,120,80,80,120,560
609,44,Inclusão de LGBT no esporte feminino mundial,"['Atualmente, a mídia levantou a discussão sobre a possibilidade de mulheres trans ou que possuem níveis hormonais superiores aos estabelecidos pelas Instituições Esportivas Internacionais como a Tiffany para serem aptas a jogar em times femininos. Nesse cenário, percebe-se existência de exclusão desse público em competições esportivas, apesar da Constituição ederal preconizar o bem de todos, sem qualquer tipo de discriminação. Logo, fatores como preconceito e poucas pesquisas sobre o assunto contribuem para o agravamento da situação.', 'Primeiramente, as atletas são vítimas de preconceitos diariamente e também no esporte. Constata-se que esse problema é histórico por causa do patriarcalismo, no qual acreditava-se que a mulher tinha sexo era frágil e sua participação em atividades físicas prejudicaria a capacidade de ter filhos. Atualmente, essa situação persiste, já que os órgãos internacionais definiram um nível máximo de testosterona (5 nmol/l) para participação delas nos jogos (Jornal BBC), diferente do que acontece com os jogadores masculinos. Logo, devem ser desenvolvidas maneiras de incluir a diversidade nos eventos.', 'Em segundo lugar, muitas pessoas acreditam que o desempenho esportivo das mulheres trans é superior às que já nasceram femininas. Entretanto, isso não passa de uma crença, pois ainda não existem pesquisas científicas que provam esse argumento, em função da existência de poucas candidatas LGBT interessadas em seguir na carreira. Em geral, atletas são considerados de alta performance por outros fatores para ser classificado como tal (coordenação motora, conjunto de experiência e entre outros) e não apenas o biológico, de acordo com o endocrinologista Magnus.', 'Diante dos argumentos expostos, nota-se a deficiência na inclusão de LGBT no esporte. Nesse sentido, as Fundações de Amparo a Pesquisa dos Estados de São Paulo e de Mato Grosso, responsáveis pelo fomento, devem incentivar pesquisas sobre as habilidades esportivas das mulheres trans, bem como estabelecer exigências para participação de atletas masculinos, por meio da disponibilização de recursos financeiros para as Universidades em parcerias com os bancos mundiais iniciarem os estudos. Espera-se com isso, aumentar a diversidade nos jogos e desestimular o preconceito.']",160,80,80,200,40,560
615,11,Impactos das mudanças climáticas na vida animal,"['Desde a revolução Revolução industrial, houve um aumento das mudanças climáticas e impactos ambientais no planeta, o que consequentemente afetou também a vida dos animais. Uma das causas é aumento de CO2 (Dióxido de Carbono) na atmosfera, que contribui para o efeito estufa e aumento da temperatura da terra Terra. Outro exemplo Outra causa é o desmatamento das florestas, onde vivem animais das mais variadas espécies, como a onça-parda.', 'Em uma região remota da Rússia, por exemplo, uma vila foi invadida por de dezenas de ursos famintos aterrorizando a comunidade. Essa mudança de hábito de caça do urso de seu lugar de origem para a vila, já vila já mostra as consequências da diminuição do seu habitat natural em razão do derretimento das calotas polares. E se diminui o seu lugar de origem origem, é muito possível que também diminua a quantidade de comida disponível, tendo que buscar outros prováveis habitats para sua sobrevivência, nesse caso, a vila.', 'O urso já é uma espécie em extinção e é proibida a sua matança. Mas o fato do de o urso migrar para as comunidades em busca de comida é um alerta para o mundo. Com certeza também outras espécies estão sofrendo os impactos da poluição causada pelas indústrias e veículos automotores, que são os principais responsáveis pelo aumento dos níveis de CO2 no planeta.', 'Dessa forma, para que a natureza animal possa se manter em seu ambiente natural garantindo sua sobrevivência, é preciso que os governos, as pessoas, pratiquem atos de preservação do planeta, seja fazendo uso sustentável dos recursos naturais e industrializáveis, seja criando leis, campanhas, qualquer leis e campanhas. Qualquer atitude em prol da preservação ambiental é válida, mas é preciso agir logo, as consequências já são visíveis.']",160,120,120,120,120,640
623,45,Letícia,"['No Brasil, o abuso de autoridade remonta a República Oligárquica, quando os coronéis usavam de seu poder para controlar o voto. Atualmente essa condição permanece na sociedade brasileira e se reflete na exclusão e na violência contra as minorias, visto que, o agente( na maioria das vezes público) usa do arbítrio a ele concedido para agir de acordo com suas crenças e preconceitos.', 'Primeiramente, é necessário entender a relação existente entre o abuso de poder e a opressão de minorias. Um exemplo desse tipo de vínculo ,  foi quando um policial agrediu uma mulher negra pisando em seu pescoço durante uma abordagem . Evidentemente, esse tipo de situação acontece com mais frequência com a população negra e periférica, mostrando ,assim, o preconceito de alguns desses agentes.', 'Segundo Karl Marx a história é construída pela luta de classes. Certamente houve avanços no combate ao abuso de autoridade. Por exemplo, atualmente , funcionários não podem impedir alguém de entrar em lugares públicos sem causas plausíveis . Entretanto, ainda há muitos empecilhos para o fim desse tipo infortúnio, visto que,  não existem leis o suficientes para que essas adversidades possam chegar ao fim.', 'Portanto, para acabar com este entrave, é necessário que o Ministério do Trabalho juntamente com o Governo Federal, a partir de investimentos, criem e melhorem as medidas de prevenção e fiscalização desse tipo de atitude(como cursos de ética trabalhista e implementação obrigatória de detalhados relatórios de trabalho). Também é importante que as escolas  participem por meio de projetos e palestras sobre respeito ao próximo. Assim será possível garantir que as minorias se sintam seguras e incluídas na sociedade brasileira .']",160,120,80,160,120,640
626,55,A situação indígena,"['Promulgada em 1948 pela Organização das Nações Unidas (ONU), a Declaração Universal dos Direitos Humanos garante direitos básicos aos indivíduo a todo e qualquer eixo social. Contudo, é perceptível que a situação dos povos indígenas no Brasil se difere na prática, tendo em suma que os direitos não lhes são concebidos . Nesse sentido, não há dúvidas de que a questão indígena merece visiabilidade não só pela postura negligente social, mas também pela não valorização cultural.', 'Os indígenas, antes mesmo da chegada dos portugueses em 1500, já ocupavam as terras que posteriormente lhes são tomadas e nomeadas de ""Brasil"", sendo que a população nativa variava entre três e cinco milhões de habitantes . O choque de culturas foi evidente logo ao primeiro contato e o indígena passou a ser visto como inferior, sendo imposta a cultura européia, além das mortes em combate pela ocupação de terras ou por doenças trazidas pelos portugueses. Com o passar dos séculos, este povo ainda é reprimido, mesmo com a dívida histórica evidente. Houve um declínio significativo no número de indígenas morando em florestas no Brasil por conta do avanço das cidades sobre as matas, desmatamento e escassez de alimentos , levando-os a migrarem para áreas urbanas em busca de melhores condições de vida.', 'Atualmente há leis, decretadas na Constituição Ferederal de 1988, que garantem áreas reservadas para o povo indígena, trazendo a preservação cultural e o mantimento das atividades realizadas por eles, entretanto, mesmo com a crescente conscientização social, ainda está presente o pensamento de que o indígena  deve se adequar à sociedade urbana e viver conforme a mesma , indiferente aos direitos que lhes deveriam ser concebidos.', 'Interfere-se que há ainda entraves para a questão indígena na sociedade brasileira atual, sendo necessárias políticas que visem garantir direitos e visiabilidade à questão. O governo deve capacitar as leis já existentes, fazendo com que elas sejam de fato eficazes para que ocorra melhores condições de vida à população indígena. Outrossim, é importante expor a realidade a qual estes povos vivem através de ONGs sociais, dando enfoque à defesa das causas indígenas e à expansão dos ideais humanitários, alcançando uma esfera social ainda mais ativa e que vise cada vez mais em melhorias para a causa.']",160,120,120,120,120,640
627,49,O papel dos influenciadores digitais,"['Atualmente no Brasil podemos citar centenas de influenciadores que estão presentes em nosso  dia a dia, entre eles, Whindersson Nunes. Reconhecido tanto nacionalmente como internacionalmente, o mesmo se destaca por seus vários shows humorísticos e por seu canal no Youtube. Além disso, Whindersson, como vários outros, vem trazendo  risos e manias aos que o segue diariamente pela rede digital.', 'Os influenciadores digitais têm como objetivo vender e propagar uma imagem, que tanto pode ser a receita de um suco “fitness” ou a venda de uma marca de batom pela qual trabalha ou usa. Todos os dias milhões de pessoas acordam pela manhã e são pegas pelos ""stories” de atores, modelos ou até desconhecidos com boas frases de efeito. Como um exemplo disso, podemos citar o livro Extraordinário, de R. J. Palácio. No qual conta a história de August, um encantador menino que possuía deformidades no rosto e sofria bullying por ser diferente, porém, invés de reclamar via as coisas de uma maneira diferente . Nesse sentido, esta obra influencia na pratica da gentileza com o outro, reafirmando que todo ser é especial e diferente.', 'Entretanto, também é possível perceber que muitos influenciadores usam seus seguidores para estereotipar atitudes, roupas de marcas e um modelo de corpo perfeito. Além disso, apresentam opiniões e pontos de vista sobre determinados assuntos que influenciam e as vezes manipulam a cabeça de milhões de jovens e adultos, fazendo com que os mesmos  assumam comportamentos e personalidades de seus “famosos”.', 'Portanto, é necessário lançar e promover campanhas que façam com que as pessoas percebam que os maiores influenciadores precisam ser nós mesmos , uma vez que,  cada pessoa é diferente de outra. Tendo isso em vista, deve haver panfletos nas ruas, lojas e escolas para que a sociedade em geral se redescubra como influenciador próprio e adquira sendo crítico.']",160,120,120,160,80,640
629,50,A ciência aliada com a Saúde,"['Uma boa saúde é essencial para a qualidade de vida das pessoas. Com o avanço da ciência também se aumentou o tempo de vida da população, reflexo da aliança entre a ciência e a saúde.', 'Com o avanço da tecnologia, novas ferramentas surgiriam  para auxiliar em diversas áreas, inclusive na saúde. Assim também como novas doenças surgiram, desafiando   o mesmo . Com isso, governos vem desenvolvendo métodos para combater esses males que atormentam as pessoas.', 'Com isso, a ciência se torna fundamental para encarar esse problema. Várias Universidades no mundo todo, por exemplo, vem desenvolvendo pesquisas para combater os vírus, contribuindo para a conservação da saúde das pessoas. Recentemente, pesquisadores da USP em parceria com a Universidade de Oxford sequenciaram o genoma da covid-19 em 48h, fundamental para achar a cura da doença.', 'Fica claro e perceptível que a ciência  é fundamental para ajudar na conservação da saúde das pessoas, om isso, é possível concluir que é necessário os investimentos para a manutenção dessa ferramenta que se tornou tão importante.']",160,160,120,120,80,640
631,28,Mãos Atadas,"['Em 1992, houve o movimento que ficou conhecido como “caras pintadas” em protesto devido aos acontecimentos dramáticos do governo de Fernando Collor de Mello, além disso o forte descontentamento influenciada pela economia e corrupção, no mandato de Dilma Rousseff, fizera que 3 milhões de pessoas , nos 26 estados saíssem nas ruas para protestar ao apoio do impeachment . Por outro lado, o governo atualmente toma uma série de medidas impopulares, as taxas de desemprego não param de subir, porque as pessoas não saem nas ruas para protestar?', 'De acordo com Carla Zambelli, no ano passado existia um só mote que era o impeachment , simples e fácil de entender. “Hoje são vários “joesley na cadeia”, “fora temer”, “ Dilma sem direitos políticos “, ... São tantas coisas que as pessoas não entendem ou não se identificam, porém o fato de não participar nas ruas não significa que não existe na população o descontentamento . A rejeição a temer é mior do que qualquer outro presidente que tenha sofrido impeachment, segundo o Maximiliano.', 'Além disso, o governo temer está em estado terminal, os presidentes e lideres já tem a percepção de que temer não representa o país afirma Miriam Gomes saraiva , pesquisadora do departamento de relações internacionais da universidade do estado de Rio de Janeiro (UERJ), como também o ex-senador Renan Calheiros disse, querem tirar de qualquer maneira o piloto porque a turbulência está cada vez mais insuportável, ninguém aguenta mais.', 'È certo que, como os protestos que foram realizados em 2013 em apoio ao impeachment tiveram uma influencia de êxito, não há duvidas que se faz necessário a volta de pessoas as das ruas e a vontade de buscar sobre as questões relevantes do país. Desta forma é necessário que lideres do poder publico, e pessoas ligadas diretamente a esse meio como por exemplo sindicalistas, organizem novas manifestações, não podemos ficar de mão atadas devemos agir, guiar o povo de volta as ruas. Ademais proporcionar a população formas de educação política, como palestras nas comunidades , nas escolas e engajarem essas pessoas nos debates sobre como se dá a administração do país. A fim de que teremos brasileiros com uma consciência política bem formada e mais ativos para lutar por seus direitos.']",160,120,120,120,160,680
640,77,,"['Por aproximadamente dois mil anos o cristianismo utilizou-se do evangelho para apresentar padrões que os fiéis, que deveriam segui-los . O controle social parecia ser uma das funções práticas mais nítidas dos assim chamados “mandamentos”, tais o como o “não matarás” e o “não roubarás”. A obediência dos fiéis parecia estar sustentada em algum ponto entre o almejado reino dos céus e o temido inferno.', 'A sexualidade teve papel de destaque em alguns pontos da Bíblia, nos quais se sustentava que Deus criou o sexo para se feito apenas pelo homem com a mulher, como em Gênesis 1: 27. Isso pode ter sido, como vários outros trecho mais diretos, um dos contribuintes para o desenvolvimento de ações homofóbicas. Apesar de não haver apoio explícito à práticas de violência por parte do cristianismo, a sociedade interpreta os ensinamentos da maneira corresponde às contingências em que estão inseridas, e é aí que muitas vezes geminam ações deletérias de agressão.', 'No decorrer da história, inúmeras denominações foram usadas para identificar a homossexualidade, que refletiam sempre o caráter preconceituoso da população que as utilizava. Pecado mortal, perversão sexual e aberração, os homossexuais eram considerados também vítima de castigo divino ou de possessão de entidades malignas. A homossexualidade era assim entendida por pessoas movidas por suas crenças e ideologias . A recente tentativa por parte de um grupo de psicólogas (os) defensoras (es) da “cura gay” parece ser um triste exemplo moderno dessa mentalidade discriminatória.', 'A homofobia implica em uma visão equivocada na qual o indivíduo acredita que a heterossexualidade é superior moralmente e vista como normal em detrimento da homossexualidade, que é vista como anomalia. Mesmo o poder judiciário reconhecendo o direito de pessoas do mesmo sexo viverem legalmente em uma união estável, isso não foi o suficiente para cessar a homofobia, pois é notável que a violência física e verbal ainda persiste .', 'Até mesmo na ciência, décadas atrás, acreditava-se na ideia de que a homossexualidade poderia ser um distúrbio psicológico e que haveria formas de revertê-la. Como exemplo, pode-se citar o matemático Alan Turing, que foi submetido em 1952 a um tratamento com hormônios femininos e castração química. Analogamente, em 1950 a 1960 um grupo de terapeutas brasileiros aplicou um técnica de “curar” a homossexualidade’’ que tinha com base a exposição de fotos de homens nus a homossexuais enquanto os mesmo recebiam choques elétricos ou substâncias que os faziam vomitar, em seguida eram colocados próximos de mulheres. Os resultados obtidos não foram os esperados, visto que os mesmo não obtiveram a “cura”, pelo contrário, os experimentos contribuíram para o desenvolvimento de traumas psicológicos.', 'Portanto, observa-se que a homofobia ainda é um grande problema no mundo, e no Brasil o revés parece estar em crescimento. Um caminho possível para amenizar essa adversidade seria a aprovação de legislações específica voltada para a inserção e garantia de direitos à população LGBT no sistema jurídico, bem como a sensibilização da sociedade para esse assunto por meio de programas televisivos, como as novelas, as séries e as propagandas, visto que essas são de interesse popular. Essa campanha também poderia ser adota pelas e igrejas. As universidades poderia abrir mais debates sobre o tema e incentivar os acadêmicos a fazerem pesquisas e escreverem artigos a respeito.']",160,120,120,160,120,680
643,50,Combate ao Covid-19,"['Ciêntistas e especialistas estão trabalhando incessantemente para combater a proliferação do novo covid-19. Originado na China, por meio do consumo irregular de animais silvestres, a doença se espalhou rapidamente virando uma pandemia mundial. Como tentativa de evitar o aumento da mesma , autoridades da área da saúde defendem o isolamento social.', 'Com toda atenção da área da saúde voltada ao novo corona vírus, ciêntistas descobriram que as principais vias de transmissão são gotículas salivares, tosse e espirro, por isso, indicam o uso de máscaras e luvas. A forma de proteção considerada mais eficiente é o isolamento social, evitando aglomerações e contato com outras pessoas. Diferente de outras doenças que levam um longo período para o desenvolvimento de antídotos e tratamentos.  O covid-19 em seus primeiros casos chama a atenção de centros de pesquisa que entram en ação rapidamente para a elaboração de uma nova vacina.', 'De um lado temos o isolamento social e do outro a queda na econômica do país. Com o novo mandato para que as lojas permaneção fechada, as empresas acabam não gerando o lucro necessário para se mater no mercado. Em primeiro lugar, devemos nos preocupar com a saúde da população utilizando outros meios de compras mantendo  os devidos cuidados e o isolamento social. Novos aplicativos surgiram para facilitar a compra e venda de produtos evitando  o contato físico e o aumento da pandemia.']",160,120,120,160,120,680
645,46,Saneamento básico,"['A história do saneamento básico e tratamento de água e esgoto no Brasil começou em 1561, quando o fundador Estácio de Sá mandou escavar o primeiro poço para abastecer o Rio de Janeiro. Na atualidade, entretanto, a população morando nas áreas urbanas cresceu exponecialmente, mas os serviços básicos como água e esgoto tratados não acompanhou esse crescimento.', 'Inicialmente, segundo dados do IBGE , cerca de 35,7%, dos domicílios no país não têm acesso a rede de esgoto e água tratada. Desse modo, o Senado aprovou o novo marco legal do saneamento básico, mas para isso acontecer é necessário a privatização desses serviços. Uma vez que, infelizmente essa área recebe pouco investimento do Estado.', 'Além disso, a população que mora nas periferias são as mais carentes desses serviços essenciais de acordo com o portal de notícias G1.Nesse sentido, a falta de saneamento básico tem consequência direta na vida dessas pessoas e para cada real gasto nessa área o Estado economiza nove reais em saúde segundo pesquisas do Ministério da Saúde.', 'Portanto, para que esse impasse evolua e a privatização do saneamento básico seja possível. Cabe ao Governo Federal sancionar a lei que libere as empresas privadas a gerenciar o novo marco legal dos serviços essenciais como água e esgoto tratados. Nesse sentido, a população das áreas periféricas podem receber esses recursos,somando a isso, é necessário que as instituições gerenciadoras do saneamento liberem cotas para pessoas de baixa renda com a finalidade de que elas possam pagar para ter acesso a esses serviços. Uma vez que,  o Estado não foi capaz de solucionar esse problema.']",160,120,120,160,120,680
649,48,"Análise das UPAs e cirurgias, SUS","['O Sistema unico de saúde  instituído na instituição de 1988 teve grandes avanços como também alguns obstáculos. Será analisado a partir de suas UPAS, Unidades de Pronto Atendimentos que devem fornecer o básico a população como: atendimentos, remédios, vacinas, inclusive cirurgias e a necessidade no número de médicos.', 'No que se refere ao atendimento tanto por telefone quanto presencial, os pacientes podem chegar a ficar horas e até dias de espera. Quando chegam na UPA, existem filas de pessoas em atendimento que em alguns casos chegam a falecer. Se há uma deficiência elementar numa unidade básica de atendimento, fica evidente a lesão em todo o sistema . No que tange os remédios e vacinas a limitação do teto da saúde com a constituição de 1995 prejudicou ainda mais o desempenho do sistema . Há pessoas que saem das UPAS sem medicação. É preciso solucionar essas deficiências  pois uma população doente é uma economia fraca e um país estagnado em todas as outras áreas.', 'Há ainda carência de vacinas e s vezes até de gesso para precaução das pessoas e as que se acidentam. Além de pacientes no que cerne as cirurgias que necessitam de marcapassos ou mesmo hemodiálise e ficam anos na fila de espera e chegam até mesmo a óbito . Outrossim é a decadência no quadro de profissionais, grande obstáculo devido a má valorização econômica dos médicos que preferem trabalhar para os hospitais privados ou vão para o exterior se especializar e se empregar . Isso acontece pelo valor das cirurgias que é pago pelo Estado para os doutores muito aquém do privado . É notório avanços, mas também grande descaso com a saúde pública quando se analisa sua unidade básica, que dirá, as mais complexas como os hospitais e o crescente número de leitos em UTIs devido as negligência dos princípios básicos de atendimento.', 'Uma forma de superar todos esses problemas seria o Ministério da Saúde orientar às secretarias em primeiro lugar a criar um convênio com baixa de imposto para todas as farmácias do país. Em segundo lugar  dobrar o orçamento da saúde e superar o obstáculo financeiro das cirurgias e quadro de médicos. Além de uma revolução burocrática na hora do atendimento. Desse modo é possível cumprir a constituição em seu artigo 196. ""A Saúde é um dever do Estado e um direito de todos.""']",160,160,120,120,120,680
651,46,A Privatização é o ideal?,"['O saneamento básico no Brasil é essencial por melhorar a qualidade de vida das pessoas,mas nem todo mundo tem acesso,e a privatização é um meio de fornecer água tratada e a coleta de esgoto.Mas essa medida não atende a maioria da população,há também o aumento das tarifas de água e esgoto.', 'A princípio a privatização é para a melhoria do saneamento básico,mas eles só atendem os municípios com maior renda per capita ,e deixam de lado as periferias,e populações de baixa renda que continuam sem o saneamento básico e ficam expostos a doenças e bactérias.', 'Outrossim é o aumento nas tarifas de água e esgoto,s empresas fazem isso como um meio de lucro,mas muitas pessoas não conseguem arcar esse aumento e acabam ficando sem essa privatização do saneamento básico.', 'Torna-se evidente,portanto que a privatização do saneamento básico deve atender a maioria da população.Por isso o Ministério das Cidades deve criar propostas, por meio de reuniões e palestras  para que as empresas possam tornar a privatização bom para todos,para que a população possa ter uma boa qualidade de vida sem nenhum risco saúde.']",160,120,120,160,120,680
656,49,A importância dos influenciadores na era da globalização,"['Com o advento da internet e a consolidação da globalização,  criou-se um cenário global no qual milhões de pessoas poderiam se conectar e ter acesso à informação acerca de diversos assuntos, o que permitiu, por exemplo, a criação de profissões como a dos influenciadores digitais. Através das redes sociais, esses usuários geram conteúdo e atraem seguidores, que muitas vezes têm confiança na informação divulgada pelos influenciadores e desse modo não os questiona.', 'No entanto, essa forma de pensamento pode levar à disseminação de notícias falsas se um influenciador não pesquisar as informações em fontes confiáveis antes de postá-las. Porém, caso seja feito um controle, esses profissionais podem usar sua influência de maneira contrária, combatendo a desinformação. Recentemente, devido à pandemia do novo coronavírus, a Cruz Vermelha contratou cerca de trinta influenciadores digitais para combater a desinformação do público através da divulgação de conteúdos essenciais acerca da doença. Essa medida foi tomada  pois, embora haja uma lista sobre as informações falsas em circulação no site da Organização Mundial de Saúde (OMS), essa não é acessível a todos e não impede a propagação dessas informações.', 'Atitudes como essa demonstram que, ao contrário do que alguns pensam, os influenciadores exercem um papel importante, o qual pode beneficiar grandes organizações ou pequenas empresas, visto que são uma boa estratégia de marketing. Porém, ao “formalizar” esta profissão, faz-se necessária a criação de uma legislação, proibindo a divulgação de conteúdos que desrespeitem os direitos autorais ou que contenham qualquer forma de discriminação.', 'Em suma, pode-se concluir que os influenciadores digitais exercem um papel de grande impacto na nossa  sociedade e, portanto, devem ser regulamentados, o que pode ser feito através de uma lei que determine regras acerca dos conteúdos publicados e que defina média salarial e carga horária para os influenciadores contratados por empresas . Outrossim, deve ser estabelecido um mecanismo de controle em redes sociais para evitar o compartilhamento de notícias falsas, como a exclusão de postagens após a denúncia ou confirmação de que seu conteúdo é ilegítimo e a realização de acordos com agências como a Lupa, que pesquisam e contradizem essas notícias. Desse modo, além de gerar empregos, seria assegurada a segurança e confiança dos usuários nas mídias.']",160,160,120,120,120,680
666,80,Destruindo o racismo,"['O preconceito racial no Brasil deve ser combatido primeiramente nas próprias mídias nacionais e depois exterminado através  de uma ação social em todas as escolas do país, com o intuito de educar as crianças e jovens para não cometerem esse crime. Porém, isso só se tornará possível se todos começarem a refletir e a querer a mudar as suas atitudes em relação ao preconceito racial.', 'A discriminação contras os negros no país poderá ser encerrada,  se um projeto de lei,   proibir às  mídias nacionais de utilizar de uma forma excessiva a imagem de qualquer indivíduo da cor em papeis, como em novelas ou filmes, como se eles fossem bobos, eternos serviçais, analfabetos ou ainda como bandidos. Isso de fato irá se caracterizar como um repressão contra a liberdade de expressão das mídias, mas a justiça e os demais devem entender que, para se fazer um filme ou uma telenovela,   utilizando-se os negros, eles não precisam personificarem sempre esses papeis.', 'Além desta  ação, o racismo também poderá ser neutralizado se uma grande mobilização social nas escolas de todo o país for posta em prática, com a finalidade de instruir crianças e jovens com materiais didáticos em forma de panfletos ou apostilas,   de que os negros não devem ser hostilizados,   só porque a cor deles é diferente das delas. Fora isso, o material deve apontar também que,   os negros têm uma vasta contribuição cultural em nosso país, seja elas em forma de danças, cânticos religiosos ou culinária   e que eles são indivíduos como qualquer um.', 'O Brasil tem tudo para combater o preconceito racial em toda a sua extensão, seja o coibindo nas mídias   ou  nas escolas. Porém, isso só se tornará possível se todos começarem a refletir e a querer a mudar as suas atitudes em relação ao racismo, pois   caso contrario, de nada irá adiantar se cada pessoa não começar a se reeducar para eliminar de vez esse costume tão arcaico e errado.']",160,120,120,120,160,680
674,43,Opiniões dissimuladas nas redes sociais,"['A cultura do cancelamento nas redes sociais é uma questão que divide diferentes opiniões no Brasil e ao redor do mundo. Uma prática recente que vem se propagando cada vez mais, principalmente com o avanço da tecnologia. Tal cultura começou como uma forma de trazer a atenção do público para causas sociais, judiciais e ambientais e amplificar a voz de grupos reprimidos, além de forçar ações políticas de marcas ou figuras públicas.', 'Vale mencionar que essa cultura ocorre quando uma marca, artista ou pessoa é ejetado de sua posição de influência ou fama, depois de uma ação questionável como a injúria, o preconceito ou só pelo fato de possuir uma opinião diferente da maioria . Segundo o site de notícias da Uol, os boicotes virtuais estão se descolando de atos concretos e alimentando a intolerância, na maior parte só por causa de uma opinião diferente. Quem mais sofre com isso são os famosos e super famosos, pois perdem patrocinadores e parte dos fãs. Bem como afirmou o político e sociólogo americano Daniel Patrick Moynihan: “Todos têm direito à própria opinião, mas não aos seus próprios fatos”.', 'Além do mais o Brasil já vem sofrendo muito com as famosas “fake news”, notícias falsas que são amplamente transmitidas . Pessoas influentes ou marcas podem ser vítimas delas, se posicionarem equivocadamente e assim gerar maiores complicações para si mesmo e para seus seguidores. Sem dúvidas também pode acontecer isso em eleições, candidatos ou partidos manifestarem opiniões opostas ou terem atitudes ilegais e serem duramente combatidos com um possível cancelamento em suas redes sociais.', 'Em virtude de tudo que foi mencionado, é certo que medidas devem ser feitas para a resolução desse problema. Havendo uma fiscalização em redes sociais para detectar possíveis crimes, ou opiniões que possam gerar grandes discórdias na população, identificando e aplicando uma punição exemplar. Mas primeiro seria necessário o MP Ministério Público,  criar um órgão para desenvolver  esse papel e que também poderia atuar no combate às fake news . Isso sendo feito acabaria evitando assim a cultura de cancelamento nas redes sociais.']",160,160,120,120,160,720
675,49,O PERIGO MUNDIAL DAS CELEBRIDADES DIGITAIS,"['Recentemente, o debate sobre os influencers esteve em alta;  não só pelo seu aumento em popularidade nos últimos anos, mas pelas questões sobre o nível da influência que eles exercem sobre seus milhões de seguidores. Antes da internet, influenciadores já existiam — cronistas expondo suas visões no jornal, famosos fazendo propagandas de marcas e produtos, a lista é extensa . O que diferencia, no entanto, estes influenciadores dos digital influencers é o seu alcance . Atualmente, um só tweet pode ser lido pelo mundo inteiro. Logo, quando estas celebridades digitais propagam ideias imorais e estilos de vida questionáveis, causam impacto mundial.', 'Durante o isolamento social devido à pandemia do coronavírus, a influenciadora digital Gabriela Pugliesi deu uma grande festa, ignorando as recomendações de saúde. Não muito tempo atrás, Pugliesi fora ao casamento de sua irmã apesar da pandemia, o que resultou na contração do vírus por vários convidados, incluindo a própria influencer. Gabriela excluiu sua conta no Instagram após receber críticas ao seu comportamento, mas isso não apaga o fato de que ela reforçou a ideia de que a situação da COVID-19 não é algo sério, quando em realidade já matou milhares de pessoas.', 'Nos EUA, o youtuber Jake Paul causou polêmica ao passar a propagar, em seus vídeos e em seu último tour, a ideologia de que a escola é inútil e que o sistema de educação acadêmica é falho. É importante frisar que seus fãs são, majoritariamente, o público infantil. Influenciados pelo youtuber, muitas crianças podem começar a negligenciar a educação e, desta forma, prejudicarão seu futuro . De fato, um diploma não é um fator decisivo no sucesso de um indivíduo, mas até figuras como Steve Jobs e Bill Gates, que abandonaram a faculdade, afirmam que a educação e a busca por conhecimento é vital na jornada ´para um futuro melhor.', 'Por fim, é nítido a necessidade de controlar o poder dos influenciadores digitais. No entanto, não cabe às redes sociais censurá-los toda vez que dizerem uma opinião controversa. Aliás, tal ação seria ferir a liberdade de expressão no espaço digital. A solução, portanto, fica nas mãos das empresas que patrocinam os influencers . Ao deixar de apoiá-los financeiramente, os influenciadores não terão outra escolha além de reavaliarem suas ações e o conteúdo que eles oferecem a seu público.']",160,160,120,160,120,720
676,50,Coronavírus,"['Em 1948, a Declaração Universal de Direitos Humanos (DUDH) reconheceu a saúde como um direito inalienável de toda e qualquer pessoa e como um valor social a ser perseguido  por todos. Trazendo  para a atualidade, percebe-se que a ciência exerce papel fundamental na garantia desse direito, já que é por meio desta área que várias descobertas são realizadas tanto como forma de prevenção quanto ao combate de diversas doenças , como a atual pandemia mundial, vírus Covid - 19. O Brasil passa por um momento de crise econômica, sobretudo na produção científica, devido ao contingenciamento adotado pelo governo federal atual.', 'Primeiramente, destaca-se a importância do isolamento social, como precaução, não somente no país de origem, mas também entre as nações, já que através da quarentena é possível restringir de maneira eficiente a contaminação entre a população. Sem a implantação dessa medida, percebe-se que o contágio tende a ser em maior proporção e com isso haverá dificuldade em administrar a situação, visto que o número de leitos nos hospitais não comportarão esse contingente. O país, acertadamente, conseguiu controlar a última pandemia, influenza A H1N1, entre os anos 2009 a 2010, adotando medidas preventivas,  através de estudos realizados a partir do ano de 2006. Diante disso, não houve muitos problemas em controlar a doença, pois já tinha tomado as ações necessárias ao combate do vírus.', 'Ademais, na contramão de uma solução atual , apesar de o Brasil ter diminuído os recursos na produção científica, cientistas locais estão interligados com outros no restante do planeta, com o objetivo comum de descobrir uma vacina para a cura do coronavírus. Pesquisadores da Universidade de São Paulo (USP), em parceria com a Universidade de Oxford, conseguiram sequenciar o genoma do vírus em 48 horas , essa descoberta foi fundamental para entender como se dá a mutação do vírus e como uma vacina pode ser criada para evitar ainda mais o contágio comunitário.', 'Em face dos aspectos apresentados, conclui-se que faz-se necessário ações políticas no sentido de fortalecimento da rede científica. Segundo a professora e pesquisadora da Fio Cruz, Deisy Ventura, “Um país Soberano precisa ter instituições de pesquisa fortes e valorizadas”. Portanto, cabe ao Estado, por meio dos Ministérios da Economia e da Saúde, os investimentos essenciais na área científica, aumento de profissionais e valorização desses. Além disso, é indispensável o alinhamento entre os Estados e Municípios, a fim de combater o Covid – 19 e possa ser garantindo saúde a todos, conforme reconhecida pela DUDH como um direito inaliável e valor social.']",160,160,120,160,120,720
679,48,Sem título***,"['O SUS  é uma importante instituição pública que atende toda a população brasileira, indo desde atendimentos mais simples até cirurgias mais complicadas . Entretanto, por maior importância que o sistema de saúde universal tenha, é de conhecimento geral que há muitos problemas que ainda devem ser resolvidos. Seria então uma solução acabar com o SUS?', 'A resposta para essa pergunta é não . O sistema de saúde pública no Brasil é essencial, pois cerca de 78% dos cidadãos brasileiros dependem exclusivamente dele. Sem ter como pagar por uma consulta, muito menos por uma cirurgia, na rede privada, são os hospitais públicos que a maioria da população procura . O Sistema Único de Saúde atende desde casos mais primários até procedimentos cirúrgicos de alta complexidade, um exemplo: transplantes. Oferece gratuitamente, também, vacinas e remédios para diversas doenças. Acabar com isso tudo seria, no mínimo, muito irresponsável, podendo até gerar uma crise sanitária no país.', 'Contudo, não é de hoje que são encontrados problemas em hospitais públicos. Um exemplo disso é a longa espera para marcar uma consulta - segundo uma pesquisa realizada pelo Fisc Saúde, o Brasil ficou em 27º lugar num ranking de 30 países quando o assunto se tratava de número de consultas por habitante no ano de 2012. Outro exemplo amplamente citado é a de que não há leitos nem médicos suficientes para atender a demanda, além da má administração financeira… Esses são apenas alguns dos vários problemas que precisam urgentemente ser resolvidos no sistema universal.', 'SUS é necessário, mas problemático. Portanto, é fundamental tomar algumas medidas para resolver esse impasse. Primeiramente, é indispensável colocar alguém capacitado para gerir os recursos financeiros voltados para o SUS e então aumentar os investimentos na área da saúde ; diminuir o excesso de burocracia para que o procedimento de marcar uma consulta possa ser agilizado ; e ainda aumentar a disponibilidade de médicos para atender no setor público . Dessa forma, talvez um dia o Brasil se torne um exemplo mundial na área da saúde pública.']",160,160,120,160,120,720
682,79,Segunda Chance,"['Quem educa a criança jamais punirá o adulto. Educar é preciso para o sistema mudar, a realidade prisional do Brasil é de caos total, não existe um projeto de reabilitação e ressocialização dos condenados, e sim um deposito  de gente entregues ao azar. Nesse país se uma pessoa for pobre, preto, ignorante e sem profissão pior pra ele. Agora, se for tudo isso e ex- prisioneiro é o fim dele. Isso mesmo, aqui, a sociedade não perdoa os erros do outro, quem comete um erro pagará a vida inteira, se for pobre.', 'No ano de 2000, um jovem estudante baiano roubou três livros de uma livraria para estudar. Foi parar no presidio da Mata escura na hora, sem julgamento nem condenação. Em julho de 2013  Thor Batista, filho do empresário Eike Batista, foi condenado por homicídio culposo. Pena? Prestar serviços comunitários por dois longos anos. Ora, parece brincadeira, só que não é, e tudo parece muito injusto para se transformar   já que a injustiça já vem de brinde na saga de grande parte da população menos favorecida brasileira.', 'Como melhorar um sistema injusto onde a força da injustiça é aceita como normal? Onde você é ensinado a acreditar que não vale nada e que não presta para nada? Tem que haver uma mudança de valores urgente, tem que acreditar. Não pode tratar essas pessoas como lixo. E  dever desses estabelecimentos resgatar a dignidade humana dos que cometeram erros, e não,  condená-los a uma pena eterna.', 'A educação é o único caminho, os presídios têm que gerar renda, eles devem ser obrigados a trabalhar e estudar, nada de armas nem drogas. E muito menos comunicação com a vida fora dos muros da prisão  afinal é pena ou férias? O que aconteceu em Manaus não deve se repetir nunca mais nem no Brasil nem no mundo. Violência só gera mais violência, o governo deve pensar na frente, prisão deve ser um lugar para dar uma nova chance para alguém e não o fim de toda humanidade restante. Bandido bom é transformado em cidadão.']",160,120,120,160,160,720
684,63,,"['Segundo a declaração universal dos direitos humanos, publicada em 1948,todo indivíduo tem direito saúde,segurança e bem-estar social. Em oposição a tal preceito do documento,vê-se que muitos brasileiros,no século XXI,sofrem com os impactos ambientais resultantes da ação de grandes corporações. Um exemplo disso é a recente tragédia ocorrida em Brumadinho, que afetou grande parte da população local,deixando mortos e feridos.', 'A educação é o fator principal no desenvolvimento de um país. Hodiernamente, ocupando a nona posição na economia mundial, seria racional acreditar que o Brasil possui um sistema público de ensino eficiente. Contudo, a realidade é justamente o oposto e o resultado desse contraste é claramente refletido nos impactos causados ao meio ambiente. ""Ser humano, terra e natureza se pertencem mutuamente. Por isso é possível forjar um caminho de convivência pacífica. É o desafio da educação."" (Leonardo Boff ). Diante do exposto, a educação em relação a preservação ambiental é fundamental para mudar esse cenário.', 'Faz-se mister, ainda, salientar a impunidade como impulsionador do problema. De acordo com Zygmunt Baumam , sociólogo polonês, a falta de solidez nas relações sociais, políticas e econômicas é a característica da ""modernidade líquida"" vivida no século XXI. diante de tal contexto, a melhora de leis que protejam o meio ambiente é uma das soluções para sanar esse problema.', 'Portanto, medidas são necessárias para atenuar a problemática. É imprescindível que o ser humano reconheça que é fundamental preservar o meio ambiente, tomando medidas como, reflorestar áreas desmatadas, fazendo uso consciente dos recursos naturais, dentre outros , afim de amenizar os impactos do ser humano sobre a natureza. Além disso, é essencial que o poder legislativo, crie leis mais rigorosas que garantam a preservação da natureza.']",160,160,120,160,120,720
690,48,Brasil,"['Em 1970, apenas 1% do orçamento da união era destinado para a saúde. Ao mesmo tempo, surgia o movimento Sanitarista, formado por profissionais de saúde, intelectuais e partidos políticos. Eles discutiam as mudanças necessárias para a saúde publica no Brasil, evento o qual proporcionou muitas conquistas para o sistema publico de saúde, entretanto a saúde publica atual no Brasil sofre desafios do ma gerenciamento e de falta de investimentos financeiros.', 'Por conta disso, a população brasileira sofre com um sistema de saúde precário, e sem estrutura. Recurso o qual é muito acessado pela população . A falta de profissionais de saúde, equipamentos, leitos e tecnologia baixa nos hospitais, agrava a situação, que na maioria das vezes os pacientes recebem atendimento nos corredores, a falta de infraestrutura acaba agravando o estado do paciente . O sistema de saúde público tem o dever de garantir atendimento a todos de forma integral e gratuita,no momento atual o sistema de saúde no Brasil está entrando em colapso por conta da alta demanda de pacientes nos hospitais, por conta da pandemia do coronavírus .Atualmente o SUS  cobre 75% da população brasileira, o que exige recursos e investimentos.', 'Diante disso é importante ressaltar a importância de um sistema de saúde publico e de qualidade, para proporcionar melhor qualidade de vida e saúde para aqueles que não possui recursos para recorrer,  a uma instituição privada. O desemprego no Brasil ficou em 12,2% no primeiro trimestre de 2020, segundo o IBGE (Instituto Brasileiro de Geografia e Estatística), se considerarmos que se o Brasil não houvesse adquirido um sistema de saúde público como o SUS, no momento atual em que enfrentamos , a população estaria em uma situação alarmante, pois não teria muitas alternativas para recorrer.', 'Tendo em vista os aspectos mencionados, é imprescindível o acompanhamento constante dos governantes no sistema de saúde publico, para garanti qualidade e precisão no atendimento, além de investimentos através de tecnologia , mais leitos e contratação de mais profissionais de saúde, ou seja buscando averiguar os problemas presentes, e buscando resolver com precisão estabelecendo assim, um sistema competente.']",160,160,120,160,120,720
699,50,Coronavirus,"['É notório que a ciência é um dos patamares mais importante na sociedade, com as chegadas das tecnologias trouxeram mais possibilidades de explorar  .Entretanto, o mundo enfrenta uma grande pandemia do novo coronavrus, cientistas do mundo todo estudam para combater essa situação tão grave que acaba matando milhares de pessoas.', 'Primeiramente, o mundo passa por uma crise crucial que afeta a população, com as portas fechadas de mercadorias, escolas, universidades e de outros acessórios de importância, o mundo todo é afetado . A ciência estuda dia e noite para combater esse problema tão relevante, tentando descobrir a solução para esse vírus,', 'Além disso, milhares de pessoas morreram com o novo covid-19, começando pela hina, onde se espalhou, chegando na Itália, com o aumento de pessoas infectadas, muitas pessoas foram a óbito . Sabe-se,  que é necessário o isolamento domiciliar para evitar essa doença tão mortal, precisa-se que o povo tenha consciência para evitar o máximo possível de contato físico.', 'Diante do exposto, a ciência é a ferramenta mais importante para resolver a questão do coronavirus. É necessário que todos os governos  investam na ciência, na educação, pois sem esse efeito não há solução para o problema, é preciso mais atenção para dentro dos hospitais com estrutura de qualidade e recursos melhores, com agente preparado para qualquer situação.']",160,160,120,160,120,720
702,50,Atualidade Atemporal,"['O filme norte americano Osmose Jones , retrata uma interessante viagem pelo sistema imunológico humano e a luta do personagem Jones contra um novo tipo de vírus, chamado Thrax. O plano de Thrax é se multiplicar rapidamente e matá-lo em 48 horas para, desta forma, ficar conhecido pela medicina como uma nova e terrível doença. Fora da ficção,percebe-se uma analogia entre Thrax e o atual vírus COVID-19 que assola o mundo ora por sua diligência ora por provocar mortes .Logo, é imprescíndivel destacar a importância da ciência frente a pandemias e epidemias e a necessidade do governo frente à valorização de cientistas  bem como o apoio dos mesmos para o maior incentivo as inovações técnico científicas nacionais.', 'A priori, insta  ressaltar que a ciência é crucial para o desenvolvimento da sociedade ao contribuir consideravelmente para o avanço desta,visto que é responsável por várias mudanças sociais desde seu surgimento .Diante disso, um país que investe em inovações científicas corrobora para uma maior garantia social dos hodiernos , são importantes porque a premissa de Albert Einstein garante que a nossa ciência, comparada com a realidade, é primitiva e infantil – e, no entanto, é a coisa mais preciosa que temos .Assim,é preciso um maior apoio governamental para que todos tenham seu deleite assegurado,visto que a contaminação independe de classes sociais.', 'Outrossim, percebe-se que o vírus em si afeta não somente à saúde dos indivíduos, como atua diretamente em questões econômicas e politico-estruturais dos países. Na perspectiva sociológica de Émile Durkheim, ratifica-se que o avanço do coronavírus é uma anomia, porquanto revalida para a desintegração social e os mais diversos conflitos. Desse modo, é relevante ressaltar uma maior preparação do país através do insentivo na área da saúde.', 'Infere-se,portanto, a imperiosa necessidade do apoio científico nacional frente a pandemias. Nesse aspecto, é preciso que o Governo Federal juntamente com a Secretaria de Gestão do Trabalho e da Educação na Saúde (SGTES) faça projetos e reuniões  na assembleia por meio de leis que aumentem o apoio aos profissionais na área da saúde com o intuito de mudanças e maior incentivo aos cidadaõs infectados que necessitam da ajuda destes para sobreviverem . Assim, será plausível mudanças sociais para que o atual vírus não torne-se uma nova e terrível doença como Thax no filme Osmose Jones..']",160,160,120,160,120,720
703,82,,"['As pessoas insistem em efetuar a automedicação, ou seja, a utilização de qualquer que seja o medicamento por conta própria ou a indicação de medicamentos por não profissionais da área, segundo a ANVISA. O problema está quando o medicamento ""esconde"" ou não alivia o desconforto que foi gerado, causando futuros malefícios à saúde.', 'A sociedade por costume utiliza remédios sem prescrição médica, remédios que, em sua maioria, são considerados ""famosos"" por solucionarem tais situações. Entretando, mal sabem a população que esses medicamentos podem acabar piorando a situação e trazendo efeito contrário do que se deseja. Há pessoas que afirmam que seja inviável a busca por um profissional da saúde ao sentir-se desconfortado. O que é uma desculpa por traz disso, na tentativa de encobrir o dever do governo em incentivar os cidadãos com o certo e implantar mais centros médicos. Na verdade, é fundamental buscar conversar sempre que possível e necessário com seu médico, para que o mesmo eçe possa esclarecer suas dúvidas, alertá-lo sobre o que realmente está acontecendo e indicar o medicamento correto, e, claro, contribuindo para melhor execução do diagnóstico.', 'Deve-se  então   ampliar o número de centros médicos espalhados pelas cidades,    para que os indivíduos não se encomodem   de ir em busca de um médico e aqueles que possuam conhecimento e consciência sobre os prováveis malefícios da automedicação,    alerte  os que desconhecem e possando contribuir assim,    para um ambiente com um maior número de cidadãos que pensam duas vezes antes de se automedicarem e que passem a apresentar um bom quadro clínico.']",160,120,120,160,160,720
704,51,A carência de uma educação eficaz,"['Promulgada pela ONU , em 1948, à declaração universal dos direitos humanos garante a todos os indivíduos o direito à educação. Conquanto, o analfabetismo funcional mostra que,  nem todos desfrutam desse direito universal na prática. Diante da problemática, esses desafios devem ser superados para que uma sociedade integrada seja alcançada.', 'A educação é o fator principal do desenvolvimento de um país . Hodiernamente , ocupando a nona posição na economia mundial, seria racional acreditar que o país possui um sistema de ensino eficiente. Contudo, a realidade é justamente o oposto, o que é claramente refletido no índice de analfabetismo funcional do país. Segundo o IBGE (Instituto brasileiro de geografia e estatística) o Brasil possui pelo menos 11,3 milhões de pessoas com mais de 15 anos analfabetas. Diante dos fatos apresentados, torna-se clara a necessidade de combater esses dados a fim de promover um ensino mais eficaz à população.', 'Faz-se mister, ainda, salientar o desinteresse juvenil pelo ensino, acompanhado da falta de incentivo por parte da comunidade adulta como impulsionadora do problema . De acordo com o filósofo Paulo Freire ""se a educação sozinha não transforma a sociedade, sem ela tampouco a sociedade muda"" . Diante de tal contexto, é preciso que os jovens sejam conscientizados sobre a importância do ensino.', 'Infere-se, portanto, que ainda há entraves para garantir a solidificação de política que visem a construção de um mundo melhor. Dessa maneira é necessário que o MEC (ministério da educação) promova, por meio de verbas governamentais, campanhas destinadas à alfabetização de jovens e adultos que, por algum motivo, não frequentaram a escola e, também, palestras destinadas à combater o analfabetismo funcional para pais e filhos . Assim, o Brasil poderia combater o problema e garantir a população seu direito universal.']",160,160,120,160,120,720
716,84,DIREITO DE ESCOLHA,"['“PORTE DE ARMAS PELA POPULAÇÃO CIVIL”', '(Diante de) Uma população que padece de uma educação de qualidade, de serviços de segurança de qualidade, onde o sistema jurídico é falho, não seria prudente, por enquanto, permitir o porte de arma de fogo para cidadãos civis. Ainda assim, esta fragilidade se da principalmente em consequência da legislação que hora é acometida por brechas que muitas vezes acabam impedindo a aplicação plena da lei.', 'Seria de bom proveito permitir ao cidadão de bem, transitar armado, possibilitando dessa forma que o mesmo faça sua própria segurança, já que as instituições públicas de segurança não estão conseguindo atender a demanda de ocorrências. No entanto, isto criaria um caos, já que cada um, na sua concepção de defesa agiria de acordo com seus princípios, enfim, a verdade é que o ser humano tem sede de poder, e arma de fogo seria uma maneira de manifestar esse poder.', 'Nada mais justo que um cidadão de bem poder se defender da ação covarde de bandidos, porém, fica uma pergunta* a ser respondida: Não raras vezes, nos meios de comunicação vemos a decisão de juízes, que decidem que um a pessoa mesmo diante de imagens da imprensa, mostram, por exemplo, um assaltante constrangendo, causando medo nas pessoas, e este segundo entendimento jurídico não está oferecendo perigo para a sociedade.', 'Logo, uma sociedade pautada por valores sociais, com boa educação, livre da corrupção, esta não precisa andar armada, pois já existem pessoas qualificadas, profissionais treinados para oferecer ao cidadão de bem a segurança que o mesmo necessita. Posto isso, seria muito mais importante e necessário fortalecer as instituições policiais, valorizando o profissional de segurança, aí sim, feito isso, depois de haver essa organização, poderia se pensar em dar ao cidadão de bem esta opção de possuir ou não um porte de arma.']",160,160,120,120,160,720
721,6,Amazônia,"['No ano de 2019, a Administração da Aeronaútica e Espaço (NASA), dos Estados Unidos, coletou dados que atestam o aumento exponencial das queimadas na Amazônia. Isso foi o suficiente para fortalecer o debate quanto a sua internacionalização que, sem dúvida, revela-se como um atentado à soberania brasileira.', 'O Brasil, apesar de ser um país pobre, é detentor da maior parte da floresta amazônica, região onde há um forte potencial energético, seja por causa dos rios, madeira ou minérios. Por esse motivo, nações desenvolvidas têm grande interesse em internacionalizá-la, não porque preservá-la garantiria o equilíbrio ambiental do planeta, mas puramente por razões econômicas.', 'Além disso, elevar a Amazônia a um status internacional não asseguraria a sua efetiva preservação. Ora, pactos internacionais de proteção ao meio ambiente são constantemente desrespeitados, a exemplo dos Estados Unidos que não assinaram o Protocolo de Kyoto, continuaram a emitir grandes quantidades de CO2 e sequer sofreram retaliações por isso. Diante dessa situação, qual seria a garantia que a maior floresta tropical do mundo estaria salva?', 'Nesse sentido, há algumas alternativas para que ela seja preservada e, ao mesmo tempo, não seja violada a soberania do Estado brasileiro. De início, a forma mais eficiente é a imposição de embargos econômicos aos produtos de origem brasileira, quando houver a comprovação de degradação ambiental. A outra forma é a fiscalização interna, a partir do investimento no IBAMA (Instituto Brasileiro do Meio Ambiente) para poder inspecionar as áreas de reserva legal. Tais medidas, certamente, contribuiriam eficazmente à preservação da Amazônia sem a necessidade de internacionalizá-la.']",160,120,160,160,160,760
724,45,BLM,"['Em maio deste ano, a morte do jogador de futebol americano, George Floyd, desencadeou uma série de protestos contra o racismo no mundo inteiro. Além de pedirem por respeito, os manifestantes queriam, principalmente, o fim da violência policial contra a população negra. Nesse contexto, é notório observar que o abuso de autoridade tem ganhado cada vez mais força, inclusive no Brasil. Diante disso, cabe avaliar os fatores que corroboram para a problemática em questão.', 'Precipuamente, é importante destacar que no mundo inteiro os casos de abuso de autoridade vem aumentando e se tornando cada vez mais comuns na sociedade contemporânea, principalmente com a facilidade de registro desses atos . Por conseguinte, as imagens e vídeos rapidamente circulam nas redes sociais provocando ondas de indignação na sociedade. Prova disso, são as hastags criadas, principalmente no Twitter, para chamar a atenção das autoridades para o que está acontecendo.', 'Outrossim, é imperioso ressaltar que no Brasil o abuso de autoridade não é novidade. Isso, porque durante a ditadura militar, iniciada em 1964, explanou a face mais tirana dos governantes quando o então presidente, Cost e Silva, instaurou o ato constitucional 5 . Diante disso, fica claro que na mais recente democracia do mundo o abuso de autoridade é uma consequência passada que vem se intensificando nos dias atuais.', 'Ao observar os fatores abordados em discursão é evidente a necessidade de politicas publicas que possam mitigar atos como esses. Para isso, urge que o governo federal- responsável pelos interesses nacionais- adote medidas básicas constitucionais, por meio da elaboração de leis e uma fiscalização séria, capazes de atenuar e garantir o direito civil de cada um como cidadão, independente de cargo politico.']",160,160,120,160,160,760
727,43,Política do Cancelamento,"['Com a globalização e a tecnologia por ela desenvolvida, percebe-se um grande fluxo de informações que, associadas às ferramentas de interação existententes, imprimem uma nova forma de se expressar. Relaciona-se esta realidade a cultura do ""cancelamento"", onde os indivíduos ( celebridades) que têm falas e atitudes incoerentes do ponto de vista ético sofrem consequências profissionais, algo causado pelo seu público, pessoas influentes, entre outros, que objetivam repreender essas ações através do prejuízo na carreira do praticante do ato, se expressando negativamente. O grande problema é que, com a vinculação das chamadas notícias falsas e dos preconceitos que muitos cultuam, essa atitude pode atingir pessoas por razões de estereótipos e equivocadas.', 'Isso se comprova, por exemplo, ao caso de Sonza, cantora que sofreu ""cancelamento"" em um clipe com seu atual namorado, o cantor Vitão, tudo devido aos rumores de que ela teria terminado seu relacionamento anterior por adultério à seu ex-marido, rumor que rondou também o término de Gustavo Lima e sua esposa, o artista foi acusado de traição porém não sofreu repressão, ou seja, não foi expressividade ética, foi machismo.', 'Tratando-se das fake news ( notícias falsas), é notável sua disseminação rápida, que assim como influenciou na perspectiva sobre os candidatos à eleição brasileira de 2018, influenciando o seu resultado nas urnas, pode destruir a reputação de um indivíduo que, na verdade, nunca agiu com má conduta.', 'Com base nisso tudo, podemos reafirmar que esta política moralista na internet pode ser duvidosa, dependendo da conduta dos usuários que promovem essa ação. É de responsabilidade das empresas de redes sociais ,  fazer um controle das fake news e incentivar o bom senso de seus utilizadores, através da checagem dos fatos de publicações e punições quem compartilha essas postagens, o que pode ir de advertências à expulsão da plataforma, tudo associado propagandas que incentivem as pessoas a não envolverem seus estereótipos no universo digital, com a finalidade de evitar ataques em situações e indivíduos de maneira equivocada.']",160,160,160,120,160,760
728,43,O aumento dos discursos de ódio e cancelamentos nas redes sociais,"['O surgimento da internet, durante o período de conflitos ideológicos caracterizado como Guerra Fria, se deu por meio da evolução da tecnologia, situação que possibilitou drásticas mudanças nas relações de comunicação. Todavia, hoje as famigeradas redes de informação propiciaram um ambiente conflituoso, através da multiplicação de notícias falsas. Além disso, a atribuição de posicionamentos irrestritos traz o reflexo de uma sociedade condenadora.', 'No âmbito da discussão, é importante ressaltar que a disseminação de inverdades, conhecidas popularmente como ""Fake News"", pode ser qualificada como um ato de ignorância, visto que ao propagar mentiras sobre um indivíduo, pode favorecer discursos agressivos e difamações desnecessárias. Dessa maneira, é estritamente necessário posicionar a obra cinematográfica ""Rede de Ódio"", Jan Kamasa, que em seu enredo aborda cenários de notícias falsas, com o intuito de destruir reputações alheias e causar caos, assim como ocorre na realidade. Continuamente, os tendenciosos discursos de ódio ploriferados na internet, são em suma maioria anônimos, ao que a falta de identificação dos agressores é um fator de influência à impunidade.', 'Ademais, fora da ficção, para a escritora Evelyn B. Hall, independente do posicionamento individual de uma pessoa, é dever da sociedade defender o direito de opinar, caracterizando a liberdade de expressão-defendida pela Declaração Universal dos Direitos Humanos. Contudo, hodiernamente, essa forma de expressão tem sido utilizada de modo contraditório, ao promover o julgamento constante e hipócrita de pautas interpretadas erroneamente, prejudicando os afetados. Desse modo, se torna visto a polêmica ""Cultura do Cancelamento"", em que diversas pessoas se apropriam de ocorridos e atuam de maneira incorreta e desrespeitosa, ao tentarem, falhamente, buscar justiça para o que creem ser politicamente correto, ocasionando mais desavenças e acessos agressivos nas redes.', 'Portanto, torna-se evidente a necessidade de providências para alterar o cenário conflituoso. Assim, é mister que o Poder Legislativo , com o ideal de suscitar a amenização dos discursos agressivos, promova a elaboração de uma Lei Complementar Constitucional - com aprovação da maioria absoluta dos membros do Senado - por meio de medidas protetivas para apaziguar a adversidade. Somente assim, a liberdade de expressão será utilizada de modo correto, sem a hipocrisia e ataques desnecessários em redes de comunicação.']",160,120,120,200,160,760
729,51,Analfabetismo funcional mais uma variante do contexto educacional,"['A análise do analfabetismo funcional no contexto brasileiro faz parte do próprio processo evolutivo por qual passa a educação, já que inicialmente buscava-se a oferta de um ensino gratuito que ganhou grande destaque com a publicação do manifesto dos pioneiros da educação, em 1930. Posteriormente, houve toda uma preocupação de estender essa gratuidade para outras modalidades, além do primário. Em seguida, procurou-se garantir o acesso da população a este ensino, de maneira que na década de 1970 o poder público inciou um movimento de alfabetização voltado principalmente para aqueles que não tiveram oportunidade de estudar na faixa etária certa.', 'O objetivo nesse período era que uma parte significativa da população aprendesse a ler e a escrever. Desse modo, o poder público lançou mão do método de alfabetização de Paulo Freire, procurando adequá-lo a política pública educacional que se instalara. Na época, parte dessa ação foi alcançada, mas por outro lado devemos compreender que esse processo estava atrelado aos acordos internacionais firmados pelo Brasil para melhorar as condições da educação básica.', 'Essa busca tem se processado até os dias atuais, já não tanto sob o argumento do acesso, mas da qualidade da educação a ser ofertada. Nesse aspecto, a alfabetização vem a ser uma das variáveis responsável por esse alcance, mas quando sua oferta não permite a capacidade mínima para que o sujeito interprete textos simples, seu atendimento torna-se algo preocupante, especialmente se sua realização for mais direcionada para o atingimento de índices educacionais.', 'Diante disso, as políticas que envolvem sua elaboração e planejamento devem ser repensadas, pois a sua execução não deve ser feita aligeiramente e suas ações devem ser realizadas de forma estrutural, focando na formação de profissionais alfabetizadores, bem como conjuntural instigando o contato da população com os diversos gêneros textuais por meio de rodas de leitura e também pela introdução do cinema como instrumento para potencializar esse processo . Acredita-se que essas atitudes possam minimizar o problema do analfabetismo funcional na sociedade, garantindo ao sujeito o desenvolvimento de habilidades interpretativas para ler o mundo.']",160,160,160,160,120,760
738,84,,"['Um tópico que tem sido muito discutido no Brasil é sobre o porte de armas de fogo para os cidadões , justificado pela insegurança e pelos altos índices de criminalidade que assolam todo o país. Em 2005 houve um plebiscito onde a maioria da população votou contra o Estatuto do Desarmamento, posto que isto é reflexo da falta de investimento na segurança pública e aliado a este fato, há uma extrema deficiência educacional no Brasil. Será que armas realmente trarão paz à sociedade?', 'Para Hobbes, o homem é o lobo do próprio homem e isto se comprova pelo fato de que os indivíduos entram em conflito entre si até por coisas que podem ser fúteis a suas vidas. O conflito pode ser explicado conforme o nível educacional dos indivíduos, ou seja, quanto menos educação uma pessoa tiver, mais intolerante ela será. Se o ensino de um país é precário e ineficiente, resulta numa sociedade ignorante e ao fornecer armas aos indivíduos, os conflitos entre eles irá exponenciar a taxa de mortalidade de todo o país.', 'A insegurança e criminalidade que dominam a sociedade está entrelaçada com os interesses capitalistas que estão em todo o canto, influenciando indivíduos a consumirem e terem muitos produtos. E criminosos, já que não têm educação nem emprego, observam como oportunidade de conseguir estes bens através de roubos e não será uma arma que impedirá a geração de mais malfeitores.*', 'Portanto, o armamento civil não resolverá nenhum problemas , apenas a educação poderá ter este papel. Para isto, o Ministério da Educação deve implantar medidas que promovam a ética e a cidadania para os estudantes através de livros, esportes e palestras. O governo deve investir em campanhas que demonstrem à sociedade que o conflito não irá aprimorar nada e que armas não vão ser a solução. Assim, gradativamente, a sociedade terá uma drástica redução na criminalidade sem a necessidade do armamento pela população civil.']",160,160,120,160,160,760
744,76,,"['De acordo com Aristóteles, a base da sociedade é a justiça. No Brasil, há um desafio no que diz respeito à equidade de gênero, ou seja, existe uma iniquidade entre os direitos e deveres de homens e mulheres. A posição inferior que foi imposta à mulher pela nossa sociedade perdura até a contemporaneidade, e através dessa imposição, desencadeou-se a desigualdade política, social e econômica entre homens e mulheres. Destarte, a ascensão da participação feminina na sociedade está em progresso, e é imprescindível.', 'À vista disso, a diferença de direitos entre os homens e mulheres é nítida quando se percebe, por exemplo, no âmbito profissional, ainda que ambos façam o mesmo serviço, a tendência é de a mulher ganhar em média 30% a menos que o homem. Além disso, o número de posses femininas em cargos de alto escalão, ministérios principalmente, era de 26% no ano de 2014 e diminuiu para 15% em 2015 no Brasil, de acordo com a pesquisa feita pelo Fórum Econômico Mundial (WEF).', 'Ademais, mesmo com a desigualdade de gênero vigente na nossa sociedade, principalmente na esfera econômica e política, de acordo com a pesquisa feita pelo Fórum Econômico Mundial (WEF), produzida em 2017, o Brasil conseguiu diminuir a diferença de gêneros na saúde e na educação, indicando um pequeno avanço.', 'Por conseguinte, para que exista a equivalência social entre homens e mulheres, ou seja, mesmos direitos, deveres, privilégios e oportunidades de desenvolvimento na nossa sociedade, é necessário uma mudança cultural. MEC desenvolver medidas que promovam debates sobre a importância do empoderamento feminino e a igualdade de gênero em escolas, assim como o legislativo aprove uma lei que obriga à igualdade no salário para todas as empresas privadas e nos setores públicos. Além disso, que a mídia, como um veículo importante de divulgação e influenciador, seja mais ativa no papel de representar as mulheres, defendendo a equidade de gênero.']",160,160,120,160,160,760
747,59,A alta renda da fome,"['O livro modernista ""Vidas Secas"" de Graciliano Ramos conta a história de uma família nordestina que enfrenta a fome, a seca e as condições miseráveis no cotidiano do sertão. Não muito distante da realidade, a sociedade brasileira ainda sofre com o pouco acesso à comida devido ao aumento de preços no comércio e na baixa renda mensal, produzidos pela desigualdade social e econômica da população do país.', 'Primeiramente, é importante ressaltar o aumento da inflação dos alimentos que servem como base na alimentação brasileira. O feijão, arroz e a carne, segundo dados do IBGE , sofrem com variações percentuais mensais que influenciam na compra e na escolha dos produtos. Com isso, pessoas em situações de pobreza não possuem condições para a obtenção de comida, sua massa corporal diminui assim como a energia necessária para realizar atividades do dia-a-dia .', 'Outro desafio perceptível envolve a desigualdade de renda e as dificuldades com o desemprego. Na narrativa ""Morte e Vida Severina"", o personagem Severino, em busca de melhores condições de vida, procura emprego no litoral do nordeste, denunciando a falta de oportunidades de trabalho e, consequentemente, de remuneração necessária para a qualidade de vida. Sendo assim, a pessoa não consegue comprar o essencial para sobrevivência humana, como por exemplo, os alimentos de refeições diárias.', 'Portanto, para ampliar o acesso à comida, reduzindo os preços dos alimentos e aumentando a renda mensal de pessoas que não possuem condições, é necessário que o Ministério da Cidadania providencie, além de programas sociais que visam o arrecadamento de comida pela comunidade à população pobre e necessitada, maiores oportunidades de pleno emprego aos menos favorecidos. Ademais, o Ministério da Economia deve investir em indústrias menores para garantir uma maior estabilidade. Dessa forma, o país amenizará as causas do problema antes de lidar com as consequências da fome.']",160,160,160,160,120,760
749,48,Importância do SUS dentro da qualidade de vida brasileira,"['A Constituição Federal de 1988 aborda, no seu artigo 196, que a saúde é direito de todos e dever do Estado, que deve garantir acesso universal e igualitário a todos. Hodiernamente , é perceptível a escassez de recursos no que tange ao setor brasileiro de saúde. Conquanto, a presença de tal problemática na sociedade é decorrente da falta de investimentos no departamento citado anteriormente.', 'É pertinente elencar que o Sistema Único de Saúde possui extrema importância para os brasileiros. De acordo com o programa governamental Mais Saúde, 70% da população depende unicamente do SUS, isto é, não possui outro acesso à saúde a não ser aquele oferecido pelo Estado . Dado o exposto, é notório que a maior parcela dos cidadãos usufrui do serviço público de saúde. Dessa forma, é inegável a necessidade de recursos suficientes e de qualidade para atender todo esse contingente.', 'Outrossim, é relevante citar a distribuição discrepante de médicos nas redes privadas e públicas. Consoante o site do Bem Estar, o Brasil possui mais médicos atuando no campo privado do que no público, mesmo que apenas 30% utilize planos de saúde pagos. Devido as más condições de serviço e pouca perspectiva social oferecida pelo Governo, cria-se um cenário de tamanha injustiça, onde a minoria sai beneficiada. Desse modo, é fundamental que o Estado disponibilize meios que transfigure tal situação.', 'Urge, pois, a inevitabilidade de medidas para mitigar tal situação. Cabe ao Ministério de Saúde implantar instrumentos necessários, como criação de novos leitos, UTI e CTI , e valorizar o trabalho dos médicos, por intermédio de investimentos na repartição de saúde e reavaliação dos salários em uma quantia que seja adequada ao serviço prestado , com o fito de garantir a qualidade do serviço público. Dessa maneira, os direito constitucionais estarão efetivados.']",160,160,120,160,160,760
752,49,o papel dos influenciadores digitais,"['. Com o advento da Revolução Técnico- Científica em meados do século XX, a tecnologia passa a estar ao alcance da população, levando  ao rompimento das barreiras físicas e à consolidação do capitalismo financeiro e culturais e á consolidação do capitalismo financeiro. Nesse contexto, surge um trabalho que vem ganhando  espaço e reconhecimento, sobretudo como ""pontes para marketing de produtos\'\', trata-se dos influenciadores digitais. Assim, é premente discutir o seu amplo papel na sociedade e no comportamento individual dos usuários da rede social.', 'De antemão, os influenciadores digitais são grandes colaboradores na busca pela democratização do acesso a diversidade temática na internet para as diferentes massas . Nesse contexto, os canais de protubere produzem e transmitem informações culturais, econômicas, históricas e atuais. Ademais, suas divulgações se adaptam aos diversos públicos e perfis de usuários. Dessarte, a rede dos influênces integra um amplo serviço de busca no meio tecnológico cabendo reconhecer seus trabalhos na sociedade contemporânea.', 'Por conseguinte, os influenciadores também interferem significativamente no comportamento e na mentalidade dos seus seguidores. Esse fator manifesta-se tanto em nível de adequação cultural , a exemplo da luta contra o preconceito racial valorizando a negritude no canal de Gabi Oliveira, como também da decisão do consumidor na medida em que orienta sobre a qualidade de um produto . Ademais, devido à proximidade que estabelecem com o público eles são uma alternativa promissora para o comércio na divulgação de suas marcas e serviços. Dessarte, os influenciadores digitais podem atender a demanda de consumidores e do setor terciário.', 'Diante do exposto, fica evidente o papel dos influenciadores digitais em diferentes aspectos para a população . Nesse contexto, é crucial promover o reconhecimento de seus trabalhos através da mídia- principal meio de comunicação social- em parceria com ativistas que lutam pela igualdade sociocultural na internet , utilizando e divulgando conteúdos dessa via, aliás, é premente que as empresas continuem a investir no trabalho dos inflênces. asaim, é possível continuar promovendo diversidade de informações e de serviços ao alcance da população.']",160,160,120,160,160,760
754,73,,"['A Constituição Federal de 1988- norma de maior hierarquia no sistema jurídico brasileiro- assegura a todos a igualdade perante a lei, sem distinção de qualquer natureza. Entretanto, os frequentes casos de preconceitos sofridos  pelos negros mostram que esse grupo ainda não experimenta os direitos existentes. Com efeito, é necessário entender as origens da problemática e, posteriormente, buscar caminhos para combater seus efeitos.', 'Em primeira instância, cabe pontuar que o fator histórico foi determinante na construção da figura do negro no Brasil. Isso pode ser notório a partir da chegada desse grupo nas terras brasileiras para trabalhar como escravos, submetidos às condições precárias desde a viagem- nos chamados navios negreiros- até a sua instalação em ambientes conhecidos como senzalas, segregados do convívio social do restante da sociedade. Outrossim, além dos castigos corporais e trabalhos compulsórios, ocupavam a base da pirâmide da hierarquia social. Sendo assim, esse conjunto de fatores contribuiu na construção sociocultural desse grupo ao longo do tempo, refletindo nos problemas sociais por que eles passam atualmente, tais como preconceito racial e exclusão social.', 'Ademais, convém frisar que esses empecilhos mantidos no passado se manifestam de outras formas nos dias atuais. Exemplos disso são as desigualdades de oportunidades que se refletem no pequeno número de negros universitários, sendo que a composição brasileira é majoritariamente preta e parda. Outrossim, há uma alta incidência de violência sobre os negros, evidenciados pelas estatísticas que afirmam que a cada dia são 66 óbitos desse grupo. Dessa forma, vê-se a permanência do abandono e marginalização que já eram comuns no período da escravidão.', 'Destarte, urge a necessidade de medidas enérgicas para atenuar a problemática dos desafios enfrentados pelos negros atualmente. É fundamental, portanto, que o Ministério da Educação  promova investimentos na inserção de conteúdos didáticos no currículo escolar acerca do papel importante que o negro representou na construção sociocultural do país, com o fito de que a sociedade desfaça as visões preconceituosas e equivocadas sustentadas até os dias atuais. Além disso, o poder legislativo, por meio de suas autoridades, devem ampliar cotas raciais universitárias, bem como acréscimo de vagas no campo profissional, sendo que parte delas devem ser reservadas ao grupo afrodescendente para que amenize a disparidade social e econômica que há entre brancos e negros. Feito isso, será possível a concretização dos preceitos contidos na constituição cidadã.']",160,160,160,160,120,760
755,47,Educação a distância e suas desigualdades,"['No ano de 2020, o Brasil se viu diante de uma pandemia (Covid-19), onde  todas as pessoas tiveram que adotar novos hábitos de vida, assim, ccomo a forma de estudar e dar aula, que passou a ser EaD (ensino a distância) o que causou muitas dificuldades para a população brasileira.', 'Em primeiro lugar, cabe abordar a desigualdade social, da qual milhares de jovens não têm acesso à internet e muitas vezes nem ao celular ou computador, outro óbice é que muitos educadores não sabem utilizar o meio tecnológico, o que advém em estresse e desmotivação.', 'Contudo, tendo em vista que a educação a distância no Brasil não é uma realidade para todos, em uma pesquisa feita em 2018 pelo IBGE , mostra que uma em cada quatro pessoas no Brasil não têm acesso à internet, sendo assim fica nítido o favorecimento à classe média/alta e a inferiorização da classe baixa, como: periferias e favelas, o que causa a indignação do povo, pois tal medida deveria ser administrada com mais competência dos órgãos educacionais e públicos, fazendo a plataforma EaD acessível para toda população brasileira.', 'Portanto, são necessárias medidas eficazes para resolver este impasse. O MEC juntamente com o Ministério Público deve colocar em prática o projeto ""Internet para todos"" que promete disponibilizar internet para todo o Brasil , e por meio de doações do Governo Federal ser comprado Chromebooks para aqueles jovens que não têm nenhum meio tecnológico em casa, já para os professores o governo deve disponibilizar na plataforma digital ""YouTube"" vídeos ensinando a como usar as ferramentas tecnológicas para o EaD. Dessa forma, toda a população brasileira terá acesso ao ensino a distância com uma boa qualidade.']",160,160,120,160,160,760
757,44,Encaminhando-se contra a prova real,"['Desde os primórdios as mulheres são vistas como inferiores diante da figura masculina em todos os cenários possíveis. Ainda mais no ambiente esportivo, um lugar de intensa competição no qual atletas femininas são muito comparadas a atletas masculinos e quando ficam “acima da média”, são vistas como estranhas ou impostoras. Por conta disso, antigamente o IAAF (Federação Internacional de Atletismo) obrigava as atletas a fazerem um exame para comprovar sua feminilidade, o que era desagrádavel para todas elas.', 'Entretanto, hoje em dia é usado outro método para ser comprovada essa tal feminilidade de uma mulher, o atual é menos invasivo e mais seguro. Porém ainda assim gera grandes questionamentos, pois fazem um exame de testosterona, que quando são detectados altos níveis, uma atleta pode ser banida de participar de certas competições. Dois exemplos foram as atletas sul-africana Caster Semenya e a espanhola Maria José Martínez, ambas foram impedidas de participar das olimpíadas por apresentarem uma quantidade de testosterona além do permitido. Essa imposição atrapalhou a carreira destas e de muitas outras atletas promissórias.', 'Ainda convém lembrar, que na nossa sociedade competitiva considera-se que os homens são bons líderes por natureza, mas já quando uma mulher ocupa um cargo de liderança ela é obrigada a provar ser capaz. Algo que tem ocasionado isto, seria a disseminação do estereótipo “sexo frágil”, a ideia utópica de que a mulher é frágil por natureza, tal fragilidade é usada para assim insinuar que as mulheres não são aptas a serem líderes. Grande parte da população brasileira ainda acredita nessa ideia, mesmo uma mulher sendo capacitada e preparada sofre desprezo. É muito triste ver que em pleno século XXI existem pessoas subjugadas por seu gênero.', 'Em vista de tudo que foi descrito acima, medidas devem ser tomadas para resolução desse problema. Seria necessário o aperfeiçoamento de exames feitos nas atletas com uma parceria entre comitês e confederações, sempre visando o respeito aos direitos humanos . E também um proporcionamento de palestras, movimentos e ações para quebrar ideias ultrapassadas da sociedade arcaica, sendo feito isso nas escolas ou em espaços públicos com a ajuda de ex-atletas, mulheres que podem falar sobre o que é provar ser realmente uma mulher.']",160,160,120,160,160,760
758,74,,"['Na Grécia antiga, houve um momento de forte sentimento patriarcal dentro da sociedade, no qual o líder se denominava pater, que significa pai de família. A partir de então, além do desafio de conquistar espaço outrora ocupado exclusivamente pelo homem, o feminicídio  no Brasil representa mais um novo fator a ser combatido pela figura feminina. Nesse contexto, vale ressaltar que a violência contínua contra a mulher, além de ser fruto de uma herança histórica, se dá pela cultura machista que ainda impera nos tempos atuais.', 'Em primeira instância, cabe pontuar que as atitudes discriminatórias contra a mulher já eram recorrentes na antiguidade. Comprova-se isso pelas fontes históricas, bem como pelas artes, as quais são nítidas na música “mulheres de Atenas”  do compositor Chico Buarque, que evidenciam a submissão da figura feminina às ordens masculinas as quais se resumiam aos cuidados do lar e dos filhos. Dessa forma, vê-se que para combater essas associações de papis discriminatórios,  é preciso desconstruir essa ideia preconceituosa sobre o espaço que a mulher deve ser necessariamente inserida, sustentado por essa era patriarca.', 'Ademais, convém frisar que a supremacia masculina ainda é forte na atualidade , bem como o sentimento de propriedade na mulher, refletindo, portanto, as ações violentas. Isso é notório pelos dados divulgados pela OMS- Organização Mundial da Saúde- os quais afirmam que a cada cem mil mulheres, quase cinco mil são assassinadas no Brasil. Diante disso, percebe-se que a luta feminina pela busca de maior independência e proteção contra essas agressões ainda é uma realidade.', 'Destarte, urge a necessidade de meios para atenuar a problemática do preconceito e violência do homem contra a mulher, além de superar os resquícios históricos. Torna-se imperativo que as autoridades políticas, por meio de verbas e leis, invistam nos órgãos de denúncia, bem como nos seus agentes de segurança para a mulher, de forma a melhorar o atendimento e a atuação desses funcionários, com a contratação de mais profissionais da polícia e capacitação deles. Além disso, a educação, por meio de aulas didáticas nas escolas, deve ampliar o conhecimento do seus educandos acerca da igualdade de gêneros, a fim de fazê-los abandonar a visão preconceituosa que era sustentada nos tempos antigos e passarem a adotar o respeito que a figura feminina deve ter no convívio social. A partir dessas ações, espera-se promover uma melhora nas condições sociais da mulher no país.']",160,160,120,160,160,760
762,82,Automedicação,"['A automedicação é um fenômeno que cresceu demasiadamente após o século XX, devido ao significativo avanço na medicina. É evidente que essa prática contribuiu para melhorar a qualidade de vida da população, no entanto, seu uso descontrolado pode causar dependência química e fortalecer vírus e bactérias.', 'Afim  de aliviar os pequenos desconfortos que assolam as pessoas todos os dias, os remédios populares ajudaram o Sistema Único de Saúde (SUS) a não entrar em colapso devido a  alta demanda por atendimento, tornando-o mais eficiente. Porém, o ato de se automedicar aumentou consideravelmente o índice de dependência química. A morte do cantor internacional Michael Jackson reflete esse problema, pois foi causada por um vício do artista em remédios para dormir.', 'Outro aspecto relevante é que o uso indiscriminado de antibióticos têm  gerado graves consequências para a população, como o fortalecimento e mutações de bactérias. Isso acontece porque muitas pessoas não seguem a recomendação da bula, consumindo o medicamento fora dos prazos previstos. Tal atitude acarretou o surgimento de novas doenças que são um desafio complexo para os médicos.', 'Em suma, a automedicação trouxe tanto benefícios como malefícios para a população. Existe, porém, uma maneira de transformar esse hábito, afim  de eliminar seus efeitos negativos. Para isso, é necessário que o Estado estabeleça medidas que ampliem a fiscalização de venda de remédios perigosos sem receita médica. Também é necessário que a mídia, juntamente com as  escolas, promovam campanhas que conscientizem a população sobre a importância de seguir as instruções das bulas dos medicamentos.']",160,160,160,160,160,800
770,85,Com Amor Servir,"['""Enquanto os homens exercem, seus podres poderes.  Morrer e matar de fome, de raiva e de sede são tantas vezes, gestos naturais"". Nesses versos da música, Podres Poderes do compositor e cantor Caetano Veloso. Ele relata claramente a tirania dos políticos brasileiros. Porque é isso o que acontece com nossa Democracia. Nesse sistema político de Democracia Indireta, o povo elege seus representantes para promover a justiça, a igualdade e os direitos a saúde, educação, segurança e emprego.', 'Assim o povo passa para os políticos todos os seus poderes. E eles aproveitam a bondade da população para exercer esses poderes em causa própria. E o povo que morra, sem o compromisso firmado na promessa de campanha. O povo não sabe votar? Ou os político só sabem enganar? Os dois! A população reelege políticos corruptos e desprovidos de ética e moral. Por isso não sabem votar. E pro outro lado alguns políticos enganam a todos com promessas que jamais cumprirão. Fato.*', 'A verdade é que, em nosso sistema de governo o povo é soberano. É a Nação quem manda. Só que os brasileiros não conhecem seus direitos. A lei que deve ser criada para ajudar todos os brasileiros, é acabar com todas as mordomias dos políticos. Terão direito a um salário ""X"" como todo trabalhador. E só assim, só será atraído para vida pública pessoas de bem. Quem realmente quer trabalhar pelo povo. E fará de tudo para promover a justiça e a igualdade da nação. Enquanto o amor pelo poder, for maior, que o amor a servir a nação. Aqui nada mudará.']",160,120,160,160,200,800
771,76,Das mulheres aos transgêneros,"['De acordo com o sociólogo Émile Durkheim, a sociedade pode ser comparada a um ""corpo biológico"", por ser, assim como esse, composta por partes que interagem entre si. Desse modo, para que esse organismo seja igualitário e coeso, é necessário que todos os direitos dos cidadãos - homens, mulheres e transgêneros - sejam garantidos. Contudo, isso  no Brasil não ocorre, pois o gênero masculino é priorizado frente à figura da mulher, além de o preconceito com o novo ainda se mostrar presente.', 'Tal disparidade de posições na sociedade é notada através não só da história brasileira como também da mundial. Rachel de Queiroz - célebre autora de "" O Quinze"" - foi a primeira mulher a ingressar na academia bbrasileira de letra (um local, até então, majoritariamente frequentado por homens). Em contramão a esse reconhecimento do gênero feminino, a autora britânica Jane Austen publica seus romances com a identidade masculina, devido ao preconceito do século XIX. Todavia, no século seguinte, a revolução feminista da década de 60  permitiu às mulheres o poder de decisão de ter ou não ter filhos e, caso queiram, em que quantidade. Isso foi possível devido popularização da pílula anticoncepcional.', 'Convém lembrar, porém, que na contemporaneidade as mulheres vêm se destacando cada vez mais e outras questões de equidade de gêneros estão presentes. Dilma Rousseff e Ângela Merkel, por exemplo, assumem a chefia de potências econômicas na América Latina e Europa, respectivamente - a primeira foi deposta por impeachment no Brasil em 2016. No entanto, a emergência de outros gêneros, como os transgêneros ( o qual os indivíduos não se identificam com o sexo de nascimento) levanta outras questões de igualdade de direitos no Brasil - país ainda tradicionalista e heteronormativo.', 'Em decorrência disso, cabe ao Terceiro setor e ao Governo Federal a tarefa de reverter esse cenário. O terceiro setor - composto por associações que buscam se organizar para conseguir melhorias na sociedade - deve informar e conscientizar, através de mais palestras e grupos de discussão, as famílias de todo o Brasil sobre a importância de se respeitar o gênero feminino e qualquer outro gênero na sociedade tão plural que é a brasileira. Por fim, o Estado deve oferecer mais apoio à causa feminina e aos novos gêneros emergentes para a conquista de trabalhos, educação e lazer. Dessa maneira, o Brasil, de fato, poderá se tornar um Estado Democrático de Direito.']",160,160,160,160,160,800
773,48,SUS,"['Na sociedade brasileira, o Sistema Único de Saúde ( SUS ) se tornou muito importante nas últimas décadas. Isso porque,  162 milhões de pessoas que dependem exclusivamente de seu atendimento . Sob tal ótica, os desafios para suplir a necessidade não só dessas pessoas mais de todos indivíduos do Brasil se tornou cada vez mais difícil, decorrente da falta de investimentos tanto na saúde quanto na educação.', 'Primordialmente,  no verso da musica "" perfeição "" de Legião Urbana, famosa banda dos  anos 90,  (os mortos por falta de hospitais ) descreve com exatidão a precariedade da saúde pública no Brasil, do qual não se encontra leitos suficiente para atender ao alto número de  enfermos, sobretudo, após o avanço da covid-19. Ademais, devido a sua burocracia desde o cadastramento até o atendimento muitos pacientes acabam não resistindo. Logo, faz-se necessário um aumento no investimento da  saúde.', 'Todavia, como dizer a frase do  educador e filósofo Pernambucano Paulo Freire, "" se a educação sozinha não transforma a sociedade, sem ela tampouco a sociedade muda"". Nela  pode-se observar o quanto a educação é primordial para mudar o país e com ele o seu sistema público de saúde . Além disso, é através de uma boa educação que é possível a formação de médicos e enfermeiros realmente capacitados para atender a população.', 'Dessa forma, o SUS é o principal órgão de saúde do Brasil. Portanto, é preciso que o Ministério da Saúde em conjunto com o Ministério da Educação  invistam de forma colaborativa, cujo o primeiro em uma melhor organização burocrática por meio de cuidados que priorizam os pacientes de acordo com a sua gravidade, já o segundo em uma educação superior através do aumento de bolsas de estudos nas áreas da saúde, principalmente em medicina que é o curso mais disputado e com menos profissionais. Só assim, o SUS conseguirá atender todos os brasileiros entre eles os 162 milhões que depedem apenas de seus atendimentos.']",160,160,120,200,160,800
780,83,O Esporte Uma Lição de Vida,"['O esporte é uma atividade recreativa e profissional, que ensina as pessoas a terem: disciplina, respeito e amor ao próximo.', 'A prática esportiva ensina a respeitar os limites do próprio corpo, disciplinando a pessoa a treinar de maneira segura e sadia. Outro fato importante, o esporte contribui para o bem estar físico e mental. A pessoa que prática atividade esportiva, terá uma ótima saúde física e mental.', 'Em relação ao amor ao próximo, o esporte une as pessoas, conscientizando-as de que são concorrentes e não inimigas. Este fato é exposto nas olimpíadas, sediadas na cidade do Rio de Janeiro. NEste evento não há espaço para qualquer tipo de preconceito ou discriminação, e sim para o respeito e amor entre as pessoas.', 'A atividade física é uma lição de vida e o maior ensinamento é o legado que deixa, como exposto acima. No momento que as pessoas interiorizarem os supracitados ensinamento, o mundo se tornará melhor, com mais respeito e amor entre as pessoas.']",160,120,160,160,200,800
789,50,Ciência e Pandemia,"['A ciência é uma das ferramentas necessárias para o desenvolvimento humano. Este meio de estudo e pesquisa, permite que novas descobertas aconteçam no Brasil e no mundo, como ocorre com a pandeia da Covid-19. Entretanto, esse importante instrumento requer investimento, desse modo torna-se necessário um olhar crítico que perceba o real valor da ciência e valorize seus profissionais.', 'Em uma primeira análise, nota-se que a produção científica é crucial para melhor compreender os efeitos da pandemia e assim buscar possíveis soluções . Pesquisadores e cientistas dos diversos continentes, trabalham em conjunto desde que foi noticiado o primeiro caso do novo coronavírus, buscando  meios de desenvolver testes acessíveis que identifique os contaminados e diminua a proliferação do vírus. Além é claro, das pesquisas de medicamentos e vacinas, necessários no tratamento e prevenção desta doença', 'Ainda convém lembrar, um importante feito obtido por duas cientistas brasileiras no combate a esse vírus, Jaqueline de Jesus e Ester Sabino, sequenciaram o genoma da Covid-19 em apenas quarenta e oito horas . Todavia, esse desenvolvimento requer colaboração governamental, pois com laboratórios bem equipados e técnicos mais preparados, essas ações acontecem de forma mais ágil e prática.', 'Dessa forma, torna-se imprescindível que o governo federal promova a integração dos esforços de pesquisa científica e desenvolvimento. Investindo nas instituições que valorizam a ciência e seus profissionais, disponibilizando equipamentos inovadores que facilitam o trabalho. Tal qual, esse agente público, deve preparar os técnicos da área através de cursos prévios, para momentos de grande dificuldade, como esse . Também é indispensável para ambas entidades a transparência nas informações, para que dessa forma a população obtenha referências verídicas, podendo  assim proteger-se.']",160,160,160,160,160,800
790,45,05 - FBS,"['Na obra ""Utopia"", do escritor inglês Thomas More, é retratada uma sociedade perfeita, na qual o corpo social padroniza-se pela ausência de conflitos e problemas. No entanto, o que se observa na realidade contemporânea é o oposto do que o autor prega, uma vez que o abuso de autoritarismo  no Brasil apresenta barreiras, s quais dificultam a concretização dos planos de More. Esse cenário antagônico é fruto tanto do silenciamento, quanto da lacuna educacional . Diante disso, torna-se fundamental a discussão desses aspectos, a fim do pleno funcionamento da sociedade.', 'Primeiramente, é fulcral pontuar que o abuso de autoritarismo no Brasil deriva da baixa atuação dos setores governamentais, no que concerne a criação de mecanismo que coíbam tais recorrências. Segundo o pensador Thomas Hobbes, o Estado é responsável pelo o bem-estar da população, entretanto isso não ocorre no Brasil. Devido à falta de atuação das autoridades governamentais, o silenciamento, por sua vez, acaba sendo a consequência do abuso de autoritarismo . Desse modo, faz-se mister a reformulação dessa postura estatal de forma urgente.', 'Ademais, é imperativo ressaltar a lacuna educacional como promotor desse problema. De acordo com o filósofo Immanuel ant, o ser humano é aquilo que a educação faz dele . Assim, a educação deve ser um direito universal. Tendo isso presente, é nítido observar a ausência de debates sobre o abuso de autoritarismo nas escolas brasileira . Logo, isso retarda a resolução do empecilho, já que a lacuna educacional contribui para a perpetuação desse quadro deletério.', 'Portanto, uma intervenção faz-se necessári. Para isso, é preciso que as escolas  em parceria com a prefeitura promovam espaços para rodas de conversas e debates sobre a questão do abuso de autoritarismo no Brasil, tais eventos podem ocorrer no período extraclasse contando com a presença de professores e especialistas no assunto. Além disso, esses eventos devem ser aberto à comunidade a fim de que mais pessoas compreendam a importância do combate ao abuso de autoritarismo no Brasil e se tornem cidadãs atuantes na busca de resoluções. Em suma, atenuar-se-à, em médio e longo prazo, o impacto nocivo do abuso de autoritarismo no Brasil, e a coletividade alcançará a Utopia de More.']",160,160,120,200,160,800
792,82,"Tomou, passou?","['O Senso Comum é o conhecimento popular transmitido de geração em geração baseado através  das experiências, sem necessidade de comprovação científica. Dentro deste , encontra-se a automedicação ? que pode ser um problema dentro da sociedade contemporânea, causando mutações gênicas e até mesmo agravando um estado crítico de uma doença que poderia ser facilmente tratada.', 'A medicação por conta própria é um dos exemplos de uso indevido de remédios, considerado  um problema de saúde pública no Brasil e no mundo. Segundo dados do Sistema Nacional de Informações Tóxico-Farmacológicas (SINTOX), em 2003, os medicamentos foram responsáveis por 28% de todas as notificações de intoxicação.', 'O uso de medicamentos de forma incorreta pode acarretar o agravamento de uma doença, uma vez que a utilização inadequada pode esconder determinados sintomas. O uso abusivo de antibióticos  pode facilitar o aumento da resistência de microorganismos , o que compromete a eficácia dos tratamentos. Outra preocupação em relação ao uso do remédio refere-se à combinação inadequada, no qual, ? um medicamento pode anular ou potencializar o efeito do outro.', 'Para evitar os transtornos da automedicação à população, o Estado deve investir mais em saúde, priorizando a prevenção e fomentando a prática de esportes, a produção e o consumo de alimentos saudáveis, além de promover campanhas educativas alertando para os riscos da automedicação. Os cidadãos também devem buscar hábitos saudáveis, usando os medicamentos como último recurso.']",160,160,160,160,160,800
793,43,Desafios da cultura de cancelamento,"['São Tomás de Aquin defendeu, que todos as pessoas precisam ser tratadas com a mesma importância. Porém,a cultura de cancelamento nas redes sociais contraria o ponto de vista do filósofo,uma vez que,no Brasil,as pessoas e marcas são vítimas de discursos de ódio. Nesse sentido,é preciso que estratégicas sejam aplicadas para alterar essa situação,que possui como causas: a saúde mental e a má influência midiática.', 'Em primeiro lugar,é válido salientar que a cultura de cancelamento afeta negativamente a saúde mental das vítimas. De acordo com a OMS ,mais de 300 milhões de pessoas no mundo sofrem de depressão(Dados de 2015).Nesse sentido,o ato de ignorar e excluir alguém pela sua falha pode fazer com que se sinta isolada,podendo ocasionar assim depressão a até suicídio.', 'Em segundo lugar,vale ressaltar que a má influência midiática configura-se com um grave empecilho no que diz respeito ao cancelamento nas redes sociais. Conforme Pierre Bourdieu,o que foi criado para ser instrumento de democracia não deve ser convertida em mecanismo de opressão. Nessa perspectiva,pode-se observar que a mídia,em vez de promover debates que elevem o nível de informação da população,influencia na consolidação do problema.', 'Logo medidas estratégicas são necessárias para alterar esse cenário. Assim,especialistas no assunto,com o apoio de ONGs também especializadas, devem desenvolver ações que revertam a má influência midiática sobre a cultura de cancelamento nas redes sociais. Tais ações devem ocorrer nas redes sociais,por meio de produção de vídeos que alertam sobre as reais condições da questão,comparando o tratamento que a mídia dá com relatos de pessoas que de fato vivenciaram tal problema. É possível,também,criar uma ""hashtag""para identificar a campanha e ganhar mais visibilidade,a fim de conscientizar a população sobre as consequências do tratamentos que determinados canais de comunicação dão ao assunto. Talvez,assim,seja possível construir um país de que filósofos/autor pudesse se orgulhar.']",160,160,120,200,160,800
795,79,Direitos humanos,"['""Toda pessoa tem direito a um nível de vida suficiente que lhe assegure a saúde e o bem-estar."" Essa é a afirmação que se encontra no artigo 25, parágrafo 1º  da Declaração Universal dos Direitos Humanos. Contudo, o documento escrito pela Organização das Nações Unidas (ONU) não é obedecido pelo sistema carcerário brasileiro, que mantém seus prisioneiros em condições de insalubridade, tortura e superlotação. Diante disso, é necessária uma maior atenção do Governo para intervir no problema.', 'Ainda citando a Declaração Universal dos Direitos Humanos, artigo 5º: “Ninguém será submetido à tortura nem a penas ou tratamentos cruéis, desumanos ou degradantes.” Trata-se de mais um definição que não se aplica aos presídios brasileiros, uma vez que os detentos são agredidos com frequência pelos agentes penitenciários e, além disso, são torturados física e psicologicamente durante os interrogatórios policiais. Depreende-se através  disso que o sistema carcerário brasileiro não é eficiente, uma vez que apenas castiga o prisioneiro ao invés  de fazê-lo entender a gravidade de seus delitos, evitando novos crimes.', 'Outrossim, a insalubridade aliada à superlotação das cadeias não condicionam  a saúde e o bem-estar assegurados pelo documento da ONU. Tais problemas podem causar conflitos entre os prisioneiros, o que foi o caso de um complexo penitenciário em Manaus. Classificada como a segunda maior chacina ocorrida no Brasil, ficando atrás apenas do massacre de Carandiru, em São Paulo, a rebelião manauense resultou em 56 mortes, incluindo esquartejamentos e decapitações.', 'Portanto, o sistema prisional brasileiro necessita de atenção e reforma gerida pelo Governo Federal. Ao invés  de construir novos presídios, o foco deve ser a conscientização dos detentos, o que pode ser feito através  de melhorias na qualidade e no acesso à educação pública. Dessa forma, impede-se que novos delitos aconteçam, evitando assim a superlotação das cadeias. Além disso, é função do Governo fornecer ambientes bem equipados que atendam às  necessidades básicas dos detentos, como saneamento, alimentação e lazer. Assim, é possível haver respeito e harmonia no convívio entre prisioneiros sem privá-los de seus direitos.']",160,160,160,160,160,800
798,58,Desmatamento e queimadas na Floresta Amazônica,"['Constata-se que a poluição e o desmatamento no Brasil não são assuntos novos da contemporaneidade, eles são vistos no país desde a colonização, na qual grande parte das florestas tropicais foi destruída. A Floresta Amazônica é uma das vítimas do desmatamento vindo, principalmente, da pecuária. Claramente, os efeitos que estes atos trazem prejudicam o planeta como um todo, pois a Floresta Amazônica é uma área de extrema importância generalizada .', 'Nesse contexto, de acordo com o Instituto de Pesquisa ambiental da Amazônia (IPAM), em 2019, no mês de agosto, o número de queimadas aumentou cerca de 60% em relação a média dos últimos três anos. Outro fator relevante é o desmatamento causado pela pecuária, que é responsável pela perda de 70% da Amazônia. Todos esses casos de destruição da Floresta fazem com que o ciclo hidrológico se altere, pois, com as queimadas e o desmatamento, a evapotranspiração diminui, contribuindo para que haja períodos mais quentes.', 'Ademais, vale ressaltar a importância da Floresta Amazônica também para a indústria farmacêutica, pois o número de plantas medicinais lá existentes é muito grande. Além disso, a Amazônia pode não ser o ""pulmão do mundo"", mas, com certeza, é tão importante quanto, porque ela absorve uma enorme quantidade de dióxido de carbono, o que ajuda imensamente na diminuição do aquecimento global.', 'Diante disso, fica clara a importância da preservação da Floresta Amazônica, pois essa se destaca como sendo uma ótima ajuda para o planeta em fatores ambientais diversos. Sabe-se da existência de leis (como a Lei de Crimes Ambientais) e de normas (como o Código Florestal) já vigentes no Brasil. Assim, o que falta para ajudar a preservar este bioma é o investimento vindo do Estado no Ministério do Meio Ambiente para que esse aprimore suas tecnologias (como satélites) para que seja feita uma fiscalização nesta imensa área.']",160,200,160,160,120,800
800,44,Papel da mulher no esporte,"['Em 2019 a atleta Caster Semenya de origem sul-africana perdeu uma ação movida contra a Federação Internacional de Atletismo, por ter sido banida por apresentar altas taxas de testosterona no sangue, que segundo o órgão estaria assim favorecendo sua performance nos jogos. Casos como de Caster vem viabilizando uma sociedade totalmente desigual que enxerga o papel da mulher no esporte como desnecessário e inútil. Dadas as circunstâncias vê-se a configuração de um problema que emerge devido a insuficiência llegislativa e da má influência midiática, que precisa ser revertido.', 'Primeiramente, é preciso ressaltar que a insuficiência legislativa uma causa latente do problema, segundo o filósofo Foucault, na sociedade pós-moderna, temas são silenciados para que estruturas de poder sejam mantidas, nesse ponto de vista há uma lacuna que aflige a descriminação da mulher no esporte, já que órgãos que deveriam estar cumprindo com o seu papel de defender o direito do cidadão fazer as atividades esportivas que lhe atrai, não estão fazendo.', 'Em segundo plano, a má influência mediática cria um cenário que não viabiliza ocorrências como a de Caster, que não foram divulgados com tanta veemência pela mídia, movimentos criados no Brasil como Let Her Run, são completamente abafados pela mídia que ainda vê assuntos como o papel da mulher no esporte como um tabu, regras impostas pela Federação Internacional de Atletismo, diz que atletas femininas deveram tomar medicamentos para redução de sua testosterona pelo resto de suas vidas, os ataques feitos contra Caster vem com proclamação de não pessoais , mas no século vinte e um sabe-se que essas afirmações são fúteis e desnecessárias.', 'Portanto, uma intervenção faz-se necessária. Para isso é preciso que os governos estaduais , com parceira com as escolas, criem rodas de conversão com atletas femininas regionais encorajando garotas da idade dos 10 aos 17 que tenham interesse em ingressar no esporte, além disso essas conversações devem ocorrer em ambiente público, para que as pessoas que desconhecem a descriminação da mulher no esporte torne-se cidadãos relutantes na busca das resoluções. Assim poderá se configurar um Brasil e um mundo melhor.']",160,160,120,160,200,800
802,46,As entrelinhas da privatização do saneamento básico no Brasil,"['O problema da oferta do saneamento básico no Brasil tem reforçado o coro daqueles que defendem a privatização desse servio. No entanto, a presença do ator privado nesse setor deve ser vista com ressalvas, especialmente no que se refere ao potencial hídrico do país e a lógica financeira atrelada a esse tipo de processo.', 'Primeiramente, quando se analisa a questão da crise hídrica no contexto mundial, o Brasil surge como uma área de grande interesse, devido as suas reservas de água doce, principalmente com a descoberta, em 2011, do Sistema Aquífero Grande Amazônia (SAGA). Essa particularidade pode ser um dos principais motivos que tem incentivado o processo de privatização do saneamento básico, já que estas concessões podem possibilitar a aquisição indireta dessas reservas, acarretando a monopolização das nossas águas.', 'Em segundo lugar, ao observar a lógica financeira, dificilmente o setor privado irá direcionar seus investimentos para as regiões interioranas e de moradias irregulares, que são as que mais sofrem com a ausência de água tratada e de esgoto, se não houver a contrapartida do poder público pelos recursos financeiros alocados . Além disso, os termos aditivos assinados durante a vigência dessas concessões tendem a aumentar os valores inicialmente acordados, o que não justificaria o discurso da falta de recursos públicos para a prestação desses serviços.', 'Nesse contexto, faz-se necessário que o governo federal por meio do Ministério de infraestrutura crie um espaço de discussão com grupos representativos da sociedade civil, especialmente das comunidades mais carentes, para abordarem a pertinência da participação da iniciativa privada na oferta desses serviços. Concomitantemente, o Ministério da economia deve demonstrar, didaticamente, para a população os recursos financeiros envolvidos quando este serviço é prestado pelo poder público e pelo ator privado, como forma de avaliar o que é mais viável, economicamente, para a coletividade.']",160,160,120,200,160,800
810,40,Um samba enredo que está por vir,"['No carnaval deste ano, a escola de samba União da Ilha do Governador trouxe para a avenida o samba enredo onde questionava ""beleza pura?"", uma crítica ao mundo que valoriza mais a beleza exterior do que a interior. É nesse contexto no qual vivemos atualmente, numa sociedade consumista que almeja padrões de beleza preconizados pela mídia, no entanto, esses desejos podem colocar em xeque a saúde dos indivíduos. Em meados de 1920 o consumismo reinava, no momento presente ele continua imperando veementemente. Com base nisso, na década de 20 nos Estados Unidos da América os cidadãos consumiam bens e serviços, desenfreadamente, fomentados por meio de propagandas, sobretudo, acessórios e roupas usadas por modelos nas campanhas publicitárias no American Way of Life ou estilo de vida americano. Esse cenário na esfera mundial não mudou no século XIX, aliás, foram os meios de comunicação que inovaram com o advento de novas tecnologias. Com a modernização na área de comunicação, a mídia que já tinha uma papel fundamental na divulgação se intensificou. Prova disso, é a TV e internet, canais usados constantemente para transmitir elevados tipos de vida e estereótipos a serem obtidos pelo público-alvo, e quem não segue esse paradigma é rotulado de antigo, obsoleto, só porque não se deixar ser persuadido pelos meios de comunicação em massa, contudo, o anseio em excesso por padrões estéticos pode culminar em sérias consequências aos que buscam o modelo ideal. A avidez incessante para se ter a imagem bela no meio social pode acarretar em efeitos físicos e psicológicos nos sujeitos . Um caso recente foi o drama da modelo Andressa Urach, que ficou internada e passou por cirurgias devido a complicações nas coxas por te injetado hidrogel, todavia, as marcas não ficaram registradas só no corpo, o seu lado emocional também foi afetado, uma ocorrência que poderia ter sido evitada. Dessa forma, para coibir eventuais casos como o da vice miss bumbum, cabe ao governo tomar medidas eficazes que inibam esses acontecimentos, fiscalizando o comércio de produtos para cirurgias plásticas, a mídia continuar exercendo sua função social não influenciando os receptores , a escola estimular o pensamento crítico dos alunos, a família educar os seus membros para que eles se tornem pessoas conscientes de seus atos, a sociedade respeitar à diversidade e diante disso quem sabe, uma escola de samba não leve para a avenida um samba enredo exaltando a beleza como ela é.']",160,160,120,200,200,840
811,81,Alteridade comprometida,"['É fato que, ao longo da nossa história como colônia de exploração, inúmero  foram os povos formadores da nossa cultura. Desde os indígenas, escravos africanos e portugueses da monarquia, até os japoneses e italianos das repúblicas, contribuíram para a tamanha diversificação cultural e, consequentemente, da quantidade de religiões diferentes presentes aqui. Assim, o problema da intolerância religiosa no nosso país é comum,  e deve ser combatido.', 'Primeiramente, é importante analisarmos a presença dessa adversidade relacionada ao desenvolvimento da nação. Uma vez que a intolerância de crenças compromete a alteridade da população brasileira, ela causa inúmeros problemas humanos como a violência. Não obstante, ela também está ligada com a economia nacional, já que a Organização das Nações Unidas (ONU) condena tal prática, e muitas empresas e investidores internacionais evitam relacionar-se com países com instabilidade social.', 'Outro problema é o prejuízo do sistema de ensino brasileiro, que é, em grande parte, afetado por essa violência. Como essa questão compromete a divulgação de ideais sociais e de respeito para com o próximo, tal intolerância, infelizmente, acaba sendo beneficiada. Por assim dizendo, ao garantirmos uma educação mais eficaz, voltada para o ensino inter-religioso, ?  e livre desse preconceito, estaremos mais próximos da erradicação do mesmo.', 'Portanto, de acordo com Sartre, “a violência sempre é uma derrota”, então, precisamos tomar certas medidas para sairmos vitoriosos da batalha contra a intolerância religiosa. Uma delas é a renovação das leis atuais sobre a laicidade do Estado e o respeito às religiões, pelo poder legislativo, buscando a diminuição desse problema e ajudando a todos os brasileiros. Também é de suma importância, com o auxílio das famílias, escolas e do ministério da educação , a criação de projetos educacionais, como palestras, com o objetivo de consolidar e levar ensino, principalmente aos jovens, sobre esse assunto. Assim, conseguiremos instruir a todos a como “amarmos uns aos outros como se não houvesse amanhã”, como já dizia Renato Russo, indiferente  de qual religião cada um segue.']",160,160,160,160,200,840
814,46,Privatização,"['Jeca Tatu é um emblemático personagem criado pelo escritor Monteiro Lobato com o intuito de alertar sobre as doenças acometidas pela falta de saneamento básico. No âmbito real, atualmente, embora o direito ao saneamento básico seja amparado pela Carta Magna brasileira, muitas pessoas ainda não têm acesso a esse recurso. Diante disso, uma possível privatização desse setor se tona iminente. Nesse sentido, vale analisar quais os papeis do Estado e empresas privadas em assegurar que todos os indivíduos do país possam ter acesso a esse serviço básico.', 'A princípio, é necessário afirmar que segundo o pensador Thomas Hobbes, o Estado é responsável por garantir o bem-estar da população. Todavia, com a privatização de empresas estatais, o governo tem como função fiscalizar a eficácia desses serviços prestados por essas corporações. Entretanto, a privatização por si não garante que esse serviço atinja toda a população. Nessa ótica, outrora, com a privatização do setor elétrico, foi necessário que o Estado elaborasse uma política pública denominada “Luz para Todos” para que esse direito se tornasse homogêneo a todo o contingente brasileiro. Dessa forma, o Estado ainda tem a função argumentada por Hobbies de assegurar o bem-estar de toda a população.', 'Outrossim, as empresas privadas que oferecem serviço à população devem manter a qualidade desse recurso e, além disso, garantir que seja seguro e eficaz a todos. Um exemplo contrário disso,  é o desastre do rompimento das barragens de minério de ferro da empresa privada Vale, registado na cidade de Mariana, em Minas Gerais. Ademais, no caso de saneamento básico, o desafio dessas empresas é assegurar que a população possa ter acesso à água potável, tratamento de esgoto, limpeza urbana, entre outros. Para isso, essas empresas privadas precisam ser fiscalizadas para assegurar que elas oferecem esse serviço com boa qualidade.', 'Verifica-se, portanto, que a privatização do saneamento básico é um grande desafio no Brasil. Sendo assim, o Governo Federal, como instância máxima de administração executiva, deve atuar em favor da população, através de criação de políticas públicas que viabiliza a fiscalização de empresas privadas que detêm a missão de assegurar a qualidade do saneamento básico para todos. Em conjunto a isso, o governo ainda deve implementar nessas políticas públicas medidas para baratear as mensalidades desse recurso em lugares com discrepâncias sociais, para que assim possa ser possível um serviço de qualidade e homogêneo a toda a população. Desse modo, os brasileiros afastar-se-ão do Jeca personagem criado pelo Lobato.']",160,160,160,200,160,840
815,48,A escolha de Sofia,"['“Pouca saúde e muita saúva, os males do Brasil são”. Embora publicado em 1928, o trecho do escritor Mário de Andrade ainda é atual no país. Isso porque, o Sistema Único de Saúde (SUS) padece com desafios frente à sua importância como instituição de atendimento sanitário a toda a população brasileira. Logo, os três entes federados devem priorizar uma governança eficiente do sistema e a sociedade civil exercer seu protagonismo no que concerne à prevenção de doenças.', 'A priori, ressalta-se que o SUS é tripartite, ou seja, ele é de responsabilidade dos governos federal, estadual e municipal. No entanto, a ingerência dos entes federados constitui um desafio ao sistema, pois parte significativa da população não consegue sequer ser atendida. Exemplo disso é o Rio de Janeiro, sem leitos suficientes para pacientes com Covid-19, o estado adotou um protocolo para definir quem tem direito a uma vaga nas UTI . Assim, o caso fluminense inflige o atendimento universal do SUS e reproduz a obra ficcional “A Escolha de Sofia”, filme cuja protagonista é obrigada a escolher entre um de seus filhos para ser morto pelo regime nazista.', 'Não obstante a saúde pública no Brasil seja preconizada como um dever do Estado, a sociedade também é protagonista no enfrentamento de desafios impostos ao SUS . Nesse sentindo, a população deve se prevenir de molétias de fácil contágio, mas de tratamento complexo. Por conseguinte, ao ignorar medidas simples que evitam patologias graves, as pessoas tornam-se agentes que corroboram as dificuldades da saúde pública no país. Esse é o caso de doenças sexualmente transmissíveis, as quais aumentaram entre a população jovem nos últimos anos, segundo o Ministério da Saúde. Dessa forma, o comportamento de risco é um dos fatores que sobrecarrega o SUS.', 'Destarte, urge que os desafios ao SUS sejam minorados frente à sua importância para a população brasileira. Nesse sentido, a união, os estados e os municípios devem adotar uma governança mais eficiente do sistema. Para isso, o Conselho Nacional de Saúde deve se reunir anualmente e mapear os pontos críticos constantes dos bancos de dados digitais das Secretarias de Saúde, corrigi-los e evitar que fatos inesperados, como a pandemia de Covid-19, ponham os brasileiros em risco . Por sua vez, a sociedade civil há que cumprir seu papel na prevenção de doenças para que o Sistema não fique inflado. Tudo isso com a finalidade de que o SUS seja eficiente para todos e não reverbere o pensamento supracitado de Mário de Andrade.']",160,160,160,200,160,840
822,43,É preciso responsabilidade virtual,"['De acordo com a filósofa política alemã Hannah Arendt, ""A essência dos direitos humanos é o direito a ter direito"". Em consonância a isso, embora a justiça seja falha em ocasiões mais propícias, no tribunal das redes sociais ela mostra-se ágil e contundente, agindo por vezes de forma impetuosa, sem necessariamente, escolher a quem, bastar postar ou fazer algo vexatório e o linchamento virtual é iniciado. Nesse sentido, é dever do parato statal, junto aos detentores dos direitos das mídias digitais, criarem medidas paliativas que visem restringir comentários ofensivos, que tenham o objetivo simplesmente de ferir a honra do indivíduo acusado.', 'Em primeira análise, vale ressaltar que com o avanço tecnológico e a concentração de usuários cada vez mais ativos, expor sua opinião tornou-se algo ainda mais responsável, uma vez que ""Forçar"" uma ideia ou promover alguma ideologia sem o conhecimento acerca do assunto, com intuito apenas de ""Lacrar"" - termo utilizado na internet, que tem como intuito dizer que alguém quis aparecer, ou se destacou em algo -, passam a trazer consequências infinitas, desde profissional, como pessoal. Segundo uma pesquisa realizada pela associação de veículos de imprensa, contatou-se que 8 em cada dez pessoas conhecidas do público (famosos) já tiveram sua imagem \'Arranhada por determinada atitude questionável"", situação essa que é análoga ao fato dessas personalidades promoverem tal posição a determinado tema.', 'Em segunda análise, é possível afirmar que embora a difamação nas redes sociais tragam e façam estragos mentais a qualquer cidadão, também percebe-se uma postura cada vez mais estudada dessas celebridades e  \'Influencers digitais"". A filósofa Hipátia de Alexandria,  defende a tese de que ""compreender as coisas que nos rodeiam é a melhor preparação para compreender o que há mais além"", dessa forma, observa-se tal ideia praticada com os participantes de \'Realites shows"", já que hoje em dia é comum cada um participar de forma pensada, muitas vezes assessorados por uma equipe de marketing.', 'É evidente, portanto, que o governo federal, junto aos presidentes de empresas de mídias no Brasil, criem um sistema de redes que garantam a defesa dos direito humanos dentro de qualquer plataforma virtual, visando defender a saúde psicológica de seus usuários, através da contratação de profissionais de tecnologia da informação, para assim monitorarem esses comentários ""maldosos"". Com tais medidas, a problemática do cancelamento nas redes sociais assim como o fator da superexposição serão apaziguados.']",160,160,160,200,160,840
823,44,“Padronização do que é ser mulher”,"['A testosterona concede diversos efeitos no corpo humano, como o fortalecimento da musculatura. Na atual realidade, sua taxa metabólica serve de padrão para decidir que atletas estão aptos a competir, sobretudo nas mulheres, que não podem ultrapassar o limite de produção considerado “normal” pela Federação Internacional de Atletismo. Entretanto, esses aspectos biológicos não deveriam afetar o que é ser mulher socialmente, e que tipo de mulher deveria representar as outras, pensamentos que advém de raízes históricas e causando assim, uma padronização.', 'Em primeiro lugar, é imperativo postular pensamentos de tipificação feminina- historicamente ditados- como agravantes da problemática supracitada. A idealização de uma mulher delicada e frágil não é recente, para os atenienses, apreciadores do intelecto, eram consideradas fisicamente e intelectualmente frágeis. Nessa perspectiva, estipulou-se uma imagem feminina indefesa, e quando uma mulher mostra, sem o uso de medicamentos, um excesso de traços tipicamente masculinos- como a bicampeã olímpica Caster Semenya, que possui nível de testosterona acima do padrão- é condicionada a provar que é realmente mulher, e representa-las, através do uso de medicamentos para reduzir seu nível de hormônio testosterona.', 'Por conseguinte, as mulheres se encontram cada vez mais desvalorizadas na sociedade- nos esportes são padronizadas e recebem menos, em cargos de presidência são submetidas ao mesmo trabalho de homens e recebem menor salário . Logo, essas medidas são provas de que o quadro das mulheres atualmente, é tratado como uma experiência a ser provada sempre.', 'Torna-se imprescindível, portanto, a tomada de atitudes que mitiguem o problema. Para isso, é papel das federações de esportes promover a aceitação natural das mulheres, sem rotula-las para as competições, através da proibição de uso de medicamentos para encaixar as mulheres nos jogos, pois isso cria um modelo do feminino, no intuito de erradicar a necessidade da mulher sempre ter que provar que é um espelho do que a população espera. Dessa forma, teremos desprendido sua idealização.']",160,160,160,200,160,840
825,47,Obstáculos enfrentados pelo ensino a distância no Brasil,"['Segundo o filósofo Immanuel Kant, ""o ser humano é aquilo que a educação faz dele"".A educação é um direito crucial de todos, pois é por meio dela que o indivíduo garante seu desenvolvimento social, cultural e econômico. Apesar de sua importância, esse setor ainda sofre com inúmeras dificuldades. Posto isso, vale ressaltar os desafios enfrentados pela Educação a Distância (EaD) no Brasil, como a exclusão social e a falta de investimentos em pesquisas.', 'A priori, destaca-se o sistema de ensino excludente utilizado pelas instituições de EaD no Brasil,  como uma das principais adversidades encaradas por essa. A desigualdade social presente no país, impacta diretamente no meio educacional, sobretudo, no ensino a distância. Visto que esse método demanda acesso  internet e aparelhos eletrônicos, algo que não é realidade na vida daqueles que vivem nas regiões afastadas dos grandes centros e sofrem com a falta de infraestrutura básica, como saneamento e luz elétrica. De acordo com a pesquisa TIC Domicílios de 2018, cerca de 30% da população brasileira, ainda não tinha acesso internet naquele ano. Logo, é possível concluir que infelizmente, essa metodologia não é democrática.', 'Ademais, tem-se a deficiência de aplicações financeiras na área de estudos de cunho científico, como um dos obstáculos enfrentados pela instrução a distância em extensão nacional. A carência também é sentida pelas práticas de aprendizagem presenciais, mas tem ênfase na modalidade virtual, impedindo que ela se estabeleça com credibilidade no país .Sob esse viés, conforme disse o economista William Arthur Lewis ""educação não é despesa. Sempre foi investimento com rentorno garantido"".Ou seja, é fundamental que haja um bom financiamento em recursos dessa área, para que isso reflita em melhores resultados socioeconômicos.', 'Destarte, urge que os desafios afrontados pela EaD no Brasil precisam ser amenizados. Nessa perspectiva, cabe ao Governo Federal e ao Ministério da Educação ,  apresentar propostas com o obejtivo de promover a inclusão das minorias à sociedade, por meio do auxílio áreas carentes que sofrem com a ausência de recursos tecnológicos, disponibilizando os mesmos para uso público e  também, incentivar pesquisas de caráter técnico, através de melhores investimentos nesse setor, a fim de melhorar a qualidade do ensino a distância e torná-lo acessível para todos os brasileiros.']",160,160,160,200,160,840
827,44,A pedra no meio do caminho feminino,"['""No meio do caminho tinha uma pedra, tinha uma pedra no meio do caminho"", escreveu o autor Carlos Drummond de Andrade. Até hoje, para as mulheres, essa pedra ainda existe em seus caminhos, sendo ela os obstáculos que a sociedade ainda insiste em pôr, que as impede de ""correr livremente"", como é o caso da atleta Caster Semenya. Isso é possível porque ainda há forte presença do machismo entre as pessoas e são impostas medidas a esses indivíduos, muitas vezes absurdas, que as privam de fazer o que realmente querem.', 'Simone de Beauvoir, na obra ""O Segundo Sexo"", cita sua célebre frase ""uma mulher não nasce mulher, torna-se mulher"". Ser mulher não é algo natural nem biológico, mas sim uma construção social que cada vez mais tem se pluralizado. Mas para o machismo isso é diferente e o indivíduos femininos já devem nascer com o papel secundário na sociedade, sendo obrigados a desempenhar funções apenas dentro da esfera familiar, como a de serem esposas e mães, bem como não possuir o poder de usufruir dos mesmos direitos dos homens, apesar da Constituição ederal de 1988, por exemplo, garantir que todos cidadãos brasileiros são iguais perante a lei.', 'Outrossim, são propostas a essas humanas medidas que as forçam ir contra sua própria vontade. Sartre, filósofo francês, defendia que o ser humano é livre e responsável; cabe a ele escolher seu modo de agir. Portanto, exemplos como o da atleta sul africana Semenya, submetida a medicações e exames para reduzir sua produção de testosterona e que possui até mesmo o risco de não competir mais, não deveriam existir, já que a mulher deve escolher por si mesma suas ações e não ser obrigada a situações, muita das vezes constrangedoras, apenas por conta de polêmicas sobre seu gênero.', 'Levando-se em consideração esses aspectos, deixa-se evidente que recai sobre as famílias o compromisso de conscientizar suas crianças e jovens, através de diálogos e dando bons exemplos, sobre a importância do papel da mulher no âmbito social para que as gerações futuras sejam mais igualitárias que a atual. Além disso, deve-se sempre ter o auxílio do Estado e de ONGs na solução de situações em que há abuso físico ou psicológico, como dentro de competições esportivas, para assim todas as pedras dos caminhos serem retiradas e essas personalidades possam voltar a correr sem problemas.']",160,160,160,160,200,840
835,10,O estudo é a base para melhorar de vida,"['Com os avanços que a sociedade deu em tecnologia, nas últimas décadas, o estudo se tornou indispensável para quem deseja progredir na vida. Apesar disso, recente pesquisa realizada pela Datafolha demonstra que o brasileiro considera ele o considera em segundo plano em comparação com a fé religiosa.', 'A rede mundial de computadores, desde sua criação nos anos 89 e 90, trouxe consigo muitas tecnologias e avanços em muitas áreas como na Medicina medicina, na indústria e no serviço público. Nos hospitais e Laboratórios laboratórios, os equipamentos modernos, como os de ressonância magnética, auxiliam muito no tratamento e prevenção da Saúde saúde. Na indústria automobilística, os robôs assumem os postos de trabalhadores os postos, que, outrora, eram de pessoas. Já no serviço público, os processos, do poder judiciário, por exemplo, são, em sua maioria, totalmente eletrônicos.', 'Pelo exposto, os profissionais que desejam atuar nessas e em diversas outras áreas necessitam de qualificação adequada, ou seja, estudo. Ademais, não basta tê-lo de forma superficial, é necessário o maior número de conhecimento possível na área em que se deseja atuar.', 'Nesse contexto, e, pensando num futuro ainda mais avançado com tecnologias em todos os setores da economia, fica evidente que o estudo é pilar fundamental para quem queira melhorar de vida.', 'Por fim, apesar dos de os brasileiros serem religiosos, em sua maioria, e de terem fé em Deus, não se pode esperar que a religião, através dessa fé, possa substituir a busca individual da qualificação, do conhecimento e da Inteligência inteligência, que levará o indivíduo a alcançar os sonhos e planos traçados para a vida.']",160,200,200,160,160,880
839,45,Redação 21 - Abuso de autoridade no Brasil,"['Definido pela Wikipédia como “o ato humano de se prevalecer de cargos para fazer valer vontades particulares”, o abuso de autoridade é um mal que, infelizmente, está presente no Brasil. Pessoas classificam as demais como inferiores e pensam, dessa forma, que podem as tratar de forma rude ou grosseira, por exemplo. Percebe-se, assim, um óbice na sociedade brasileira, causado tanto pelo conhecimento aliado à ignorância, quanto pela ausência de punição adequada.', 'Primeiramente, é importante salientar que casos de abuso de autoridade ocorrem através de um indivíduo cujo ocupa um cargo importante. Por certo, esse cargo só foi alcançado após muito estudo . Sócrates, filósofo da antiguidade, disse: “No mundo existe apenas um mal: a ignorância; e um bem: o conhecimento”. Entretanto, ter conhecimento para agir com ignorância torna o indivíduo ainda mais perverso — sendo, portanto, a causa do impasse — como no caso do desembargador Eduardo Almeida Prado de Siqueira, cujo humilhou o guarda civil que o aplicava uma multa por infringir uma lei.', 'Ademais, a ausência de punição adequada faz o óbice permanecer. No tocante ao caso do desembargador supracitado, esse foi punido com o afastamento. Todavia, continuou recebendo seu salário, superior a R$ 35.000, fato que, certamente, não passa a impressão de punição . Destarte, outras autoridades verão as consequências sofridas por ele e não temerão as que podem sofrer.', 'Em suma, o abuso de autoridade no Brasil é um problema, cujo tem de ser reduzido. A instituição responsável por determinada autoridade — como o Conselho Nacional de Justiça (CNJ), no caso do desembargador — deve penalizar indivíduos que realizarem abuso de autoridade, através de um afastamento com remuneração reduzida ou demissão, a depender da intensidade do caso, com o fito de mostrar as devidas consequências de realizar tal ato, desse modo minorando o número de ocorrências. Sendo assim, o ato humano de se prevalecer de cargos para fazer valer vontades particulares seria atenuado no Brasil.']",160,200,160,200,160,880
841,46,Universalização do Saneamento Básico,"['O saneamento básico é um dos serviços essenciais prestados à população, o setor engloba serviços de fornecimento de água potável, coleta e tratamento de esgoto, drenagem urbana e coleta de resíduos sólidos. No Brasil esse serviço fundamental para a qualidade de vida da coletividade é prestado de modo majoritário pelo estado, mas o novo marco regulatório prevê a universalização do setor por meio da privatização. Retirar do estado a responsabilidade primária de fornecer esses serviços não garante a eficiência do setor em atender a população em sua totalidade.', 'Inicialmente, cabe ressaltar que um dos argumentos utilizados para fundamentar a privatização do setor é a ineficiência do estado em prestar os serviços de saneamento básico a toda população . De acordo com o Sistema Nacional de Informações sobre Saneamento, até 2018 metade da população não tinha acesso ao sistema de esgoto, enquanto 16% não tinha acesso a água tratada . A suposição é que com a aprovação do marco regulatório do saneamento existirá mais investimento no setor, de modo a suprir as áreas atualmente não alcançadas. Porém, a privatização pode tornar o saneamento básico ainda mais distante daqueles que vivem em áreas periféricas onde a atuação do setor trará pouca ou nenhuma rentabilidade.', 'Ademais, por ser de caráter essencial a gestão eficiente do setor é uma missão para entrega de qualidade de vida as pessoas e não deve priorizar o lucratividade como ocorre no setor privado. O cidadão que paga seus impostos compulsórios e tem o seu direito à saúde garantido pela Constituição Federal brasileira deveria poder esperar no mínimo a gestão eficaz do seu governo em fornecer serviços básicos. A privatização desses serviços não implica em benefícios diretos à população. Pelo contrário, tirar do estado essa responsabilidade, além da incerteza do fornecimento do serviço para a população marginalizada, gera o receio de todos da elevação do custo futuro da prestação dos serviços.', 'Diante do exposto, a expectativa da boa gestão privada do saneamento básico deve ser alocada e modelada para ser aplicada pelo próprio estado. É necessário que os poderes executivo e legislativo se unam e discutam novas formas de de concretizar a universalização do saneamento básico por meio do estado. Dentre essas formas, estudar meios de captar recursos financeiros para o investimento em saneamento básico, além de atualizar o modelo de gestão atual de acordo com modelos bem sucedidos no setor a fim de alavancar sua eficiência.']",160,200,160,200,160,880
844,44,Preconceito Coletivo,"['Na Grécia antiga, em  396 a.c , Cinisca foi a primeira mulher a rebater a regra de que somente homens podiam  participar dos Jogos Olímpicos, em um contexto social de extrema desigualdade de gênero. Por conseguinte, na sociedade contemporânea, apesar de uma participação significativa das mulheres no atletismo, elas ainda enfrentam discriminação nessa atividade. Isso se confirma, sobretudo, pela imposição  do teste de feminilidade, que na verdade está ligado á noções históricas patriarcais e se constitui um método de exame invasivo.', ""Em primeira análise, a sociedade patriarcal construiu estereótipos machistas, afirmando que a fragilidade e a inferioridade são comuns ao sexo feminino. Nesse aspecto, quando mulheres exercem atividades consideradas masculinas, muitas vezes são discriminadas pelo olhar social. Em síntese, segundo a socióloga Djamila Ribeiro, ''o lugar que ocupamos socialmente nos proporciona experiências distintas'', ou seja, esse local que inferioriza as mulheres desde a formação familiar é o que impede a emancipação feminina no esporte, por exemplo. Sendo assim, o teste de feminilidade não se afirma como a única barreira para as atletas, pelo contrário, esse é mais um fruto do preconceito coletivo."", 'Em segunda análise, o teste de feminilidade é um método invasivo e de certa forma coercitivo. Isso porque,  estabelece padrões físicos e biológicos de sexualidade sobre as participantes, sendo então um mecanismo de imposição e limitação na modalidade feminina em detrimento da masculina, o que demonstra a desigualdade de gênero no esporte. Ademais, ao determinar que  mulheres com nível de testosterona acima de 5 mmol/l não são consideradas atletas femininas, esse mesmo oprime a individualidade pela articulação da uniformidade. Por isso, o movimento Let Her Run  luta por igualdade no esporte  e pelo fim do exame em questão.', 'Dessarte, é primordial que  ativistas do Let Her Run e seus apoiadores busquem emancipar o movimento de forma a torná-lo mais abrangente, por meio da divulgação na mídia- meio de comunicação e informatividade- folhetos e redes sociais. Além disso,  deve-se construir através da educação e da política , mecanismos de combate à inferiorização feminina  no esporte e na sociedade. Assim, será possível alcançar um atletismo igualitário no qual uma mulher não terá que provar que é mulher.']",160,160,160,200,200,880
846,82,A prática que salva vidas,"['Uma recente pesquisa realizada pela uol  mostrou que 70% dos brasileiros se automedicam. Isso gerou uma grande discussão entre médicos e farmacêuticos, afinal    ingerir determinado remédio sem a indicação de um especialista pode acarretar em inúmeros problemas à saúde. Entretanto, as pessoas devem procurar um médico a cada vez que sentirem um mal-estar? A automedicação é mesmo tão ruim quanto alguns dizem?', 'Muitas das vezes em que o indivíduo utiliza medicamentos por si só é porque já teve os sintomas dos quais se encontra e acredita saber o que ingerir para melhorar. Se sempre que as pessoas sentissem uma dor de cabeça ou muscular procurassem um clínico, as filas dos hospitais ficariam ainda maiores e atrapalharia no atendimento das que possuem doenças graves e precisam de atendimento imediato.', 'O corpo humano possui um sistema próprio de autodefesa,  quando alguma substância desconhecida invade o organismo   é produzido uma grande quantidade de glóbulos brancos. Isso muitas vezes cura a doença em um espaço curto de tempo, um período muito menor do que o esperado para ter assistência no SUS, e unindo a defesa natural com medicamentos o prazo de recuperação é ainda mais rápido.', 'Os especialistas defendem que o uso de medicamentos sem a prescrição médica pode causar problemas como intoxicação, alergia e alguns podem desencadear em reações perigosas, uma vez misturado com a doença cujo o indivíduo apresenta pode levar até mesmo à morte. Esse argumento é verídico, os remédios são uma espécie de drogas e   em alguns casos   complicam a situação do paciente, porém   é preciso levar em consideração que isso ocorre em uma pequena parcela dos enfermos.', 'Portanto, o perigo de se automedicar quando o problema é uma pequena dor de cabeça é baixo. Se todas as vezes em que as pessoas sentissem mal procurassem por ajuda médica   acarretaria na superlotação dos postos de saúde. Logo, a automedicação é necessária, mas não se pode deixar de informar à população que   caso o medicamento utilizado não funcione ou piore a situação na qual se encontra   procure um clínico.']",160,200,200,160,160,880
854,45,Abuso de autoridade no Brasil,"['Em consonância com a Declaração Universal dos Direitos Humanos, DUDH, a Constituição Federal postula a importância do respeito para o bem-estar social. Todavia, nota-se uma divergência entre garantia e direito, haja vista os casos de abuso de poder e autoridade no Brasil. Nesse sentido, seja pela negligência do Estado, seja pela vontade pessoal, o excesso do uso de poderio é um desafio e merece um olhar mais crítico de enfrentamento.', 'Em primeiro lugar, vale ressaltar que a indolência estatal impulsiona a problemática. Segundo Aristóteles, a política deve ser utilizada de modo que, pela justiça, o equilíbrio seja alcançado na sociedade. Analogamente, a falta de políticas que limitam e fiscalizam o exercício da autoridade abre brechas para a ocorrência de crimes. Dessa forma, observa-se casos de humilhação a cidadãos, causando danos mentais e psicológicos na vítima e, consequentemente, contrariando a DUDH.', 'Outrossim, o uso do poder para fazer valer vontades pessoais corrobora para a permanência do impasse. Na saga “Jogos Vorazes”, é retratada a invasão de privacidade dos competidores Katniss e Peeta, para satisfazer os interesses do presidente Snow, o qual viola o direito dos jovens. Fora da ficção, essa violação de direitos para satisfazer uma vontade superior é a realidade de muitos brasileiros, que têm não só sua privacidade comprometida, mas também sua integridade moral e física . Nessa perspectiva, vivencia-se a injustiça e a desigualdade no cenário brasileiro, fortalecendo a existência da mazela social em questão.', 'Portanto, conclui-se que a permanência do problema é fruto da negligência estatal e do cumprimento das vontades pessoais. Assim, para reverter a atual conjuntura, urge que o Governo, como instância máxima de administração executiva,  fiscalize, por meio do Ministério da Justiça, o exercício da soberania por parte das entidades públicas e privadas, a fim de que casos de injustiça e humilhação sejam atenuados, bem como a satisfação dos interesses próprios. Somente assim, com base no equilíbrio proposto por Aristóteles, tal fato deixará de ser, efetivamente, um desafio no Brasil.']",160,200,160,200,160,880
863,84,Armas nas mãos certas,"['Um dos principais motivos que colaboram com os homicídios e crimes no Brasil é a posse ilegal de armas de fogo pelos criminosos. Desde 2003, o Estatuto do Desarmamento ajudou bastante com na redução da quantidade de armas no país. Foram mais de 600 mil armas cedidas pelos seus respectivos proprietários. Mas só isso não bastou, a criminalidade envolvendo armas ilegais só vem aumentando.', 'Para contornar essa situação, alguns parlamentares decidiram colocar em projeto uma medida mais radical: revogar parte do Estatuto do Desarmamento e facilitar o acesso às armas de fogo pelos civis, até mesmo para aqueles que têm processos envolvendo homicídios. Tal medida poderia até reduzir os índices de violência, se não fosse a liberação de armas para quem possa ter algum envolvimento com o crime. Até porque, pessoas mal-intencionadas ou não, já conseguem, com facilidade, adquirir simulacros de arma de fogo em qualquer lugar, nas ruas ou até mesmo fazendo a compra na internet.', 'Esse projeto precisa ser revisto, se pessoas que podem estar ligadas a qualquer tipo de crime, tiverem fácil acesso às armas, a criminalidade e o número de homicídios só irão aumentar ainda mais. Permitir que os civis tenham um acesso mais fácil às armas, pode, sim, reduzir a criminalidade. Mas esses civis devem estar na lei, sem antecedentes criminais, sem nenhum tipo de ligação com o crime ou processos que tramitam que possam duvidar de suas condutas. Devem passar por exames psicológicos, toxicológicos e serem bem treinados para o uso correto das armas. Se o cidadão de bem tiver o direito de comprar e portar sua própria arma, de forma legal, ele se sentirá mais seguro e poderá se defender e defender inocentes de bandidos. E esses bandidos se sentirão mais inseguros, pois não saberão se suas possíveis vítimas estarão armadas ou não. Essa dúvida desses delinquentes poderia ajudar a reduzir os números de crimes em todo o país.']",160,200,160,200,200,920
868,85,,"['A Ditadura Militar instaurada no Brasil em 1964, extinguiu a democracia para o povo brasileiro. Entretanto,ao fim desse período governamental os direitos democráticos voltaram a fazer parte da política,mas ainda é nítido que esse sistema não é igualitário para as classes sociais.', 'No momento em que o poder político foi controlado pelos militares,o sistema democrático foi extinto no país. Um exemplo disso foi os Atos Institucionais (AIs) instaurados durante a Ditadura. Eles representaram historicamente a dissolução da democracia,em que os cidadãos sofreram várias formas de opressões como relatado no filme ´´Pra Frente,Brasil´´ de Roberto Farias. Esse episódio mostra que os brasileiros ficaram proibidos durante 21 anos de representarem as suas opiniões,e isso trouxe um grande retrocesso para o desenvolvimento nacional.', 'Com o fim dessa forma de governo,a soberania popular voltou a ser efetivada no Brasil e com isso os brasileiros puderam expressar as suas reivindicações através do voto direto entre outras formas. Entretanto, hoje,em pleno século XXI é evidente que a democracia não é devidamente decisiva,pois à população rica mantém os privilegios sobre os pobres e isso agrava as desigualdades sociais. Por isso,a real proposta da lei de iniciativa popular é conceder maior participação política para o povo lutar pelos seus direitos sejam eles políticos,econômicos e sociais.', 'O Congresso Nacional que possui como umas de suas principais funções elaborar,debater,aperfeiçoar e aprovar as leis,deve criar uma regulamentação que haja  de forma realmente democrática,a fim de acabar com as mazelas sociais ,atender as principais queixas dos cidadãos e acabar com a supremacia da elite brasileira em prol de seus interesses. Assim, o Estado agirá de forma democrática oferecendo aos cidadãos a participação nas tomadas de decisões para o bem público.']",160,160,200,200,200,920
875,84,Na mira da liberdade,"['Com o aumento da criminalidade na década de 90, o governo criou o estatuto do desarmamento, que visava diminuir a violência ao restringir o número de armas de fogo em circulação entre os civis. Apesar do aparente sucesso da lei, a medida sempre foi polêmica quanto (a) sua real eficácia. Além disso, muitos que desejavam adquirir armas para proteção viram sua liberdade ser tirada pelo Estado, e sem escolha tiveram que se adequar ao estatuto. Nesse contexto nasceu o projeto de lei 3722/2012 que objetiva alterar o estatuto, diminuindo as exigências para posse e porte de arma.', 'De acordo com o mapa da violência, de 2015, o estatuto do desarmamento teve um impacto direto na taxa de homicídios que ao invés de continuar crescendo, estabilizou. Tal resultado parece ser uma boa notícia, mas ainda é preocupante, pois a taxa de assassinatos continua altíssima – cerca de 40 mil mortes por ano – comparada a países em guerra. Sendo assim, o resultado até então é uma estabilização em uma alta perda de vidas.', 'Diante do argumento de que menos armas implicam em menos mortes, o estatuto surgiu a fim de aplicar essa ideia, que apesar de soar plausível, tal raciocínio é uma falácia. O fato de um país ter mais ou menos armas não lhe implica mais homicídios. Na Europa há países extremamente permissivos ao acesso a armas, como a Suécia, e outros restritivos, como a Holanda, e ambos apresentam taxas baixíssimas de assassinatos por armas de fogo. Já na África, países com ambas as políticas como Uganda e Tanzânia, com baixo e alto acesso a armas, apresentam níveis muito altos de homicídios por tiro. Com isso é possível compreender que o problema é muito mais complexo, e está ligado primordialmente a outros fatores desses países, como a educação, desigualdade, pobreza, etc, que precisam ser trabalhados, pois esses são as causas do problema.', 'O Estado tem o dever de criar regras para tornar a sociedade mais segura, mas não pode interferir na liberdade das pessoas de decidir ou não ter uma arma. Este direito é legítimo, mas obviamente, devido a periculosidade de uma arma, a permissão, a fiscalização e o controle dos usuários devem ser rígidos a fim de só permitir o acesso àqueles que tenham plenas condições psicológicas, além de coibir excessos e responsabilizar a todos que infringirem leis. O projeto, ainda a ser votado pelo Senado, deve ser visto como uma conquista de direitos e de defesa da liberdade.  A política sobre as armas ainda deve passar por mudanças até atingir uma forma final, mas é importante que o cidadão de bem tenha esse direito mantido.']",160,200,200,200,160,920
879,69,,"['A agricultura é uma atividade que, dentre tantos benefícios, tirou a condição de nômade do homem e o permitiu se fixar num local. Hodiernamente , leis sobre diminuir a burocratização no uso de agrotóxicos nas plantações tramitam no congresso. Nesse contexto, faz-se mister  conciliar os interesses dessa nova lei  já que, ao passo que o uso desses produtos químicos melhora a produtividade, concomitantemente, provoca impactos ao meio ambiente e aos seres vivos.', 'Em primeira instância, cabe pontuar que viver em harmonia com o meio ambiente é tido como uma habilidade das espécies segundo a visão do diretor da fundação Greenpeace, Paul Watson. Ao contrário desse pressuposto, o uso de agrotóxicos sem qualquer tipo de regulamentação fere esse princípio de harmonia proposto pelo Watson, uma vez que os impactos são diversos, tais como poluição de solos e rios pelo potencial químicos dos produtos e prejuízo aos seres vivos ao se alimentarem de orgânicos contaminados pelos pesticidas. Sendo assim, é incontrovertível a regulamentação da lei do uso desses produtos químicos para amenizar seus efeitos nocivos natureza e aos seres vivos.', 'Ademais, convém frisar que o uso de agroquímicos nas plantações traz uma melhora significativa na produtividade. Ao afirmar que a população cresce numa proporção geométrica e maior do que os alimentos  ocasionando, portanto, fome no mundo,  Malthus não levou em consideração as novas tecnologias do futuro que iriam invalidar essa sua previsão, tais ferramentas são os agrotóxicos que combatem pragas das plantações e permite uma maior produtividade. Dessa forma, é notório o erro que seria proibir o uso desses defensivos já que acarretaria na perda da produção de alimentos.', 'Destarte, urge a necessidade de medidas enérgicas para equilibrar os interesses dicotômicos sobre o uso desses químicos. É imprescindível que as autoridades públicas se reúnam com os representantes da bancada ruralista e ambientalistas para debater os problemas e benefícios de ambos os lados e fazer com que partes desses interesses prevaleçam, isto é, tanto permitir o uso dos agroquímicos, quanto regulamentar seu uso. Além disso, os ministérios competentes devem fiscalizar as indústrias de alimentação para que elas comuniquem a população, por meio de informações nas embalagens, sobre o uso desses defensivos para que as pessoas se alimentem conscientes e possam fazer suas escolhas sobre consumir ou não esse tipo de alimento. Feito isso, espera-se uma melhor harmonização da conjuntura social, já que estará atendendo aos interesses distintos.']",160,200,200,200,200,960
881,84,,"['Do Congresso Nacional às redes sociais, estão presentes atualmente discussões pautadas no porte de armas pela população civil. O projeto de lei, denominado Estatuto do Controle de Armas, determina o porte e a compra de armas a qualquer cidadão que cumpra os requisitos mínimos do projeto, o que impõe a questão se o armamento remete à autodefesa ou à autodestruição da sociedade.', 'Estudos realizados pelo Instituto de Pesquisa Econômica Aplicada (Ipea) demonstram que o aumento de 1% na quantidade de armas de fogo em circulação pode elevar em até 2% a taxa de homicídios no país, o que inviabiliza qualquer projeto que se paute no armamento civil, pois se trata de uma proposta reacionária em relação a vigente, que apesar de não solucionar a criminalidade, obteve resultados satisfatórios na estrutura de segurança do país.', 'A flexibilização da lei do desarmamento tem como objetivo a legítima defesa do indivíduo e não as raízes do mesmo, as quais as simples soluções buscadas pelo projeto não solucionam a problemática . Logo, percebe-se que a liberdade de autodefesa, além de ferir o direito à vida, se comporta como solução a curto prazo, pois prossegue sem o auxílio de reformas sociais e educacionais, provocando radicalizações como, por exemplo, o massacre na boate em Orlando, nos Estados Unidos, o maior do país com relação a armas de fogo.', 'Por conseguinte, entende-se que a criminalidade encontra-se nas raízes do indivíduo e que o armamento civil se torna uma autodestruição do mesmo e da sociedade ao ser um projeto efêmero e sem garantia. À vista disso, é necessário um maior investimento na educação em locais onde se situam elevadas taxas de violência, como em periferias e bairros pobres; (além de) práticas governamentais de bem-estar social às crianças e jovens, para que o indivíduo e a sociedade não recorram a bestialidade como solução.']",160,200,200,200,200,960
886,43,Cultura do ódio gratuito,"['De acordo com o jornalista Alison V. Marques, a cultura do cancelamento começou a ganhar mais força em 2017, quando houve um movimento contra o abuso sexual. Nesse contexto, esse fenômeno na sociedade contemporânea vem aumentando a cada dia nas redes sociais e gerando grandes impactos na vida das pessoas ""canceladas"", principalmente famosos e figuras públicas. Além disso, está sendo criados inúmeros fakes para atacar pessoas até mesmo sem motivos.', 'Segundo o filósofo iluminista Voltaire, nem sempre podemos agradar, mas podemos falar sempre agradavelmente, porém sabe-se que no meio virtual é impossível acontecer um debate saudável e a criação de fakes para atacar, fazer discursos de ódio contra as pessoas só aumentam, podendo causar depressão, crises de ansiedade naqueles que recebem, mesmo sem ter feito nada de grave.', 'Nota-se que a internet está se tornando um ambiente problemático. A maioria das figuras públicas enfrentam situações complicadas ao se pronunciarem sobre qualquer assunto, pois uma simples fala pode gerar uma bola de neve , por outro lado, alguns perdem a total razão quando praticam atitudes discriminatórias, injustas, o que torna merecedora do cancelamento, assim perdem seu direito de defesa, pois não há argumentos que possam reverter atitudes racistas, machistas, homofóbicas e preconceituosas.', 'Portanto, tais medidas seriam suficientes para combater a cultura do cancelamento na sociedade contemporânea, os empresários dessas redes sociais devem fiscalizar de maneira reforçada páginas que podem ser fakes, por meio de detectores, deletando automaticamente os discursos de ódio e criar campanhas onlines para conscientização, a fim de punir as pessoas e evitar que esse tipo de situação aconteça. Dessa forma, teremos uma sociedade mais saudável.']",200,160,120,160,160,800
889,22,Imunidade ou Regalia?,"['No Brasil, as questões relacionadas ao direito do foro por prerrogativa de função oportunizam reflexões sobre a credibilidade do Art. 5º da Constituição Federal, que afirma a igualdade de todos perante a lei. Nesse sentido, cabe avaliar até que ponto a sociedade brasileira é beneficiada com esse tipo de medida.', 'Em relação aos aspectos negativos do foro privilegiado destacam-se a morosidade do Supremo Tribunal Federal, com constantes e crescentes absolvições por questões processuais, como a prescrição, gerando uma sensação de impunidade e descrédito no Supremo. Além disso, há uma relativa facilidade em um acusado manipular a jurisdição do caso, como a renúncia do cargo para mudança de instância e postergação do julgamento. Em sentido contrário, na primeira instância poderia haver maior possibilidade de interferência politica contra ou em prol de um réu, favorecendo perseguições politicas e partidárias.', 'No país, aproximadamente 55.000 autoridades detém esse benefício. Em alguns estados, como o Rio de Janeiro, até mesmo vereadores são julgados em instâncias diferentes. No entanto, em países desenvolvidos, como os EUA e o Reino Unido, não há esse tipo de resguardo, o que propicia o julgamento equânime entre todos os cidadãos, inclusive sua maior autoridade, como o presidente.', 'Cabe também mencionar que, as consecutivas prisões de Eduardo Cunha e Lula deram-se após o fim do foro privilegiado. Isso sugere que o foro possa ser um dos motivadores das recorrentes absolvições levianas que corroboram as falhas no sistema judiciário. Nesse contexto, é possível inferir que o foro por prerrogativa de função tem, no geral, mais aspectos negativos que positivos.', 'Dessa forma, as implicações associadas ao direito do foro privilegiado não podem ser desconsideradas. Embora a medida exista para evitar interferências arbitrárias nos processos, contribuiu para que a ineficiência jurídica se manifestasse em favor dos acusados e em despeito à Constituição.']",200,160,160,200,120,840
898,43,Ostracizados,"['Na antiguidade clássica, o ostracismo era uma prática comum que se caracterizava pelo afastamento de cidadãos que cometiam atos contra a liberdade pública, a fim de deixá-los no esquecimento. Do mesmo modo, essa ostracização ocorre nos dias atuais com a cultura do cancelamento nas redes sociais. Nesse contexto, a impossibilidade de transformação social devido à supressão do diálogo e o aumento das injustiças sociais são aspectos relevantes dessa problemática.', 'Em primeira análise, cabe ressaltar que o diálogo e o questionamento são as principais ferramentas para a transformação social. De acordo com o conceito de maiêutica, da filosofia socrática, o espaço para um diálogo saudável suscita perguntas que levam ao indivíduo descobrir suas próprias verdades e, muitas vezes, mudar de opinião sobre determinado assunto. Dessa forma, o silenciamento de algumas vozes é uma forma rasa de lidar com questões estruturalmente muito complexas como, por exemplo, o preconceito.', 'Nesse sentido, a falta de oportunidade que o “cancelado” tem para expor suas razões fomenta a exclusão social. Um exemplo disso é o caso do americano Emmanuel Cafferty que, em junho de 2020, perdeu seu emprego e teve sua imagem vinculada a grupos supremacistas brancos nas redes sociais por um gesto que teria feito despretensiosamente ao alongar seus dedos das mãos. Tal fato se reflete para milhares de pessoas que são canceladas todos os dias nas redes sociais.', 'Diante do exposto, é preciso que a realidade atual seja repensada. Cabe, portanto, ao Ministério da Educação  promover o entendimento sobre a importância do diálogo em detrimento da atual cultura do cancelamento. Isso pode ser feito por meio de debates nas escolas que elucidem situações de preconceito e injustiças sociais, a fim de promover a tolerância e o diálogo pacificador. Tal medida poderá ser promovida pela inclusão de carga horária obrigatória nas aulas de filosofia e sociologia sobre o módulo “Educação e Cidadania”. Desta maneira, espera-se construir um corpo social harmônico e livre do ostracismo.']",200,200,160,200,200,960
900,19,A importância do conhecimento no combate à manipulação política,"['Após a eleição do empresário Donald Trump à presidência dos Estados Unidos da América pelo Partido Republicano, a discussão ao redor do mundo sobre as redes sociais como instrumento de manipulação política tornou-se mais frequente e mais importante. Com a proximidade das eleições presidenciais no Brasil, surge a seguinte questão: como os brasileiros podem enfrentar a manipulação política nas redes sociais e exercer o direito ao voto de modo consciente?', 'Os especialistas em educação tendem a convergir para a ideia de só ser possível não ser vítima de qualquer tipo de manipulação, em especial a de natureza política, por meio do desenvolvimento apurado de um senso crítico, o que só ocorrerá, segundo esses estudiosos, através da busca por conhecimento e da reflexão (sendo aquela uma condição essencial para esta ) constantes sobre vários temas socialmente relevantes, como educação, saúde, segurança, economia, direitos humanos, entre outros.', 'É de conhecimento geral, entretanto, que uma das mais seguras fontes de conhecimento (e, portanto, uma ótima ferramenta para auxiliar no desenvolvimento da capacidade de reflexão), a leitura, não está entre os hábitos culturais do brasileiro médio, fato possível de ser comprovado com o auxílio de pesquisas como a publicada em 2015 pela agência Nop World, segundo a qual o Brasil perde em horas de leitura por pessoa até para países vizinhos também considerados em desenvolvimento, como Argentina, Venezuela e México.', 'Mesmo assim, seria possível argumentar que há outros meios válidos além da leitura para a obtenção de conhecimento, como a audiência a programas culturais nos meios de comunicação audiovisuais de massa (televisão e internet), mas o fato é que, segundo o mesmo levantamento de 2015, apesar de o brasileiro passar muitas horas a mais em frente a esses veículos do que as que passa lendo, esses momentos são dedicados justamente a conteúdos não atrelados à cultura, invalidando, pois, essa linha de argumentação, e mantendo o eleitor médio à mercê da manipulação política por diversos meios.', 'É possível concluir, portanto, que a única maneira pela qual os brasileiros podem enfrentar a manipulação política pelas redes sociais, ou por quaisquer outros meios, e exercer o voto consciente é com a mudança radical de seus hábitos culturais no sentido de ampliar a busca pelo conhecimento para o desenvolvimento do senso crítico necessário à participação política efetiva, com essa transformação passando, necessariamente, pela ação governamental com a formulação e o aperfeiçoamento frequentes de novos projetos de incentivo à educação e à cultura de modo a, primeiro, conscientizar a população da importância do conhecimento nas mais diferentes áreas da vida e, depois, tornar cada vez mais acessíveis esses conhecimentos.']",200,200,200,200,200,1000
902,2,A democracia estende-se ao STF,"['Nos últimos anos, o Supremo Tribunal Federal ganhou destaques nos debates públicos, principalmente no afastamento da então presidente Dilma Rousseff, na aprovação e recuo da prisão em segunda instância e em algumas polêmicas decisões políticas. O STF, diferentemente do Executivo e do Legislativo, não tem como critério primário ponderar suas ações para agradar a opinião pública, mas garantir o respeito à Constituição. No entanto, a pressão do interesse social sobre a alta maior instância judiciária fortalece a democracia e a supervisão fiscalização dos ministros.', 'Em primeiro lugar, o desejo e insatisfação da população, manifestados e levados em consideração, são sinais de uma democracia consolidada, que se adapta para se manter. A revogação da prisão após julgamento em segunda instância, por exemplo, possuiu um claro equilíbrio entre o desejo do povo e o permitido pela Carta, a ponto de o presidente da Corte deixar claro clara a possibilidade de alterar-se a lei posteriormente. Tal fato demonstra revela os mecanismos do Poder Estado à nação, tornando as pessoas mais sábias quanto às regras democráticas e, logo, repudiadora repudiadoras dos seus infratores. Ressalva-se, porém, que a escolha pela norma nem sempre é de gosto popular, à semelhança da de deixar o réu recorrer em liberdade.', 'Somada a esse benefício democrático, a atenção da sociedade dada à Suprema Corte evidencia o caráter profissional dos de seus membros, enquanto prestadores de serviços à sociedade; e a necessidade de excelência nas funções - sobretudo de defender a Lei Maior -, sob pena de o congresso Congresso adquirir apoio para impedir os ministros. Ou seja, o olhar atento dos cidadãos pode constranger o STF a não repetir desvios, os quais corroboraram as críticas coletivas, como favorecer a candidatura da presidente Dilma, quando a Lei diz que não, e intervir em bancos de dados financeiros, aparentemente sem critério aceitável.', 'Dessa forma, embora caótica, a discussão sobre os atos do Supremo reflete o aperfeiçoamento da democracia. Para validar a influência do povo no judiciário, agora, é necessário que os ministros passem a falar à nação em linguagem menos técnica, explicando o porquê de não aceitar a legitimidade do querer popular. Assim, a sociedade compreenderá o STF, além de participar das decisões políticas e judiciárias com maior sabedoria']",200,200,200,200,200,1000
903,83,Esporte,"['O bordão brasileiro “esporte é saúde” é uma máxima que ajuda a resumir a importância da prática de exercícios físicos para todas as áreas, da saúde até o social. Desde a Grécia Antiga, o esporte, independente da modalidade, é aclamado pela sua capacidade de, além de garantir a saúde do corpo e da mente, desenvolver os aspectos sociais dos indivíduos. Entretanto, a rotina contemporânea, em associação com o sedentarismo e maus hábitos alimentares, diminui os efeitos do esporte na sociedade.', 'No Brasil, ainda que se valorize algumas modalidades como o futebol, o número de sedentários é quase a metade da população, o que indica que a importância do esporte precisa ser ampliada. No campo da saúde, o esporte desempenha papel fundamental: auxilia no desenvolvimento esquelético-muscular, maximiza a coordenação motora e previne doenças graves, como obesidade e pressão alta.', 'Também, o esporte funciona como elemento de transformação social ao permitir a ascensão de classes e impedir que crianças e adolescentes carentes recorram à criminalidade. Recentemente, os jogos esportivos deram mais uma prova de sua importância: a atleta Rafaela Silva, que nasceu em uma comunidade simples carioca, ganhou a medalha de ouro nos Jogos Olímpicos e mostrou ao mundo a capacidade do esporte em formar e transformar vidas.', 'Além disso, as práticas esportivas criam e reforçam o ideal de coletividade, cooperação e igualdade, de modo que todos os envolvidos sempre ganham em companheirismo e, sobretudo, humanidade.', 'Por esses motivos, a fim de garantir e proporcionar os múltiplos efeitos do esporte, é importante que os núcleos familiares incentivem, desde a primeira infância, a prática de exercícios físicos e que o governo financie projetos esportivos. Para tanto, o Estado deve criar e ampliar infraestrutura esportiva, investir em profissionais de educação física e divulgar, em parceria com a mídia, campanhas de incentivo ao esporte e combate ao sedentarismo.']",200,200,200,200,200,1000
905,86,Redes socias,"['As redes socias que servem não só apenas para compartilhar pensamentos e estilos, mas funciona como uma epécie de diario virtual onde as pessoas passam metades de seus dias colocando como suas vidas são interessantes, mas sabe-se que não é assim na realidade, problemas mentais que giram entorno desse mundo digitalizado tem sido considerado como uma das maiores doenças do século. Assim, configura-se um problema de contornos específicos que emerge devido a falta de debate e a educação lacunar,', 'Primeiramente, é preciso salientar que a falta de debate e uma causa latente do problema, Segundo o filósofo Foucault, na sociedade pós-moderna temas são silenciados para que estruturas de poder sejam mantidas. Sob essa ótica, ve-se uma grande influencia na falta de debate sobre saúde mental, as midias que se aproveitam desse ideia construida pouco importa-se como isso tem um impacto gingantesco no que envolve a relação do úsuario com o meio digital. O tik tok rede social que tem se popularizado cada vez mais, tem um ideia que se baseia em danças sincronizadas e exibizam de jovens pré-adolescente semi-nuas.', 'Em segundo plano, outra causa para configuração do problema a má influencia midiatica, De acordo como o filosofo Kant, se há um problema social, há como base uma lacuna educacional. Nessa linha de pensamento, se a sociedade sofre, houve como principal estopim para esse sofrimento,  uma educação falha, já as escolas pouco tem trazido a como o comportamento do usuario na internet pode influencia gradativamente na sua saude mental. A expressão perdir ""\x08iscoito"" um bom exemplo disso, uma expressão ultizada jovens que pedem a atenção nas redes, por seguidores, para que não sejam esquecidos nesse mar vasto de personalides destorcidas;', 'Portanto, uma intervenção faz-se necessária, para isso é preciso que os gorvenos estaduais , com parceria com as escolas, promovam debates, que podem acontecer no periodo contra-turno, com a participação de psicologos e professoras, expondo porque a sade mental é uma grande fator a se preservar, quando o assunto é o perfil midiatico. Além disso, esses eventos devem ser abertos ao publico, para que acha ainda mais impacto no que tangue a sade mental. Assim podera se configurar um Brasil melhor.']",120,120,120,160,160,680
908,94,Viviane viana,"['Na série de televisa, norte-americana, ""The good doctor"" o personagem principal Shoun Morph contém autismo, sobretudo mesmo com problemas ao se comunicar e interagir com outras pessoas ele trabalha em San José Bonaventure que é o hospital mais requisitado da cidade, onde encontra muitos desafios para interagir com seus companheiros, mas incluindo-se com eles . Fora da ficção a inclusão de autistas em um mercado de trabalho contém carência, dificuldades e preconceitos, evidenciando a inclusão de autistas na sociedade como problema de ampla variação que são cometidos principalmente em escolas, eventos e mercados de trabalho em todo o mundo.', 'Primeiramente, autismo é uma dificuldade de compreensão, o que não significa ineficácia de inteligência. O ingresso de crianças autistas em escolas vem sendo ampliado de forma significativa, mas, anos atrás  esse feito era desprezado por alunos professores e familiares acreditando que esses alunos deveriam ter uma educação ""diferenciada"" e sem interação com outros alunos por causa de sua incapacidade de aprendizagem, atualmente essa visão míope vem cendo esclarecidas como diz ou especialista em autismo ,Simon Baron, que até mesmo Albert Eistein apresentava sinais da síndrome de Asperger, uma locação do autismo, afirmando assim que essa condição afeta o comportamento é não inteligência .', 'Segundamente , essa inclusão não está apenas em escolas, mas também, no mercado de trabalho com desafios e poucas oportunidades já que,  85% das pessoas que carregam essa síndrome estão desempregados, somente no Brasil esse número pode chegar 1,4 milhões de pessoas.', 'Urge, portanto, que o Ministério da Educação em parceria com o Ministério do Trabalho e Previdência tomem  a frente projetos de apoio em escolas ,eventos e ruas  com o objetivo de maior interação da sociedade com autistas e programas educacionais para eles , afinal como diz a página autismo Ávila: ""o autismo não se cura, se compreende"", assim então tornar a ficção de ""The good doctor"" real no Brasil.']",160,160,120,200,120,760
909,94,,"['Segundo o filósofo George Santayana, aqueles que não conseguem lembrar o passado estão condenados a repeti-lo. Analisando o pensamento e relacionando-o a realidade atual, é notório que os preconceitos afetam de forma evidente a sociedade atual, já que a inclusão de pessoas com transtornos é complicada e dificilmente colocada em ação. Além de que o problema está inserido em todo o sistema educacional, em virtude de que todos os dias é comum presenciar diversos preconceitos e falta de oportunidades para pessoas portadoras de transtornos, - e apesar de ser um assunto de extrema importância, nunca é discutido em escolas ou em casa - então novamente a sociedade comete o mesmo erro e sofre com as mesmas consequências, mas ainda assim ignorando o assunto. Nessa perspectiva, pode-se afirmar que o descaso governamental com a educação, a escassa abordagem do autismo e outros transtornos em instituições de ensino e na mídia causam o agravamento da falta de inclusão e a nenhuma resolução para essa situação mais uma vez.', 'De acordo com Nelson Mandela, ex-presidente da África do Sul, a educação é a arma mais poderosa que se pode usar para mudar o mundo. Sendo assim, é possível compreender que a educação e a abordagem do assunto em redes de comunicação assumem importantes papéis no presente e também no futuro da sociedade, entretanto o sistema educacional recebe grande negligência governamental, proporcionando a carência de conteúdos importantes, tal como a inclusão que pessoas autistas merecem.', 'Portanto, fica evidente a importância dos estudos sobre maneiras de inclusão de pessoas com transtornos, e da falta que uma atenção maior para o sistema educacional gera ao país. Consequentemente cabe ao governo e ao Ministério da Educação elevarem a qualidade do conhecimento , por meio da inclusão de novas matérias, conteúdos e atividades – que devem ser acessíveis para todos os tipos de instituições – com o propósito de orientar e educar a todos sobre o grande desafio que é a inclusão. Em vista disso, ensinando as crianças e jovens a importância da abordagem desse assunto, assim educando o cidadão para que no futuro isso já não seja mais um problema e sim apenas uma lembrança de como evoluímos e deixamos preconceitos e exclusão de pessoas autistas no passado.']",160,120,120,160,160,720
913,94,,"['Na série americana ""The Good Doctor"", o personagem central, Shaun Murphy, é um médico autista que além de enfrentar os problemas da profissão precisa provar sua capacidade aos seus colegas que muitas vezes o discriminam. Análoga a está situação está a de muitos indivíduos com Transtorno d Espectro Autista (TEA). Assim, notam-se desafios ligados a sua inclusão, seja pela falta de sapiência da população, ou pela histórica marginalização de pessoas que apresentam alguma deficiência ou transtorno. Portanto, é de suma importância que este problema social seja resolvido, pelos agentes adequados, para assim, a série não mais refletir a realidade.', 'Sob esse viés, pode-se apontar como empecilho inclusão a falta de conhecimento da nação sobre as características da TEA. O autismo é um transtorno que prejudica a comunicação e a população ao não ter conhecimento ou entendimento deste fato acaba por não saber socializar e conviver com pessoas que o apresentam. Deve-se ressaltar que para existir inclusão no conceito do pesquisador brasileiro Romeo Kazumi Sassaki é necessário que a sociedade saiba se adaptar ao individuo com necessidade especial. Assim, a ignorância interfere negativamente na integração de autistas.', 'Paralelamente, há uma histórica opressão e exclusão de pessoas portadoras de alguma deficiência. Na Roma Antiga as crianças deficientes eram sacrificadas, com o passar dos anos esse tratamento foi abandonado, porém, pessoas com alguma deficiência ou transtorno continuaram a ser tratados como párias sociais. Essa ideologia foi transmitida ao passar do tempo de tal forma que na atualidade se torna natural o pensamento de que há uma capacidade inferior a indivíduos autistas, por exemplo, ao comparado com outros seres humanos. Isso estabelece obstáculos para sua entrada na sociedade, pois, se acentuam as desigualdades em vez de se procurar uma equidade.', 'Diante do exposto, cabe ao Ministério da Saúde deliberar com a nação acerca das limitações e capacidades do TEA em palestras elucidativas, através de declarações de especialistas, dados estatísticos e depoimentos de pessoas envolvidas com o tema, para que a população não seja benevolente com a discriminação de autistas. Ademais, o governo federal pode criar programas sociais voltados para indivíduos com esse transtorno, através das instituições de ensino. Para assim, se realizar uma inclusão efetiva e, dessa forma, o país estará mais próximo de alcançar uma equidade social para o seu bom desenvolvimento.']",160,200,160,200,160,880
922,95,Funai,"['No dia 22 de abril de 1500, os portugueses chegaram no Brasil, esse abrigava uma população de aproximadamente 3 milhões de índios, os quais já estavam estabelecidos aqui antes da invasão lusíada. Nesse contexto, no cenário nacional contemporâneo, a tese sobre o marco temporal, o qual prevê que os indígenas só podem reivindicar a demarcação de terras que já eram habitadas por tais antes da promulgação da Constituição de 1988, está em votação no STF (Supremo Tribunal Federal). Isso ocorre em razão de interesses políticos e de atos inconstitucionais contra a população nativa.', 'Primeiramente, convém ressaltar a participação da politicagem no revés. A respeito disso, parafraseando o geógrafo Milton Santos, ""A menor descrição que eu faço de uma parte da terra, também é uma descrição política"". Sob esse ponto de vista, o lucro econômico obtido com o agronegócio e a mineração no Brasil une ruralistas e políticos insensatos, que por sua vez desejam abrir as terras indígenas para atividades econômicas em grande escala, fato apoiado pelo presidente Jair Bolsonaro . Dessa forma, os interesses políticos e econômicos sobrepõem-se aos direitos dos índios por terras que legitimamente os pertence.', 'Ademais, a tese sobre o marco temporal está embasada no seguinte trecho da Constituição ""terras que tradicionalmente ocupam"", isso não leva em consideração o processo histórico de apropriação e violência sofrida pelos nativos, o que forçou o deslocamento deles para outros territórios. Nesse sentido, há inconstitucionalidade no conteúdo apresentado, pois, como relatou o ex-ministro do STF Eros Roberto Grau, ""Não se interpreta a Constituição em tiras, aos pedaços"". Sob essa ótica, é preciso aplicar a lei para preservar os direitos indígenas.', 'Portanto, é de suma importância que a FUNAÍ ( Fundação Nacional do Índio) - que tem como missão proteger e promover os direitos dos índios no Brasil - defenda a inconstitucionalidade do marco temporal, por meio da formulação de uma tese contra o ato, que deve ser enviada o STF, a fim de preservar os aborígenes, além de manter vivo os costumes e tradições de várias tribos. Assim, o legado cultural desses povos seriam conservados. Desarte, fatos como os de 1500 não se repetirão.']",160,200,160,200,200,920
928,95,Os primeiros senhores naturais da terra,"['A constituição de 1988 garantiu aos indígenas o direito original a terra que ocupam,  para dar continuidade histórica e territorial a parte identidade étnica nacional. Apesar disso, os índios convivem com diversas problemáticas, sendo uma delas, a questão da demarcação de terras, convivendo com a marginalização e a violência. Diante desse contexto, o Supremo Tribunal Federal (STF) decidiu, entre tantos conflitos territoriais, que os aborígenes só poderão reivindicar sobre terras ocupadas antes da constituição, tornando-se necessário analisar as consequências dessa resolução.', 'A princípio, é importante destacar que os indígenas possuem uma relação diferente com a terra em que habitam, ultrapassando o sentido político de determinação da área geográfica. Isso porque, a terra relaciona-se com a identidade de uma tribo, assim como seus deuses, crenças e os rituais realizados para garantir, segundo a história dessas etnias, o ciclo e a força da natureza. A exemplo disso, está o acidente do Boeing 1907 de repercussão nacional devido quantidade de mortos, e que repercutiu diretamente na vida da tribo Kayapó, pois os índios alegaram que a área se tornou casa de espíritos . Logo, é interessante perceber a relação de respeito e ligação com a terra que os nativos preservam. Além, é claro, da importância dessas áreas para a manutenção de seus modos de vida tradicionais, saberes e expressões culturais.', 'Ademais, é interessante ressaltar que desde o período da colonização muitas etnias indígenas estão fora de seu território, isso acontece, na maioria das vezes, por conflitos territoriais com ruralistas e agricultores. Esse fato dificulta ainda mais a comprovação do direito dos descendentes das primeiras tribos indígenas a suas terras, intensificando o número de indígenas obrigados a habitar moradias precárias em periferias no espaço urbano, e refletindo diretamente na representatividade desses povos para a história nacional. Além de tudo, os conflitos históricos entre indígenas e fazendeiros são marcados por muita violência, poluição e desmatamento, comprovando que apesar da existência de órgãos como a FUNAI , os nativos nunca foram verdadeiramente representados, a riqueza de sua identidade nunca foi admirada, mesmo o Brasil possuindo mais de 300 etnias diferentes.', 'A par das considerações feitas, cabe refletir se o marco temporal é a melhor alternativa para garantir aos indígenas seu direito a terra e aos demais cidadãos brasileiros a segurança jurídica ao direito de propriedade privada.  Uma vez que essas etnias, descendentes daqueles anteriores à invasão e à colonização estão dentro de seu direito de dar continuidade a sua identidade étnica, e o que melhoraria consideravelmente os conflitos entre indígenas e ruralistas. Entretanto, dois pontos devem ser levantados, primeiro, qual será o critério de comprovação das tribos sobre o direito a terra, diante do fato de que os saberes e todo seu conhecimento é passado pela fala, entre gerações, e segundo, analisar a veracidade do direito dos grandes proprietários de terra no Brasil aos territórios. Em suma, a FUNAI pode realizar um trabalho de identidade territorial juntamente ao INCRA , órgão responsável pelas reformas agrárias no Brasil. Por efeito, todos os cidadãos sentir-se-ão representados.']",160,120,120,160,80,640
930,95,Relativizando as leis e seus tempos,"['Apesar do reconhecimento constitucional aos indígenas em 1988, não é só a partir daí que seus direitos são válidos. Ao tratar de minorias, é visível o atraso na admissão pública e legal de seus direitos e, também, falhas e dificuldades no seu cumprimento prático. Por exemplo, a abolição da escravatura: não há bom senso em dizer que negros não merecessem liberdade desde sempre, desde muito antes de qualquer lei, por ser esta uma necessidade inerente ao fato de se ser humano.', 'A criação de leis, em casos assim, apenas revela que as necessidades de um grupo específico foram negadas por algum tempo e agora são reconhecidas. Sob essa lógica, a ideia do marco temporal torna-se incoerente. O artigo 231 é espelho de necessidades refutadas durante o tempo precedente à sua criação e deveria ser tratado como tal. A negligência essa lógica destaca, aqui, os interesses próprios da bancada ruralista. O agarrar-se a uma data específica denota uma tentativa de anulação do direito alheio perante à subjetividade de sua realidade, sem parecer algo tão desrespeitoso assim. Querendo, inclusive, parecer justo.', 'Assim como o filósofo Montesquieu elaborou que todo homem com poder tende abusar desse poder e a solução para isso seria a criação de três poderes que se regulariam entre si, freando abusos e autoritarismos, nesse caso é necessário que entre rurais e indígenas haja um terceiro grupo neutro que estabeleça uma diplomacia real e com bom senso crítico. Mas isso, por si só, não é suficiente. Um olhar crítico e neutro sobre uma situação só é possível quando se tem maturidade emocional, consciência ativa de seu papel no mundo e conhecimento de realidades alheias.', 'Existe, então, a necessidade de reforço na disseminação de informações e esclarecimento a respeito da cultura indígena e história de seus povos nas escolas e meios de comunicação brasileiros. É de grande valia, também, a introdução de técnicas de trabalho emocional em escolas, famílias e empresas, através de psicólogos, com iniciativas governamentais, pois saber validar a subjetividade do outro é construído diariamente através de nossas relações cotidianas. É mister que haja apoio psicológico no incentivo da empatia e sensibilidade à diversidade. Quando maduras, estas despertam a autonomia individual de integrar diferenças de uma forma que não haja anulações em suas características e tradições básicas.']",160,120,120,160,120,680
932,95,Um país de todos?,"['O artigo 5\uf0b0\uf0b0\uf0b0 da promulgada Constituição federal de 1988, norma regedora do Brasil, declara que todos – sem que haja qualquer distinção – são iguais perante a lei e possuem o direito à propriedade. No entanto, a realidade dos povos indígenas não condiz com o caput no que tange ao marco temporal, pois a tese limita inconstitucionalmente as terras dessas pessoas em todo o país. Nesse sentido, a atuação do marco temporal ganha força não somente pela falta de representatividade política da população indígena, mas também pela ausência de empatia.', 'Logo , em primeira análise, é importante ressaltar que os povos nativos do país não possuem fortes figuras ou em número suficiente que os representem dentro do poder público brasileiro. A esse respeito, o fato histórico do direito ao voto no Brasil ser negado ao grupo indígena por muito tempo, mesmo com a Proclamação da República, demonstra claramente o seu atraso na participação da política brasileira . Desse modo a demora da integração do índio nas escolhas de representantes dificulta a eleição de um candidato que os representem, já que é necessário amplo conhecimento do funcionamento das disputas para vencê-las. Nesse viés, enquanto houver falta de representatividade haverá o descumprimento das leis do país.', 'Além disso, outro fator para a continuidade do problema é a inexistência de empatia. Acerca disso, Thomas Hobbes, filósofo inglês, diz que o homem é conduzido por seus anseios e vontades e tais desejos o impedem de viver harmonicamente em sociedade. Assim, percebe-se uma das raízes da aparição de conflitos envolvendo os povos indígenas, uma vez que não há reflexão sobre o direito do próximo, quando governantes objetivam na prosperidade de grupos que os beneficiam e ignoram as necessidades básicas daqueles menos privilegiados. Em vista disso, a ausência de ajuda ao próximo acaba por gerar maiores embates na sociedade brasileira.', 'Portanto, medidas são necessárias para uma caminhada rumo à solução do problema. Para tanto, o Ministério da Educação em parceria com a Funai, órgão responsável pelo monitoramento de políticas educacionais destinadas às pessoas indígenas, devem promover o conhecimento sobre a política brasileira por meio da implantação de projetos em escolas – sobretudo naquelas de aldeias indígenas – os quais debatam e promovam a educação sobre o sistema político e a importância da representatividade no cenário atual, a fim de que os cidadãos indígenas estejam mais inteirados de seus direitos dentro da sociedade. Dessa forma os direitos, proclamados na Constituição Federal, não serão desfrutados somente por parcelas da população brasileira; mas por todos seus cidadãos.']",160,160,120,200,200,840
934,95,,"['Muito se tem observado sobre as pautas de demarcação indígena, o que demonstra desde os primórdios da sociedade a segregação existente, por aqueles que foram os pioneiros em nossas terras.', 'Ao estabelecer a perspectiva dos dias atuais, s ações tomadas pelos governantes só fomenta o preconceito e demonstra a falta de interesse em estabelecer uma equidade social entre os ""nativos"" e novos cidadãos, em consequência disso a eliminação na perda de território acaba se normalizando.', 'Segundo Dados do Projeto de Monitoramento do Desmatamento na Amazônia Legal, aponta que o número de invasões terras indígenas aumentou em 134,9%. Tais odiossincrasias se reverberam pois se trata de um grupo que se vê sempre em posição superior, apagando os costumes e cultura desses habitantes, assim como os europeus no ano de 1500.', 'Tais detentores de poder obtem tanto sucesso em suas ações pois disseminam seus ideais, agradando o grande público que por vezes desconhece sobre o assunto.', 'Dessa forma, dados os argumentos acima, se vê necessária a utilização de métodos que combatam a ação dessa classe na tentativa de prorrogar suas vontades contra a minoria afetada. Seja democratizando os acesso das vítimas aos locais de disseminação de informação como as mídias sociais com ajuda do governo federal por meio de campanhas e trazer o debate afim de desenvolver o senso crítico das pessoas.']",120,40,40,120,40,360
939,87,12080,"['De acordo com os termos semelhantes apresentados , é visível que a sexualização de menores é uma realidade no rail, como a presença de meninas usufruindo roupas adultas, além também da romantização do namoro de escola. Tendo em vista a idade desse trecho da sociedade, surge a pergunta: essa erotização precoce é uma consequência do ambiente familiar ou da ausência de supervisionamento dos responsáveis?', 'É indubitável que a questão seja um conflito atual, a curiosidade sobre esse mundo, pode causar um abandono sobre as atividades lúdicas, o indivíduo pode recorrer a uma ideologia precoce, na qual determina o pensamento sobre já não possuir tamanho para essa imaginação, além de perder a inocência sobre o afeto, criando situações e relações sexualizadas, como exemplifica o livro russo-americano “Lolita”. Outro fato decorrente do tema é a gravidez na adolescência, pela falta de educação sexual evitada nessa faixa etária.', 'Sobretudo é possível afirmar que a tecnologia globalizada que está formando essa geração é um dos fatores de maior contribuição, primeiramente pela acessibilidade aos conteúdos erotizados ao meio do público infantil, ainda mais pelo fato dos responsáveis estarem cada vez mais distraídos e ocupados ao ponto de controlar essas plataformas. Também em ambientes de televisão  na hora de conteúdo adulto, as crianças acabam sendo julgadas como incapazes de compreender a cena, no qual é muito pelo contrário . Da mesma forma essa sensualização pode ser fruto de uma estrutura social marginalizada, em comunidades em que a infância é perdida com antecedência para a realidade adversa.', 'Em suma é necessário que todas as mídias sociais tenham uma imediação destinada a plateia de garotas e garotos e deixem explicito a existência da mesma, seguidamente o apoio e abordagem nos vídeos de youtubers infantis diretamente a audiência, a fiscalização dos conteúdos fornecidos pelo: ministério da mulher, da família e dos direitos humanos, responsável pelo estatuto da criança e adolescente;  com a finalidade de diminuir o acesso e supervisionar o material entregue.']",160,160,120,160,160,760
941,87,A adultização a partir da erotização infantil.,"['A cultura da erotização infantil, relacionada à adultização infantil, baseia-se na camada mais delicada da sociedade, as crianças, tendo em vista a normalização ao abordar assuntos mais fortes e pesados, provocando uma maturação precoce.', 'Existem alguns tópicos que devem ser conversados prematuramente, como a educação sexual, promovendo ensinamentos sobre a vida, as relações afetivas, as precauções a serem tomadas, a fim de evitar a formação de adultos transtornados, visto que a obtenção de doenças sexualmente transmissíveis e gravidezes acidentais têm aumentado de uma forma gigantesca.', 'Todavia, deve-se atentar em o que é próprio para a educação, e em o que para a sexualização ao ""adultizar"" o corpo infantil, ao vê-lo como adulto, e para exemplificar, há a presença de concursos de beleza infantis, que focam na silhueta da criança.', 'Em virtude dos aspectos comentados, pode-se dizer que a imaturidade infantil deve ser preservada ao entender quais aspectos precisam e quais não precisam ser abordados.']",160,120,120,120,80,600
944,87,A Infância e o Amadurecimento Precoce,"['A sexualidade é, em tese, algo natural. Faz parte de um antro de descobertas e é entrelaçada à evolução do ser humano. Mas até que ponto a velocidade dessa evolução é normal? Visto que é um processo gradual, deve ser apresentado de forma cuidadosa às crianças. Porém, não é isso que vem acontecendo. Inseridos em uma nova realidade social, os mais jovens têm um grande nível de acesso s mais variadas informações, sejam elas provenientes da tecnologia, ou até mesmo de situações vivenciadas em seu cotidiano. Este conjunto de fatores pode acentuar e acelerar o processo de erotização infantil que, basicamente, se resume ao rápido amadurecimento de crianças e pré-adolescentes.', 'O primeiro fator que não pode ser desconsiderado é o rápido acesso informações. Sejam as redes sociais, as novelas, os vídeos no Youtube. As crianças acabam se tornando vulneráveis aos mais diversos conteúdos, desde fotos onde pessoas muito jovens se comportam como adultas (na vestimenta, por exemplo), até filmes que demonstram crianças agindo como se fossem mais velhas. O perigo se encontra não só na grande possibilidade de normalização destes comportamentos, como também na falta de monitoramento dos responsáveis que, na maioria das vezes, sofrem com a interferência da escassez de tempo. Desta forma, a criança se torna ainda mais indefesa, pois não tem os progenitores para determinar os limites e lhe explicar sobre o conteúdo que está sendo consumido.', 'Ainda do âmbito familiar, a influência exercida por situações passadas dentro de casa se torna significativa. Namoros infantis, por exemplo, são valorizados, pois as crianças acabam se tornando mais evoluídas e adiantadas na visão daqueles que, sem perceber, incentivam comportamentos maduros demais para a idade do jovem em questão. É obrigação dos pais e responsáveis desmistificar estes assuntos, direcionando-os ao comportamento adequado ao processo evolutivo dos filhos.', 'Portanto, é necessário que órgãos como o Ministério da Educação e o Ministério da Saúde se unam, criando um programa de educação sexual, assunto este que até hoje é tratado com hesitação no Brasil, nas escolas . Diferente do que pensam, este tópico da educação não se trata de explicitar relações sexuais, mas sim do conhecimento do corpo, limites e, até mesmo, do auto-conhecimento. Desta forma a conscientização sobre sexualidade poderá ser abordada de forma correta, no ritmo certo, e respeitando a evolução de cada indivíduo.']",160,160,160,200,160,840
949,87,Culpa da Internet?,"['Com o hodierno cenário do acesso fácil internet, onde as crianças de todas as idades e classes sociais,  clicam e navegam sem serem ensinadas, estão correndo o risco de serem erotizadas, sem o mínimo de respeito . O que resulta em catástrofes intelectuais e sociais, em suas vidas e enterrando assim de vez a inocência e a infância. Dessa forma, é de uma importância urgente que as famílias sejam conscientizadas,  quanto ao uso adequado dos meios de comunicação e informação.', 'Sabe-se que a tecnologia traz facilidade e agilidade, porém também despertam curiosidades principalmente das crianças, visto que seu acesso, não necessariamente precisa saber escrever, visto que existe um ícone, o microfone, que pode ser ativada com a voz. Assim a criança pode falar o que quiser e o buscador retorna com milhões de opções solicitadas.', 'Soma-se a isto que o público infantil tem acesso a tais meios, e ainda muito não são fiscalizados por um adulto , quanto ao seu uso. Logo são levadas a ouvir e ver centenas de vídeos e programas, seja nos computador, celular ou mesmo na televisão, que geram pensamentos instantâneos, levando-os inconscientemente a pular a fase de ser criança . Para os autores Melo, Neto e Perillo (2020), as crianças nascidas a partir de 2010, são conhecidas como Geração Alpha, ou seja, já nascem conctadas e imersas na tecnologia digital. Porém, isso não justifica de nenhuma forma que as crianças devem estar a todo tempo conectadas, é preciso deixa-las serem apenas crianças.', 'Evidencia-se, portanto, que é de extrema importância presença da família, para intervir com diálogos sobre o assunto e tomar atitudes e praticar ações que levam ao resgate da infância, que a erotização,  que por meio da mídia, tenta tragar.']",160,120,80,120,80,560
954,87,Exposição de menores,"['Crianças do mundo moderno onde o acesso internet, televisão e aparelhos eletrônicos estão cada vez mais em seu cotidiano, tendem a ficar curiosas em relação as inúmeras tarefas que trazem . Com isso  as buscam para seguir um determinado padrão de adultos ou até mesmo outras crianças aumentam, onde o tempo para ser crianças esta cada vez sendo menos aproveitado. Horas que deviam ser gastas com brinquedos, brincadeiras e diversão, estão sendo desperdiçados em momentos online vendo maquiagem, roupas e entre diversas outras atividades que cerca a criança em seu tempo nas redes.', 'Entretanto a diversos métodos para evitar tal atos, como tentar diminuir a exposição de menores em Instagram ou qualquer outra rede social. Visando sempre proteger a imagem das crianças.']",160,40,40,40,0,280
961,87,O perigo cultura da erotização infantil,"['Considerando-se a teoria da sexualidade de Sigmund Freud, é notório que, durante a infância a sexualidade é algo natural do desenvolvimento dos indivíduos. Contudo, uma vez em que existem estímulos externos incoerentes ao comportamento infantil, desencadeia-se a sexualização precoce, a adultização da criança e entre outros perigos interligados a erotização infantil. Desse modo, estes estímulos - destacando-se as redes sociais- relacionam o público infantil elementos inapropriados a sua faixa etária e de conotação sexual, como o uso de roupas e a prática de ações sensuais, por exemplo.', 'Em primeiro plano, deve-se realçar que, a cultura de erotização infantil é extremamente prejudicial para esse público, uma vez que, o comportamento e o desenvolvimento das crianças é alterado, promovendo o processo da adultização e da sexualização precoce. Com isso, a criança passa a reproduzir comportamentos que são incondizentes a sua faixa etária, e pode até mesmo, despertar a atenção de indivíduos de má índole, resultando em crimes relacionados a pedofilia.', 'Em segundo plano, torna-se evidente a relação de determinados estímulos externos, principalmente das redes sociais e da internet, nesse processo de erotização infantil. Atualmente, é costumeiro o uso das redes sociais por parte do público infantil, e, consequentemente, a modificação do comportamento e vestuário destas crianças devido a influência gerada pelas redes sociais. Pode-se citar  como exemplo, a cantora mirim Melody, que é conhecida por sua aparência sensualizada, embora seja apenas uma criança.', 'Portanto, conclui-se que, medidas são necessárias para resolver o impasse da cultura da erotização infantil e seus impactos. É preciso que as famílias estabeleçam um controle e verifiquem o acesso das crianças nas redes sociais. Além de intervenções que conscientizem a população preservar o comportamento infantil e que impeçam a sua sexualização precoce.']",160,160,120,200,160,800
974,88,O bom doutor,"['A série ""O bom doutor""  transmitida no Globoplay retrata a grande segregação de um jovem doutor por parte dos colegas e até pacietes de trabalho, embora ele seja genial, por causa do autismo  tem problemas de comunicação. Uma das causas do estigma é a falta de compreensão da doença e uma consequência é a falta de aproveitamento de tais indivíduos discriminados.', 'Em primeiro lugar, no que refere a causa do preconceito, ele é gerado pelo desconhecimento, tudo que não se conhece gera preocupação e medo, segundo Augusto Cury, mestre na área de doenças mentais, o autismo tem vários níveis e nenhum deles é prejudicial ao próximo, aliás muitas pessoas autistas são reconhecidas na sociedade pelas suas grandes habilidades como por exemplo  o jogador Messi, o Físico Albert Eintein, portanto apesar da limitação na comunicação o autismo permite faculdades em outras áreas da vida para toda sociedade, seja nos esportes ou na ciência.', 'Em segundo lugar no que concerne a consequência da marginalização em relação aos indivíduos por falta de compreensão de suas limitações e suas faculdades é o baixo aproveitamento em trabalhos ou cargos governamentais e empresariais dos indivíduos autistas . Atualmente é amparado pela lei de cotas uma porcentagem para deficientes físicos ou mentais com alguma capacidade para determinado cargo, o que é um avanço, contudo está muito aquém no Brasil quando se compara com países como Suécia e Noruega em que a inclusão da classe autista está presente em todos os âmbitos da sociedade. Por isso se perde grandes profissionais no Estado, governo e na sociedade como um todo, ademais até mesmo em empresas, cujos estão presentes os menores índices de receptividade e carteiras assinadas.', 'A segregação de doenças mentais é uma realidade, entre elas estão os portadores de autismo e uma forma comprovada por pesquisas da ONU é fazer conhecida as limitações dos doentes para que haja diminuição do preconceito. Entre as formas de publicação está o forte impacto dos filmes, como faz Hollywood, assim é preciso aproveitar os impactos dos filmes nacionais, com histórias verídicas é mostrar que a realidade é outra. D3esse modo não teremos só um bom doutor, mas vários bons doutores, administradores, gerentes por toda sociedade.']",160,120,120,160,120,680
976,88,O estigma associado às doenças mentais na sociedade brasileira.,"['O filósofo grego Aristóteles cunhou que apenas o conhecimento pode nos levar a obtenção da essência da plenitude humana. Nesse viés, analisa-se que a falta de conhecimento por parte da sociedade ao estereotipar pessoas com doenças mentais vai contra essa prerrogativa. Nesse âmbito, observa-se que o fato desse assunto ser ainda considerando um tabu e a negligência governamental ao lidar com esse problema, perpetuam a continuação desses estigmas.', 'Em primeira análise, é necessário perceber que as doenças mentais são assuntos pouco comentados, e, portanto, um tabu na sociedade brasileira. A série “Atypical” apresenta um garoto de 16 anos chamado Sam que possui autismo. É possível perceber nessa produção que Sam sofre bullying e preconceito na escola, porém se sente perfeitamente  vontade com seu melhor amigo e sua irmã, pois eles o tratam da mesma forma que tratam outras pessoas. Embora ficcional, esse exemplo trabalha analogamente com a existência de estereótipos na sociedade, que tende a segregar pessoas com doenças mentais por pensarem que elas são incapazes de conviver em sociedade. O fato desse assunto ainda ser pouco comentado corrobora a falta de conhecimento sobre esse assunto por parte da população.', 'A Constituição federal, documento mais importante do país, garante o direito à saúde como inerente a todo cidadão brasileiro. Nessa prerrogativa, observa-se que o Estado tem agido com indiferença, visto que o tratamento de doenças mentais é precário, e, muitas vezes, inexistente ao observar a falta de profissionais qualificados nos ambientes de saúde pública, como psicólogos e psiquiatras. Situação essa extremamente preocupante.', 'Portanto, é necessário que medidas sejam tomadas quanto a estigmatização de pessoas com doenças mentais. Nesse sentido, a fim de extinguir essa prática, o governo federal, na figura do Ministério da saúde e da educação, deve incluir inteligência emocional como componente da grade curricular do ensino fundamental e médio, pois assim será possível que as próximas gerações sejam ensinadas sobre como lidar com essas doenças e respeitar quem as possui. Dessa forma, através do conhecimento, poderemos alcançar a plenitude da essência humana, como dissertou Aristóteles.']",160,160,160,160,160,800
977,86,anny,"['‘’A mídia controla a massa. A atribuição de George Orwell representa claramente a problemática dos impactos do uso das redes sociais na saúde mental da sociedade brasileira, uma vez que é justamente o poder que a internet tem sobre a vida pessoal da sociedade que a cristaliza. Assim, torna-se evidente que a origem dessa vicissitude está nos padrões impostos pela sociedade. Não só a mentalidade capitalista como a globalização aprofundam essa situação.', 'A priori, o modelo capitalista, conduzido por estereótipos, alicerça essa questão. Isso ocorre porque ao longo da história criou-se modelos a serem seguidos, como a boneca Barbie que foi inspiração para jovens do mundo todo, e com a inter-relação do mundo através de, principalmente, as redes sociais esses padrões que valorizam uma imagem física perfeita foram disseminados. Logo, vale ressaltar que os ‘’influencers’’, em prol de lucro, compartilham momentos pessoais através de canais de comunicação e, consequentemente, a realização de procedimentos cirúrgicos, como a Lipolad, e mistificam a elevação da autoestima através do corpo perfeito. Assim, é evidente a desvalorização psicológica no Brasil, o qual, segundo a Organização Mundial de Saúde, está entre os 10 países com mais casos de suicídio.', 'Ademais, convém frisar que com o avanço tecnológico presente no mundo globalizado há a formação do idealismo. Nesse panorama, com a ‘’cultura do cancelamento’’ no Brasil, a idealização de comportamentos são enfatizadas por usuários de redes sociais (como Twitter, Facebook e Instagram) onde os mesmos atacam, principalmente, atrizes e cantores ao achar que o comportamento é inadequado. Um exemplo disso, ocorreu com Luíza Sonza, cantora, após o término de casamento, que foi cancelada após o início de um novo namoro . Com isso, a afirmação do ex-primeiro ministro inglês Benjamin ‘’a ignorância nunca resolve uma questão’’, critica a falta de empatia das pessoas, visto que o ato de padronizar comportamento fere a saúde mental alheia.', 'Infere-se, portanto, que medidas são necessárias para atenuar os impactos provocados pelo uso das redes sociais na saúde mental da população brasileira. Faz-se necessário que o Ministério das Comunicações  com apoio do Ministério da saúde, a partir da indústria midiática, crie um plano de apoio nas redes sociais e no mesmo ressalte a importância da singularidade e os meios de apoio psicológico gratuito pré-existentes em prol de diminuir a incidência de problemas na saúde mental gerados pela falta de autoaceitação. Outrossim, o Ministério da educação, nas redes de ensino, trabalhe o uso adequado das redes sociais, a fim de, contrariamente ao pensamento de Orwell, a mídia não controle a população.']",160,200,160,200,200,920
984,88,,"['O promissor contexto tecnológico atual, em que identifica-se uma “sociedade do espetáculo”, conforme o conceito criado pelo sociólogo Guy Debord, é notável no Brasil. Porém, esse cenário tem ocultado uma realidade alarmante: o panorama das doenças mentais, que vem expor conflitos sociais e de gênero no ambiente nacional.', 'A princípio, as redes sociais minimizam a visibilidade dos transtornos mentais, pois exibem uma situação ideal, mas não real. Prova disso é o astro da música Fiuk, que apresenta sintomas de depressão, mas suas questões de saúde só vieram a ser de conhecimento geral após o cantor entrar para o BBB21 e expor o problema, que também atinge mais de 18% da população brasileira, segundo a OMS  em 2017.', 'Além disso, é inegável que as suas várias tarefas delegadas fazem a classe feminina mais propensa ao desenvolvimento de transtornos psíquicos. Mulheres são historicamente sobrecarregadas: mães, esposas, donas de casa e, mais recentemente, trabalhadoras e estudantes. Sobretudo no momento atual, com a pandemia do COVID-19, esse quadro piora e as demandas domésticas intensificam-se, já que a maioria da população não sai de casa.', 'Portanto, certamente as patologias mentais se fazem presentes em algum grau e são indicativos de impasses sócias, ainda que isso não seja tão óbvio. Assim, a mídia deve transmitir a pauta dos transtornos mentais, por meio de quadros com histórias reais no Fantástico e em outros telejornais, a fim de que mais pessoas sejam notificadas desse problema de saúde pública no Brasil. Dessa forma, muitos podem ser motivados a falar sobre isso em seus espaços virtuais e mais discussões a esse respeito serão fomentadas.']",160,160,160,200,160,840
990,88,,"['Promulgada em 1988  a Constituição federal garante além de bem - estar a saúde, seja ela fisica ou psíquica . Entretanto, com o estigma associado a doenças mentais no Brasil, percebe-se que não se cumpre o que diz a mesma, pois vários brasileiros apresentam doenças mentais á muito tempo, devido ao fato de sofrerem alguma violência quando crianças  mas também pela rotina cansativa do trabalho.', 'Destaca-se de início o fato da agressão infantil que é uma das causas de um adulto com doenças mental, seja ansiedade ou até mesmo depressão, a violencia sofrida na infancia certamente fra com que o individuo cresça e leve esse sofrimento para a fase adulta, tornado-se um adulto com problemas psiquicos.', 'Ademais,outro fator que leva um brasileiro a desencader um problema mental é a rotina cansativa do trabalho, ainda mais com a pandemia do covid 19 que fez com que muitos viessem a trabalhar em casa, causando assim mais stresse.', 'Portanto, é necessario que o Ministerio da Saúde, responsavel pelo SUS, ( sistema unico de saúde), atraves de verbas governamentais e juntamente com o hospital de cada cidade crie um projeto que ofereça psicologos e médicos especializados em problemas mentais, para que os brasileiros que tem algum problema antigo sejam atendidos adequedamente e os demais não desenvolvam futuros problemas, garantindo assim a saúde a todos os brasileiros como preve a Constituição federal.']",160,120,120,160,200,760
991,88,,"['A Declaração Universal dos Direitos Humanos adotada pela Organização das Nações Unidas, em 1948 determina que todos têm o direito de serem tratados com dignidade. No entanto, o estigma associa às doenças mentais fere esse direito, uma vez que a sociedade brasileira julga e rotula quem sofre desse problema. Logo, o Estado precisa corrigir suas falhas em não tratar esse estigma da forma necessária, e as pessoas precisam ser esclarecidas a respeito, a fim de saber como lidar com esse mal.', 'Segundo o filósofo chinês Confúcio, não corrigir as falhas é o mesmo que cometer novos erros. Desse ponto de vista, o Estado tem falhado em não tratar o estigma associado às doenças mentais com a urgência que ele merece. Assim, tem cometido novos erros, não atendendo os pacientes de uma forma mais eficaz.', 'Ademais, para saber como lidar com o problema, a sociedade brasileira precisa ser esclarecida sobre o que são os estigmas associados às doenças mentais e quais são suas consequências, de modo que, a função de informar cabe ao Estado, uma vez que o político Nelson Mandela disse que a educação é a arma mais poderosa para mudar o mundo.', 'Enfim, o estigma associado às doenças mentais fere o direito dos brasileiros à dignidade. Portanto, o Ministério da Saúde deve investir na qualidade do atendimento a estes pacientes e criar campanhas de conscientização em rádio, televisão e internet com orientações de profissionais na área da saúde mental, a fim de orientar e esclarecer dúvidas, para que esse estigma seja extinto e mais pessoas passam ser beneficiadas.']",160,160,120,160,160,760
992,88,,"['No filme ´´Coringa``(2019), Arthur, personagem principal que sofre de transtornos psicológicos, afirma: ´´O ruim de ter uma doença mental é que a sociedade quer que você aja como se não a tivesse``. Fora da ficção, é evidente que, em contexto nacional, os doentes mentais, além de sofrerem com um atendimento público de saúde precário, também lidam diariamente com o preconceito social.', 'Primeiramente, é válido citar que o SUS (Sistema Único de Saúde) não trata as doenças mentais como algo de extrema urgência. É por isso que, defronte de medicamentos caros, uma quantidade massiva da população acaba desenvolvendo transtornos graves como a depressão, que,se não tratada, pode levar ao suicídio -terceira maior casa de mortes não-controláveis no país . Portanto, pode-se concluir que é preciso um tratamento mais acessível e eficiente nas unidades públicas de saúde.', 'Em segundo plano, é de suma importância ressaltar a concepção errônea da sociedade para com os doentes mentais. Ou seja, levadas pela ideia de que um sujeito deve estar sempre feliz, as pessoas o julgam como ´´preguiçoso``, ou até mesmo alegam que sua doença não passa de vitimismo. A partir do pensamento de Voltaire, o qual define preconceito como ´´opinião sem conhecimento``, torna-se evidente que esse atos preconceituosos são resultado da falta de conhecimento acerca dos transtornos psicológicos que assolam cerca de 11,5 milhões de brasileiros.', 'Nessa perspectiva, portanto, torna-se evidente que melhorias no atendimento púbico e medidas contra a discriminação devem ser tomadas. Logo, é dever do governo  investir em profissionais e medicamentos mais capacitados para o tratamento e promover palestras educacionais nas escolas, a fim de que os doentes mentais procurem ajuda.']",200,160,120,200,160,840
995,86,As redes socias na saúde mental,"['Na série norte-americana ""Black mirror"", é abordada uma distopia enfocada em temáticas sociais sob a ótica da tecnologia e seus impactos, mormente negativos, na vida das pessoas. Diante disso, de maneira menos dramática, nota-se que a sociedade contemporânea se movimenta indubitavelmente a partir das redes sociais, que influenciam de alguma forma na saúde do indivíduo.', 'Tendo em vista a realidade supracitada, um estudo feito pelo instituto de saúde do Reino Unido, Royal Society for Public Health (RSPH),  as redes sociais provocam impactos positivos ou ""tóxicos"" à saúde. Dentre os efeitos, estão aquisição de conhecimentos (por meio de textos, vídeos e músicas, por exemplo), identificação através das experiências compartilhadas, e a propagação de uma vida e imagens corporais perfeitas, respectivamente.', 'Nesse contexto, é que as redes ostentam padrões de belezas ilusórios e restritivos, estímulo que gera impactos na saúde física e mental. Como amostra disso, é observado uma crescente estatística de pessoas, sobretudo jovens, que apresentam por exemplo transtornos alimentares, adesão de procedimentos estéticos, isolamento social, depressão e ansiedade.', 'Portanto, com a finalidade de atenuar e até dissolver os impactos nocivos gerados pelas redes sociais à saúde mental dos indivíduos, cabe às famílias - que segundo Ėmile Durkheim, em ""Introdução á Sociologia da Família"", constitui-se instância fundamental ao funcionamento saudável da coletividade -, com o auxílio das escolas, que devem impelir aos jovens, por meio de palestras, rodas de conversas e oficinas que estimulam o autoconhecimento e o amor próprio, que os padrões expostos na internet não devem existir e nem serem levados para a realidade, além do uso comedido das mídias sociais.']",200,120,120,160,160,760
996,89,Como conscientizar a população acerca do isolamento social em meio a crise econômica?,"['O isolamento social, recomendado pela Organização Mundial da Saúde para o controle da disseminação do vírus da COVID-19 obrigou pessoas de todo o mundo a se manterem em casa, ocasionando assim, alta na taxa de desemprego e aumento da inflação.', 'A situação da pandemia trouxe um nível de exposição altíssimo às classes mais pobres dificultando a essas pessoas o cumprimento de tal norma. De acordo com pesquisas realizadas pela Universidade Federal do Paraná ""A crise econômica causada pela Pandemia será longa e rigorosa"". Que apesar da volta gradativa das atividades econômicas, ainda encontra-se grande dificuldade em reparar o prejuízo causado.', 'Há a grande negligência do Estado que de certa forma contribuiu para a situação atual, como o auxílio emergencial furado e sem extensão até o fim da pandemia. Ato de grande descaso com a massa.', 'Dado o exposto, infere-se que para amenizar o cenário, a cooperação do estado com isso, assim, diminuirá as necessidades dos mais pobres de sair para trabalhar para garantir o alimento do dia.']",160,120,120,120,120,640
1000,89,Isolamento,"['O Covid-19, vírus surgido, em 2019, na China, espalhou-se por todo mundo, configurando uma pandemia, que gerou uma crise na saúde global.  Neste contexto de transformações bruscas da sociedade, o povo brasileiro, já marcado por uma eminente desigualdade social, passou a enfrentar uma ferrenha crise econômica, gerada pelo isolamento em massa das pessoas, que perderam, em grande parte, seu poder de compra e deixaram de impulsionar setores da economia, como o turismo. Por conseguinte, as medidas restritivas passaram a ser amplamente desrespeitadas, resultando em um agravamento no quadro pandêmico brasileiro. Desse modo, é imprescindível a conscientização das pessoas  sobre o isolamento social, cuja promoção está sendo prejudicada por fatores de cunho social e pela desinformação em relação a esse novo vírus.', 'Primeiramente, é relevante pontuar que um número significativo de brasileiros saem às ruas por uma questão de subsistência, já que cerca 52 milhões de brasileiros, de acordo dados de 2020 do Instituto Brasileiro de Geografia e Estatística, vivem na pobreza, não tendo acesso aos itens que satisfazem as suas necidades básicas. Assim, a permanência desses cidadãos em seus lares também representa um risco às suas vidas, já que sem o dinheiro conquistado diariamente, poderão morrer de fome. Logo, deve haver medidas que não somente determinem o isolamento social, mas que também criem condições para que os cidadãos de classe baixa permaneçam em seus lares, sem estarem sujeitos aos riscos que vão além do coronavírus.', 'Por outro lado, a propagação de informações falsas sobre a pandemia faz com os indivíduos reneguem o cenário caótico da saúde e deixem de tomar cuidados essenciais para evitar uma possível contaminação. Segundo a escritora Hannah Arendt, o mal pode apresentar-se como algo banal. Tal perspetiva pode ser associada à tentativa irresponsável de pessoas que disseminam, principalmente através das redes sociais, a ideia  de que o Covid-19 é algo normal, que deve ser aceito e irrelevado no cotidiano, pois uma crise econômica seria mais cruel do que o proprio vírus. Então, constitui-se a necessidade do combate à desinformação associada à pandemia.', 'Portanto, cabe ao governo federal do Brasil , cujo papel é realizar ações que visem o bem de toda a nação, criar um site no qual estejam unificadas as informações atuais da pandemia e das medidas restritivas presentes em todo o território brasileiro, o que deve ser realizado por meio da cooperação das Secretárias Estaduais de Saúde, a fim de conscientizar a população acerca da disseminação do coronavírus e, consequentemente, aumentar o índice de isolamento social. Além disso, os governadores dos estados do Brasil devem garantir que cidadãos carentes, que geralmente são trabalharadores informais, tenham acesso à alimentação, por meio da distribuição mensal de cestas básicas, a fim de evitar que famílias passem fome e tenham que, obrigatoriamente, sair de suas casas para trabalhar nas ruas, onde estarão potencialmente expostos ao Covid-19. A partir dessas ações, a conscientização das pessoas sobre o isolamento social alcançará sucesso e a sociedade brasileira estará mais próxima do retorno do ""verdadeiro normal"".']",160,200,160,200,200,920
1004,89,O dilema dos mais vulneráveis,"['Com a advinda do capitalismo a desigualdade social e econômica acentuou-se no Brasil. Nesse contexto, é possível destacar a impariedade existente no cenário atual de pandemia, onde a população pobre entra em um dilema: isolamento social ou subsistência?.  Isso é preocupante em pleno século XXI.', 'A princípio, é possível analisar que o isolamento social é cientificamente comprovado ser eficaz no combate a pandemia do novo coronavírus. Contudo, o turismo, por exemplo, foi um dos setores mais prejudicados com essa medida. Desse modo, isso contribuiu para o agravamento da crise econômica no país, fazendo com que a parcela mais vulnerável da população ficasse mercê do vírus e da miséria.', 'Além disso, é possível observar que a instabilidade política, a inflação, a recessão, entre outros fatores foram também responsáveis pela crise econômica. Nesse sentido, perce-se que a dispariedade que existe entre a população influencia na maneira com que que as pessoas lidam com o isolamento social. Dessa maneira, constata-se que não existe estratégia que dê certo sem políticas públicas que a englobe.', 'Portanto, medidas são imprescindíveis para mitigar essa problemática. Logo, cabe ao governo federal aumentar a tributação sobre os mais ricos por meio da criação do ""Imposto sobre grandes fortunas"", afim de arrecadar recursos que possam ser usados para auxiliar pessoas em vulnerabilidade econômica. Ademais, é imprescindível dar continuidade em programas como o auxílio emergencial para que assim o trabalhador sem carteira assinada possa sobreviver respeitando o isolamento social e sem ter que passar fome para isso.']",160,120,120,200,160,760
1006,89,,"['O isolamento social, foi uma medida tomada pelos governos de todo o mundo, tendo em vista, controlar a proliferação do coronavírus. Toda via, tornou-se um desafio conviver em isolamento devido seu impacto a economia, uma vez que os comércios e serviços não essenciais foram proibidos de exercer suas funções, reduzindo abruptamente o faturamento das empresas. Diante desse contexto, é essencial que o isolamento seja visto como uma ação a favor da vida, por razões como,  benefício à saúde pública e a adaptação de novos hábitos econômicos.', 'A princípio, é importante comentar que o isolamento social se faz necessário devido a incapacidade dos sistemas de saúde, público e privado, em acolher todos os potenciais infectados. Dessa forma, a exposição sem restrições dos indivíduos ao coronavírus pode fazer o sistema de saúde entrar em colapso. Além disso, diante nocividade do vírus, estar em casa, no conforto e em segurança, deve ser vindo como uma dádiva . Isso em contraposto a situação dos moradores de rua, que já vivem tantos outros riscos, acrescentaram a lista esse inimigo invisível, o coronavírus.  Pois não possuem espaços para higiene adequada e nem meios para evitar aglomerações, isso sem levar em consideração,  a falta de recursos para evitar a saúde débil. Logo, o isolamento social está em defesa da vida.', 'Ademais, é importante perceber que a economia, assim como outros aspectos sociais, passou por transformações em busca pela inovação. Isso, porque, surgiram novas formas de comercializar, como por exemplo, o “E-commerce”, ou seja, comércio eletrônico ou venda não-presencial. A título de relato, a revista Veja, publicou recentemente que a Amazon, rede de varejo especializada em vendas virtuais, lucrou 6,3 bilhões e acrescentou a sua empresa 400 mil novos empregos no ano de 2020, em detrimento de outras empresas que não souberam se ressignificar em tempos de crise. Logo, estar atento ao mercado e as necessidades do público deve ser visto como uma nova maneira de lucrar em tempos de pandemia.', 'A par das considerações feitas, cabe refletir sobre iniciativas que podem ser tomadas para conscientizar a população quanto a necessidade do isolamento social, apesar da crise econômica. Para tanto, os cidadãos precisam ter um novo olhar sobre essa discussão, desse modo, os meios de comunicação e informação devem instruir a população brasileira. Uma vez que essa é a melhor forma de tornar a população prevenida dos malefícios do vírus, que ultrapassam déficits financeiros. Isso pode ser feito por meio de reportagens com profissionais especializados no assunto. Ações assim teriam por efeito uma nova perspectiva sobre o tema, e os cidadãos sentir-se-ão representados.']",160,160,160,200,160,840
1012,90,-como combater a transfobia no Brasil--,"['No Brasil existe o maior índice de transfobia, preconceitos e homicídios s pessoas trans. Como já dizia Voltaire, preconceito é opinião sem conhecimento. Torna-se evidente que os maiores causadores desse cenário é a alta vulnerabilidade de transexuais nas prostituições e a falha do estado em prevenir e investigar esses crimes.', 'As maiorias das pessoas trans, largam a escola no ensino médio devido aos preconceitos e bullyings constantes. A falta de vagas em empresas para as pessoas transexuais ocasionam a vulnerabilidade dos tais, quando não sofrem preconceito no próprio local de trabalho, sendo preciso lidar com questões relacionadas à homofobia, vindo de colegas de trabalho ou dos próprios superiores, incluindo abusos psicológicos e violências sexuais.', 'Neste ano, 89 pessoas transgêneros foram mortas no Brasil, quantidade que supera em 39% registradas no ano de 2019, muito provável que os números verdadeiros sejam maiores e é bastante notória a falha do estado em prevenir e investigar esses crimes.', 'Diante dessa problematização, as empresas devem disponibilizar vagas de empregos as pessoas trans, o estado deve criar cursinhos pré-vestibulares e exames nacionais de ensino médio especifico para esse publico. O estado deve aumentar os monitoramentos dos guardas nas ruas. Assim prevenindo a transfobia no Brasil.']",160,120,120,160,160,720
1014,90,A luta pela garantia da vida brasileira trans,"['O termo transgênero é usado para referir-se às pessoas que não se identificam com o gênero com o qual nasceram. Infelizmente, é comum ouvir o conceito transfobia relacionado a esse conceito, sendo esse as formas de repulsa, preconceito e agressões dirigidas às pessoas trans. Tal regressão aos direitos humanos,  apenas foi criminalizada no Brasil em 2019, porém o importante combate a esse preconceito ainda tem um longo caminho a percorrer.', 'Sabe-se que o Brasil é o país mais transfóbico do mundo, registrando 641 mortes de pessoas trans entre 2017 e 2020 . Para extinguir a transfobia no país, medidas educacionais, legislativas e sociais devem ser tomadas visando a reintegração dessas pessoas na sociedade, facilitação do ingresso em empresas e escolas e a maior segurança dessa comunidade. A violência, muitas vezes, vem da ignorância. Por isso, para reduzir os crimes contra as vidas trans, a educação, em suas diversas formas, é necessária, devendo abordar-se assuntos sobre identidade de gênero e respeito à auto identificação nas escolas brasileiras, mídias sociais e na imprensa.', 'Sendo as leis os estopins das mudanças de problemas estruturais, deve-se criar medidas mais abrangentes sobre a penalidade aos crimes de transfobia e projetos legislativos que dem suporte psicológico e médico às vítimas de agressão. Outro ponto a se alterar é a participação de pessoas trans na política, para que assim possam fomentar a defesa dos direitos de pessoas transgêneros. Lentamente, a realidade na política brasileira vem mudando, nas eleições de 2020, de acordo com o TSE (Tribunal Superior Eleitoral) foram registradas mais de 270 candidaturas de pessoas trans, número recorde no país. Mesmo sendo pouco se comparado aos números nacionais de candidaturas, esse registro é um grande avanço na integração social e política das pessoas trans.', 'O combate à transfobia no Brasil, é essencial para o desenvolvimento social do país e garantias básicas do direito à vida e a segurança das pessoas trans. A negligência a esse preconceito traz a marginalização social, familiar, educacional e profissional dos transgêneros. Medidas devem ser tomadas pelo Ministério da Mulher, da Família e dos Direitos Humanos para a divulgação da defesa e inclusão de pessoas transgêneros, visando facilitar o acesso e participação na vida política e social. Com educação, empatia e respeito haverá a equidade de direitos sociais e, acima de tudo, a garantia a vida brasileira em suas várias identidades.']",160,160,160,160,160,800
1024,90,Dificuldades encontradas por transexuais na sociedade brasileira.,"['""Brasil é o país que mais mata pessoas transexuais"" ""Assassinatos de travestis e transexuais crescem 70% em 2020 "", essas são algumas notícias relacionadas a transgêneros no Brasil, onde mostram a decadência e a perseguição aos LGBTs homens e mulheres mortos por motivos de ódio, etnia sexual ou pela sua aparência, no entanto o número de pessoas que se assumem transexuais é cada vez maior e esses indivíduos vem lutando contra a transfobia deixando-os então em uma espécie de bolha, uma proteção, entre sua orientação sexual e o preconceito da sociedade.', 'Primeiramente vale realçar que a transfobia é um crime de ódio, que em muitos casos está relacionado má formação no desenvolvimento das crianças em suas infâncias, que crescem com a ideia de discriminação e racismo já que a sociedade ao seu redor as impõe esse pensamento de divisão por diferenças étnicas.', 'Por consequência, se desenvolve uma nova geração racista e preconceituosa, mas esse problema é muito mais antigo já que transexuais eram submetidos a testes bizarros como: amputações torturas e mortes , dentro de centro de concentrações durante a segunda Guerra Mundial por serem considerados sujos, inferiores e uma ofensa.', 'Portanto, medidas são necessárias para resolver o impasse através do Poder Legislativo que tem o dever de criar e melhorar as eis como a Lei de nº 122 que propõe a criminalização dos preconceitos motivados pela orientação sexual e identidade de gênero demais, é indispensável propostas de intervenção e projetos contra a transfobia em escolas e nas ruas conscientizando as pessoas que os LGBTs tem direito de escolher e acima de tudo eles tem o direito de viver ,estourando assim a bolha de proteção imposta pela sociedade.']",160,120,120,160,120,680
1029,90,O Problema da Heterocisnormatividade,"['A transfobia é um crime constitucional de racismo. A liberdade de gênero não deve ser violada. Com as atuais ascensões de governos totalitários, discursos de ódio e violência têm se agravado cada vez mais. É imprescindível a dissolução desses atos, que desrespeitam os direitos civis de um cidadão.', 'Evidentemente, a transfobia é fundida na maioria das culturas através da heterocisnormatividade, julgando correto as relações heteroafetivas entre pessoas cis. Ainda, quando Voltaire atesta que ""o senso comum, não é tão comum assim"", é verídico porque as pessoas lidam melhor com o que é considerado normal, e caso ocorra uma contradição é considerada errada, exacerbando assim estereótipos de masculino e feminino cis.', 'Nessa perspectiva, quando se trata do fator violência transfóbica, o Brasil é líder na classificação de homicídios á transexual e travesti. Durante a pandemia os casos só têm aumentado, sendo grande parcela de culpa pelos discursos oficiais das autoridades , como o caso do presidente Jair Bolsonaro  que desde seu discurso de posse criticou o que chama de ideologia de gênero, sendo transfóbico por usar um termo ignorante e inválido.', 'A partir dessa hostil realidade, as consequências para à vítima da transfobia são: risco de homicídio, suicídio, desenvolvimento de doenças psicológicas, estresse, baixa autoestima, incapacidade, impotência, sentimentos de ódio e inutilidade.', 'À guisa de conclusão, o Supremo Tribunal Federal deve editar a lei que criminaliza transfobia como racismo, enquadrando a transfobia como um crime de fato. Assim como também, as autoridades que formularem discursos que desrespeitam os direitos civis de um cidadão, sejam preconceituosas e disseminem ódio, sofram uma indenização pela União. Isso possibilitaria a desestruturação de heterocisnormatividade. Ainda que haja casos de transfobia, o desenvolvimento para a maior acessibilidade à centros terapêuticos fornecidos pelo Sistema Público de Saúde e investidos pelo Ministério da Economia, seria primordial.']",160,120,120,160,160,720
1030,90,Segurança e Inclusão de Trans no Mercado de Trabalho,"['A Constituição federal de 1988 artigo 5°  diz que todo cidadão tem direito educação, segurança, trabalho toda dignidade do ser humano. Embora a gente tem uma constituição que garante tudo isso mais na prática não é bem assim a realidade no Brasil.', 'Em primeira análise vale relatar o Big Brother Brasil 2021. questão da transfobia apareceu nesta edição do reality , após serem maquiados pelas mulheres , alguns dos participantes homens desfilaram e fizerma poses efeminadas. Dessa forma  Lumena então ,  criticou ""a brincadeira"" explicando que , para pessoas trans, poderia representar violência . Nas redes mulheres trans falaram sobre suas experiências e como a atitude do grupo acabou sendo ofensiva, como mostrou uma reportagem do site universa. Desse modo os trans sofrem com violência no dia a dia, não se sentem seguras com medo de sofrer agressoes verbal e fisica por pessoas preconceituosas.', 'Em segunda análise vale destacar a falta de oportunidade no mercado de trabalho e fato quando se trata de dados sobre a comunidade transgênero estas pessoas são invisìvel aos olhos dos principais instituto de estatistica desempregados se deparam com a taxa de desocupação de 12,4% do trimestre fechado em fevereiro divulgado pelo Instituto Brasileiro de Geografia e statistica (IBGE) essa é a veracidade brasileira.', 'Portanto medidas são necessárias pra resolver esse impasse Associação Nacional de Travesti e Transexuais (ANTRA) devem propor soluções aos problema de violência e desemprego .Por meio de um projeto de lei a ser entregue na Camara dos deputados . Neles deve constar um 0800 para denunciar agressões, campanha nas tv , rádios e redes sociais contra agressão , uma campanha em todas midias sociais para inclusão de pessoas trans no mercado de trabalho. Espera-se com essas medidas combater a transfobia em ascensão na sociedade brasileira.']",160,120,120,160,160,720
1031,86,Impactos do uso das redes sociais na saúde mental,"['Dentro os inúmeros motivos que levaram a ciências constatar que as redes sociais atinge com muita consistência a saúde mental do indivíduo ,foi o aumento da depressão e ansiedade entre os jovens  . Tento em vista que os impactos não escolhem classes sociais.', 'Tudo que é usado em demasia , causa um dano físico ou mental ,as redes sociais em um contexto pode ser bem útil sabendo usá-la ,mais no geral, mais presisamemte as pessoas com uma carência e baixa estima já que a internet tem um mundo aparentemente perfeito .', 'No meu ponto de vista a solução pra esse problema seria estreitar as horas nas redes sociais e inteder que pessoas perfeitas não existem ,corpos perfeitos e beleza .em posta..Com tudo saber o que é real e imaginário .']",120,80,80,120,40,440
1040,90,,"['Ser um transexual no Brasil,requer muita coragem. O país estar longe de ser a referência em combate a transfobia. Segundo dados divulgados pela associação Nacional de travestis e transexuais (Antra) O índice de assassinatos supera a marca de 39% desse genero. Muitas Muitas dessas vítimas tem como principal agressores na família, seja de forma verbal,sicológica e física. Alguns não suportam tantas rejeies e acometem o suicídio. Se houvesse mais políticas sociais, com projetos voltados para esse tipo de gênero, junto a família, com foco na socialização e com apoio psicológico s vítimas e com temas que abordassem o preconceito, racismo e a transfobia nas didáticas escolares. Formariamos pessoas mais sociáveis as diferenças. Por tanto, com a criação de ONG e Associações LGBTs ,já é um grande passo para combater esse preconceito. As redes sociais  quando usadas de formas conscientes,ajuda a desmitificar essa divisão imposta por uma parcela da sociedade.']",160,80,80,120,80,520
1041,90,,"['Na serie ""Olhos que condenam"" é retratado a historia de preconceito que Marie Wise sofria dentro e fora de casa por ser uma mulher trans. Marie é expulsa de casa por sua mãe, e acaba sendo assassinada na rua por conta de sua identidade de gênero. Nesse sentido tal promissa se faz presente no contexto brasileiro vigente, uma vez que a transfobia é uma questão recorrente. Logo faz-se necessário medidas  a fim de amenizar esse impasse, que dentre as principais causas estão a insuficiência legislativa somado falha governamental em intensificar projetos de socialização.', 'Sob essa perspectiva, convém enfatizar que a ausência de leis está entre as principais causas da transfobia. Nessa óptica, de acordo com o levantamento feito pelo o Grupo Gay da Bahia em 2014, a cada 27 horas um brasileiro é morto por ser LGBT (lésbicas, gays, bissexuais e transgêneros).Sob esse viés, o transexual e o travesti está exposto não só á falta de segurança que, de fato, assola o Brasil, mas também correr risco de ser agredido ou morto por apenas existir. Dessa forma é inaceitável que esse tipo de crime seje tolerado.', 'Ademais, a falta de projetos de socialização é mais um dor fatores que agravam o impasse. Nesse contexto, apesar da constituição federal estabelecer o direito de todos á isonomia social, não há requisitos que obrigam empresas, por exemplo a contratação de transgeneros. Essa conjuntura, segundo o filósofo contratualista John Locke, configura-se como uma violação do ""contrato social"", já que o Estado não cumpre sua função de garantir que os cidadãos desfrutem de direitos indispensáveis, como o trabalho. Sendo assim, com a dificuldade de conseguir um emprego, acabam escolhendo a prostituição, sendo uma das poucas formas de se sustentarem.', 'Fica evidente que a insuficiência legislativa e a falta de projetos de socialização são prejudiciais ao combate a transfobia e que, por tanto é necessário mudanças. Para tanto, o governo deve  investir na implementação de delegacias especializadas nessa forma de agressão. Ademais, o Ministério do Trabalho deve facilitar o acesso dos trangeneros nas empresas, por meio de um projeto de lei a ser entregue á Câmara dos Deputados. Nele deve conter que as empresas privadas aceitam a contratação de transexuais e travesti, afim de tornar possível o acesso ao trabalho e diminuir o número de prostituição de pessoas trans. Assim, se consolidará uma sociedade menos transfobica, na qual o Estado desempenha corretamente seu ""contrato social"" tal como afirma John Locke.']",160,200,160,200,160,880
1045,91,"Brasil contra o retrocesso, o sofrimento e o risco.","['Na ciência, o negacionismo é definido como a rejeição de conceitos básicos e incontestáveis, apoiados por consenso científico, em detrimento de ideias radicais e controversas. O maior exemplo disso na atualidade brasileira é o próprio presidente da nação negar a importância da vacinação frente a pandemia do covid-19, custando milhares de vidas. Diante desse contexto, é notório que o negacionismo científico causa prejuízos tanto a saúde quanto, ainda, a educação dos brasileiros.', 'Quanto ao primeiro ponto, é importante perceber que o negacionismo científico está intimamente relacionado as fake news, ou seja, o compartilhamento de desinformação ou boatos através, principalmente, das redes sociais. Um reflexo disso está no fato de que, segundo o jornal Uol, no Brasil, o sarampo retornou em 2019 e a vacinação contra a poliomielite, que desde 1990 estava controlada, em 2016 não atingiu sua meta. Pois o movimento antivacina, que não possui nenhum embasamento, tem feito o índice de vacinação cair e doenças contagiosas erradicadas ou perto disso voltaram a aparecer. Observar um cenário como esse é avistar um quadro de retrocesso sofrimento e riscos.', 'Ademais, é correto afirmar que a educação está sendo negligenciada pela ação do negacionismo científico.  Uma vez que o Brasil tomou a decisão de fazer cortes inimagináveis em universidades federais responsáveis por pesquisas capazes de melhorar consideravelmente as condições de vida da população. A exemplo disso está a pele de tilápia usada no tratamento de queimaduras, desenvolvida na universidade federal do Ceará, mas que já é utilizada em outras partes do mundo. Logo, negar conhecimento é reconhecer a ignorância, a educação deve ser vista como um valor e a ciência como um recurso a ser explorado.', 'A par das considerações feitas, cabe refletir sobre iniciativas capazes de combater o negacionismo científico no Brasil. Diante disso, o MEC - Ministério da Educação, órgão responsável pela legislação e regulamentação da educação no Brasil - deve  adotar uma democracia direta, isto significada, uma organização na qual todos os cidadãos podem participar diretamente do processo de tomada de decisões. Isso dentro da sua capacidade de compreensão, desmistificando jargões científicos. Afinal, é natural que o desconhecido assuste, e uma decisão como essa significa estar ao lado do progresso e da educação, dito que o conhecimento não deve ser de propriedade apenas dos cientistas. Com essa finalidade, todos os brasileiros sentir-se-ão representados.']",160,200,160,200,160,880
1048,91,Efeitos do negacionismo cientifico na conjuntura brasileira,"['No filme “O menino que descobriu o vento” é apresentado como William, estudante de uma aldeia que passava por um período de seca, tem suas idéias, baseadas em leituras científicas para salvar as colheitas, negadas e mesmo substituídas por alternativas baseadas em suposições da população. Fora da ficção, os efeitos do negacionismo cientifico se apresentam similarmente na contemporaneidade brasileira. Sendo este perpetuado principalmente nas áreas onde o acesso educação de qualidade é mínimo e é desencorajado pela ineficiência governamental na disseminação e aplicação da ciência no país.', 'Em primeiro plano, é imprescindível destacar a vitalidade da comunicação durante o compartilhamento dessa ciência. Semelhante ao conflito presente, tivemos, em 1904, a Revolta da Vacina, evento este marcado pela ira do povo para com a medida obrigatória de vacinação. Conquanto, ao analisar o contexto histórico, se torna compreensível, em vista que o governo vigente jamais se importou em explicar a importância da vacinação e direcionava sua economia para as metrópoles , que a população tendesse, como na atualidade, a acreditar em fontes não disseminadas pelo governo e os meios de saúde, devido falta de acessibilidade de forma clara.', 'Ademais, é incontrovertível o impacto do papel passivo do Estado na garantia da prevalência dos meios científicos sobre os demais. Na Constituição federal de 1988 é declarado como dever estatal a asseguração de medidas para acesso e distribuição, de forma igualitária, aos serviços envolvendo a saúde, a área mais afetada pelo negacionismo. Contudo, em vista do aumento do apoio a este movimento radical e a diminuição no número de brasileiros que procuram a vacinação e os tratamentos medicinais, é conclusivo que o governo fez a quebra com o proferido na conjuntura, ajudando indiretamente na prolongação do quadro alarmante.', 'Portanto, em vista do supracitado, é mister que o Estado reconheça sua influência na problemática, devido falta de investimentos e promoção ao acesso área cientifica, e trabalhe com o Ministério da Saúde na criação de um projeto governamental que vise, por meio da instalação de instituições educacionais públicas e divulgação midiática, o compartilhamento de informações e resolução de dúvidas da população sobre os meios científicos com a ocorrência de palestras e debates abertos feitos por profissionais da área da saúde e a apresentação de dados que comprovem a veracidade da ciência. Destarte, ocasionando, por meio da ampla disseminação clara do conhecimento comprovado, uma significativa diminuição do movimento negacionista e garantindo que idéias fundamentadas, como as de William, se tornem a voz da nação.']",160,160,160,200,160,840
1049,91,Efeitos do negacionismo científico na sociedade,"['O movimento terraplanista acredita que a erra seja plana mesmo sendo comprovado cientificamente o contrário. Essa rejeição de fatos comprovados é uma das principais questões envolvendo a ciência atualmente, uma vez que compromete seu desenvolvimento e corrobora para seu retrocesso em âmbitos como o da saúde e da história. Dito isso, por ser um agravante na sociedade, torna-se necessária a adoção de medidas para intervir na questão.', 'Nesse sentido, o negacionismo em conjunto com a desvalorização das universidades resultam na estagnação da ciência. Isso é devido falta de apoio social e governamental que impacta negativamente nos avanços científicos, pois,  o conhecimento e a instituição são afetados pelo descrédito e pelo corte de verbas, um exemplo de descredibilização foi a fala do ministro da educação, Weintraub, de haver “balbúrdia” nas universidades. Dessa forma, o papel da entidade para com a sociedade, de promover seu desenvolvimento, é prejudicado assim como os próprios indivíduos.', 'Ademais, negar a ciência implica em atrasos na saúde e na história, além de danos à população. Nesse cenário, o movimento antivacina ganhou adeptos e pôs vidas em risco pois fez surgir doenças antes erradicadas, como a poliomielite, já na história existe aqueles que recusam a existência do holocausto. A partir disso, revela-se a falta de comprometimento com o corpo social, e de desentendimento da gravidade dos efeitos proporcionados pela prática do negacionismo.', 'Portanto, a partir do exposto, nota-se a necessidade de enfrentar tal problemática. Para isso, é preciso que o Ministério da Educação em conjunto com os órgãos de produção científica, por meio de verbas públicas, formule propagandas publicitárias em redes sociais com a finalidade de ampliar a divulgação de projetos e trabalhos científicos, incentivando o debate crítico dos temas abordados, podendo dessa maneira, combater a recusa do conhecimento. Além disso, também é importante que haja maior repasse de verbas para as faculdades públicas, pela Lei Orçamentária Anual. Logo, a sociedade e a instituição irão colaborar em conjunto para o progresso da ciência.']",160,160,120,160,160,760
1062,86,O Black Mirror da Vida Real e Suas Consequências,"['O episódio ""Nosedive""  da série ""Black Mirror""  retrata uma sociedade em que o indivíduo,para ter um bom status em suas redes sociais,precisa demonstrar ter sempre uma vida feliz e perfeita,algo que não faz bem para seu emocional e não reflete a realidade da vida de ninguém. Fora da ficção as redes sociais funcionam de maneira análoga,por isso é necessário discutir a relação entre redes sociais e saúde mental e sanar os problemas nessa relação.', 'Primeiro,é necessário saber quais os problemas que as redes sociais trazem para o emocional de seus usuários e porque eles são trazidos. Logo que alguém entra em uma rede social é bombardeado por postagens de corpos e vidas,aparentemente, perfeitas e,normalmente,esses perfis perfeitos têm milhões de seguidores,assim essa pessoa acha que para ser aceita precisa ser perfeita,mas acaba se frustando ao não atingir esse padrão irreal,assim fazendo com que essa pessoa se sinta inferiorizada .Outro ponto a se destacar é que,segundo o livro ""Galáxia da Internet"",as relações interpessoais nas redes sociais são mais frágeis,por exemplo:basta uma pessoa deixar de seguir outra no Instagram para que uma amizade virtual,de anos,acabe. Um desses fatores ou a combinação deles pode fazer o usuário dessas redes sociais desenvolver transtornos alimentares,depressão e ansiedade.', 'Em segundo plano,é preciso saber porque essas mazelas se perpetuam. Segundo a empresa Global/Weblendex o brasileiro passa cerca de 20% do seu dia em redes sociais,então o brasileiro é constantemente afetado pela falsa perfeição dos influenciadores,que a usam para vender produtos,além disso com os novos editores fica difícil saber o quanto do que se vê na internet é real,além disso as pessoas ficaram tão obcecadas pelas redes que esqueceram de viver fora delas.', 'Portanto,o impasse precisa ser resolvido. Para isso,o Ministério das Comunicações fará,por meio dos veículos de mídia,uma campanha para desmistificar a perfeição nas redes sociais. Paralelamente,o Ministério da saúde,com a ajuda do MEC(Ministério da Educação),colocará nas escolas psicólogos para ajudar os jovens emocionalmente prejudicados pelas redes sociais e o MEC deverá,por sua vez,promover palestras nas escolas que incentivarão os alunos a diminuir seu tempo nas redes,porque como diria Immanuel Kant:""o homem é aquilo que a educação faz dele"".É esperado que outros países ajam como o Brasil. Assim,não mais,a sociedade viverá em um episódio de ""Black Mirror"".']",200,160,160,200,160,880
1063,91,Redação / 19,"['No século XXI o ato do negacionismo vem sendo comumente usado para evitar ou negar uma realidade. A partir disso, sabe-se que é necessário analisar o negacionismo no campo científico visto que isso traz sérios males sociais, sendo eles o prejuízo na propagação de conhecimento, na saúde e bem-estar social.', 'Primeiramente, cabe ressaltar que o negacionismo científico corroe a adesão do conhecimento. Desse modo, faz-se mister analisar a Revolução Tecnológica, em conjunto com a Indústria 4.0, visto que a amplitude do acesso às informações, assim como a disseminação de fake news, prejudica o acesso às notícias de qualidade e aos meios com teor científico verifico. No mais, sabe-se que o ato de negar tira dos indivíduos o direito fundamental do princípio humano de obter conhecimento e aprendizado.', 'Segundamente. é válido ressaltar que a negação do saber científico desfavorece a saúde e o bem-estar da coletividade. Dessa forma, observando o contexto pandêmico iniciado em 2019, no Brasil e no mundo, trouxe ao conhecimento público a importância da ciência para a descoberta do genoma do coronavírus, assim como a existência de métodos para melhorar a saúde mental e o bem-estar físico. Por meio disso, fica imprescindível que ao negar a transmissão do saber através de dados não reais, além de prejudicar a propagação de conhecimento infere no bem-estar social, assim como na saúde humana.', 'Em suma, sabe-se da necessidade de correção dos malefícios trazidos pelo negacionismo científico. No mais, cabe ao Ministério da Ciência, Tecnologia e Inovação criar  um projeto de contenção de notícias falsas, utilizando as mídias como meio de ação, assim como, em colaboração com a sociedade, manifestar a importância do conhecimento científico e sua relevância social. Assim, o ato negacionista não existirá no âmbito social.']",160,160,160,200,160,840
1065,91,,"['Segundo o filósofo George Santayana, aqueles que não conseguem lembrar o passado estão condenados a repeti-lo. Analisando o pensamento e relacionando-o a realidade brasileira, é notório que os efeitos do negacionismo científico afetam de forma evidente a sociedade atual, além de que o problema está inserido em todo o sistema educacional brasileiro e mundial, em virtude de que anteriormente na história do mundo já foram presenciados diversos efeitos negativos do negacionismo científico e novamente a sociedade comete o mesmo erro e sofre os mesmos efeitos.', 'Nessa perspectiva, pode-se afirmar que o descaso governamental com a educação e a escassa abordagem do negacionismo em instituições de ensino causam a falta de resoluções e o agravamento da situação mais uma vez.', 'De acordo com Nelson Mandela, ex-presidente da África do Sul, a educação é a arma mais poderosa que você pode usar para mudar o mundo. Sendo assim, é possível compreender que a educação assume um importante papel para o presente e o futuro da sociedade, entretanto o sistema educacional recebe grande negligência governamental, proporcionando a carência de conteúdos importantes, tal como o negacionismo científico e seus efeitos.', 'Portanto, fica evidente a importância dos estudos sobre os efeitos e o que negacionismo científico traz sociedade, e da falta que uma atenção maior para o sistema educacional gera ao país. Consequentemente cabe ao governo e ao Ministério da Educação  elevarem a qualidade do conhecimento, por meio da inclusão de novas matérias, conteúdos e atividades – que devem ser acessíveis para todos os tipos de instituições – com o propósito de orientar e educar a todos sobre o negacionismo. Em vista disso, preparando o cidadão brasileiro para algo semelhante que possa ocorrer no futuro, ou se tudo acontecer conforme as expectativas, encerrando os problemas relacionados à falta de atenção e informação sobre o assunto.']",160,160,120,160,160,760
1070,91,,"['Devido à crise sanitária em que o mundo se encontra, a propagação do negacionismo se torna ainda mais preocupante. A desinformação e disseminação de fake news nos meios de comunicação geram uma onda de incertezas mediante aos avanços científicos, a tentativa de minimizar ou anular os efeitos da pandemia tem como resultado um debate ideológico que nada ajuda para resolver uma questão de saúde pública.', 'O ato de questionar os avanços da ciência acarreta uma série de problemáticas, as pessoas passam a duvidar de tudo o que é comprovado cientificamente e acreditar somente no senso comum, em algo sem nenhum estudo ou dado concreto para se basear e, em alguns casos essa crença afeta não só a pessoa como uma boa parte da sociedade . A vacinação, em alguns casos, só tem eficácia se uma grande parcela obtiver as doses, participantes do movimento antivacina, por exemplo, ao se negarem a tomar tal dose se tornam possíveis transmissores, acontece até de doenças erradicadas voltarem a aparecer no país, como foi o caso do sarampo.', 'Em meio à pandemia, a prioridade do Estado e da população deveria ser o combate ao vírus da C-19, porém é comum observar pessoas discutindo sobre a gravidade do vírus para o sistema imunológico e muitas vezes comentando sobre um suposto exagero da mídia. Perante tais discussões surgiram fontes informando formas alternativas para se prevenir, remédios caseiros ou até mesmo sem prescrição médica, tratamentos não testados cientificamente, diversas desinformações que prejudicam o trabalho dos profissionais da saúde.', 'Os governantes devem contribuir com um posicionamento voltado ao bem estar do cidadão, criando programas com profissionais da área da saúde para conscientizar e tirar dúvidas da população, combatendo as fake news nas redes sociais, financiando e acompanhando de perto os avanços científicos, pois o primeiro passo para o combate ao negacionismo é a informação.']",160,160,120,160,160,760
1072,92,....,"['Na Lei n°9459 de 1997 diz que serão punidos quem praticar, induzir ou incitar a discriminação ou preconceito a raça, cor, etnia, religião ou precedência nacional. Nesse sentido, tal premissa não se faz presente no contexto brasileiro vigente, uma vez que pessoas de ascendência asiática vem sendo alvo de racismo e chacota. Logo, faz-se necessário medidas a fim de amenizar esse impasse, que dentre as principais causas estão a falta de atitude governamental somada à omissão da sociedade.', 'Sob essa perspectiva, convém enfatizar que a falta de atitudes do governo está entre as principais causas do preconceito com pessoas amarelas. Nessa óptica, de acordo com o filantropo Chico Xavier, a omissão de quem pode e não auxilia o povo é comparado ao um crime que se pratica contra a comunidade inteira. De maneira análoga, é quase inexistente politicas públicas e privadas voltada para esclarecer e conscientizar a população acerca de assuntos que, ao longo do tempo, foram vistas de forma preconceituosa. A exemplo disso, pode-se destacar a força que esse racismo ganhou depois que Donald Trump,  usou um termo racista para se referir s pessoas amarelas e ao vírus C-19. Dessa forma é inaceitável que esse tipo de crime seja tolerado.', 'Ademais, a omissão da sociedade está ligada como mais um dos fatores que agravam o impasse. Nesse contexto, de acordo com o filosofo brasileiro Felipe Pondré, o qual afirma que a evasão ao estrangeirismo é ainda entendida, pela maioria do povo brasileiro, como uma pratica comum e que pode ser justificada pelo medo da crise econômica e da decadência da identidade nacional. Sob esse viés, é perceptível a perpetuação de um cenário brasileiro que, que ao invés de estender a mão contribui para a exclusão, chacota e preconceito pessoas asiáticas.', 'Fica evidente que a falta de atitude do governamental e a omissão da sociedade são prejudiciais ao preconceito amarelo e que, portanto  é necessário mudanças. Por isso o Ministério Da Educação, deve promover  debates midiáticos em parceria com as mídias que, sobretudo, abordem as consequências negativas da postura preconceituosa dos brasileiros quanto aos asiáticos. Nesse sentido, o intuito de tal medida é tornar possível pessoas amarelas e a punição a quem cometer esse crime. Feito isso, uma sociedade mais justa e consciente será formada, e a atitude de cooperação, defendida por Chico Xavier, finalmente estará em ação para benefício de todos.']",160,200,160,200,160,880
1080,92,Discriminação étnica e suas consequências,"['A pandemia do coronavírus – provocada pelo vírus Sars-cov19, surgido em Wuhan, na China -, que atingiu o Brasil na primeira metade do ano de 2020, evidenciou e intensificou a discriminação contra indivíduos de origem asiática, dado que o surgimento desse vírus é associado aos hábitos chineses. Logo, esse preconceito se dá, principalmente, a esteriótipos e à desinformação criados pela população brasileira , que podem ter desdobramentos graves não só para os cidadãos asiáticos, mas também para a sociedade.', 'Sob essa perspectiva, o conceito denominado Habitus, desenvolvido pelo filósofo francês Pierre Bourdieu, consiste na ideia de que os indivíduos desenvolvem padrões de pensamento – como o de hostilizar a cultura dos povos de origem asiática devido à esteriótipos- externalizados pela sociedade. Essa mentalidade habitual é, lamentavelmente, banalizada, o que evidencia não só a desinformação da população, mas também sua falta de empatia e respeito.', 'Ademais, esses hábitos podem ameaçar a cidadania das vítimas, a partir do momento em que elas são, eventualmente, excluídas e estigmatizadas pela sociedade apenas por causa de sua ascendência. A esse respeito, a Declaração Universal dos Direitos Humanos, promulgada,  em 1948, pela Organização das Nações Unidas (ONU), prevê a igualdade de direitos a todos os cidadãos. Entretanto, a maioria das pessoas de origem asiática lidam, principalmente, durante a pandemia com o estigma e o desrespeito de grande parte da população. Ocorre que, devido a isso, as vítimas desenvolvem traumas psicológicos, a exemplo de ansiedade e depressão, que podem, por sua vez, resultar em algo mais grave como um suicídio. Adicionalmente, essa discriminação pode gerar consequências para a coletividade, haja vista que as relações sociais seriam afetadas.', 'É necessário, portanto, com vistas a desmitificar esteriótipos e gerar informação à população brasileira, que o Ministério da Educação elabore campanhas informativas e educativas acerca da cultura asiática , que serão divulgadas por meio da mídia, especificamente, nas redes sociais, uma vez que têm maior abrangência. Essa iniciativa terá a participação de pessoas de ascendência asiática, que irão relatar casos em que foram desrespeitadas devido a sua etnia. Espera-se, com isso, que os ideais propostos pela Declaração Universal dos Direitos Humanos sejam exercidos na prática por todos.']",160,160,160,200,160,840
1081,92,Minoria modelo e o preconceito amarelo,"['Em dezembro de 2019  a cidade chinesa de Wuhan notificou a descoberta de um novo coronavírus, que, em poucos meses, alastrou-se pelo mundo e adquiriu status de pandemia. Devido a isso, tornou-se comum que pessoas amarelas (pessoas de ascendência asiática) fossem culpados pela disseminação do vírus e discriminados. Todavia, o preconceito contra amarelos é um problema antigo que, devido à falta de informações e debates sobre o assunto, acabou sendo normalizado pela sociedade.', 'Antes de tudo, é preciso destacar que a falta de discussão sobre o preconceito amarelo pode ser atribuída ao mito da ""minoria modelo"", que se utiliza de estereótipos supostamente positivos sobre asiáticos (como dizer que são mais inteligentes, trabalhadores e honestos) para apontá-los como um modelo a ser seguido por outras minorias e reforçar a ""meritocracia"". Entretanto, esses estereótipos também são utilizados para deslegitimar as conquistas e esforços de pessoas amarelas e quando alguém não se encaixa nesse modelo, é discriminado, como ocorreu com a doutora Nise Yamaguchi, que foi alvo de piadas racistas após seu depoimento na CPI da Covid.', 'Além disso, há o mito das três raças, que apresenta o Brasil como constituído unicamente por brancos, negros e indígenas e gera o apagamento de pessoas amarelas nascidas no Brasil, contribuindo para que continuem sendo tratados como estrangeiros em seu próprio país. Como exemplo, é possível citar o caso envolvendo o presidente Jair Bolsonaro, que ao ser questionado sobre o livro Tormenta, da jornalista Thaís Oyama, chamou a autora de ""japonesa"" e disse não saber o que ela faz no Brasil, apesar de a jornalista ser brasileira nata. Entretanto, essa conduta não é um caso isolado, visto que na sociedade brasileira são comuns ações como chamar toda pessoa amarela de ""japa"" ou dizer que ""todo asiático é igual"".', 'Por conseguinte, é necessário que o governo  tome ações que combatam o preconceito amarelo, investindo principalmente em informar a população sobre essas formas de discriminação e desconstruir os mitos relacionados a pessoas asiáticas, o que pode ser feito ao abordar essas questões nas escolas e em anúncios em canais de televisão abertos, além de criar e divulgar centros de denúncia, de modo a garantir que essas ações não continuem impunes.']",160,160,160,200,160,840
1082,92,O COMBATE AO PRECONCEITO AMARELO,"['No panorama atual, tem ganhado visibilidade o preconceito amarelo, que seria uma atitude genérica de discriminação ou rejeição de pessoas nascidas ou com ascendência de países asiáticos. É necessário ter em mente que atitudes discriminatórias são nocivas para a sociedade,endo assim, para combater um problema social como o preconceito amarelo a presença de representatividade midiática é de suma importância, principalmente no momento, pois devido ao vírus da Covid-19, que surgiu na China, a população asiática tem sofrido constantes ataques.', 'Indubitavelmente, existe uma falta de representatividade asiática nas produções de entretenimento e publicidade, quando se faz presente acaba por reforçar estereótipos do senso comum. Essa é uma questão que ganhou destaque quando o filme sul-coreano Parasita se tornou o primeiro de língua não-inglesa a ganhar o Oscar de melhor filme no ano de 2020; desde então muitas plataformas como a Netflix vem aumentado o destaque para produções com atores asiáticos, o que é importantíssimo, pois a presença nos meios de comunicação desta comunidade de forma não discriminatória é capaz de quebrar o padrão que o Ocidente implantou na sociedade e muitas vezes causa reações de aversão para com esta população.', 'Outrossim, a pandemia causada pelo vírus da Covid-19 que surgiu na China agravou a situação sofrida pela comunidade asiática, pois a ideia de que eles são responsáveis pela existência da doença se propagou pelo mundo, piorando e aumentando os ataques preconceituosos. A propagação e aceitação dessa ideia é uma consequência da não compreensão da cultura Oriental e também da não identificação das pessoas de origem asiática como iguais as de origem não-asiática,embora como tenha dito a cantora e dançarina norte americana Josephine Baker ""nem todo mundo tem a mesma cor, a mesma língua ou os mesmos costumes, mas todos têm o mesmo coração, o mesmo sangue e a mesma necessidade de amor"".', 'Com base no que foi mencionado, cabe mídia , estrutura responsável pela difusão de informações, notícias, mensagens e entretenimento promover a participação da população asiática nos meios de comunicação através de produções cinematográficas e produções publicitarias com participação de pessoas dessa comunidade, Ministério da Saúde também carece conscientizar a sociedade por meio de palestras sobre como se desenvolveu o vírus da Covid-19 e, desta forma, evidenciar que a comunidade amarela não é culpada pelo seu surgimento, com objetivo de não prejudicar o bemestar e o desenvolvimento do corpo social como um todo.']",160,120,120,200,120,720
1090,92,Preconceito gera preconceito,"['Preconceito amarelo é um tipo de xenofobia,  apenas contra asiáticos. Apesar de ser pouco discutido, ele está presente no nosso cotidiano seja de forma mais agressiva, como em discursos de ódio, seja de maneira sutil, com piadas comuns e a utilização de termos preconceituosos, como para entrar na USP tem que matar um japonês” ; “xing-ling”; “japinha”; “chinês fala enrolado”; entre outras. A utilização de termos como estes, além de influenciar o aumento do preconceito, pode afetar as relações sociais e econômicas com asiáticos.', 'Nos Estados Unidos, o ex-presidente Donald Trump utilizou termos pejorativos para se referir ao coronavírus e aos descendentes asiáticos, especialmente chineses. Este fato não só incentivou ainda mais o preconceito, como também gerou atritos desnecessários entre o país norte-americano e a China, além de uma intensa guerra econômica, que tem influência em escala mundial.', 'Já no Brasil, o Ibrachina (Instituto sócio-cultural Brasil-China), criou uma central para receber denúncias de casos de preconceito amarelo, com objetivo de entregá-las às autoridades. Apesar de muitos não saberem, discriminação racial amarela também é crime, e não apenas a negra. A central foi criada durante a pandemia, que escancarou o problema. Em forma de resistência, franceses-asiáticos criaram a hashtag #JeNeSuisPasUnVirus, que expandiu-se por todo mundo, em português: #EuNãoSouUmVírus.', 'Apresentados os fatos, cabe aos governos e institutos destinados ao problema, não apenas brasileiros, mas de todo o mundo, criarem campanhas  que expliquem sobre o preconceito amarelo e seus problemas, a fim de mudar a mentalidade da população sobre o assunto. As campanhas devem ser acessíveis e veiculadas especialmente via redes sociais.']",160,160,120,160,160,760
1099,86,P,"['Na obra ""O Alienista""  do grande escritor brasileiro Machado de Assis, conta a história do Dr. Simão que julgara quase todos de uma cidade como loucos por não agirem dentro de um padrão normal. Analogamente, na atualidade o uso das redes sociais trás grande impacto na vida das pessoas, devido, o modismo imposto pelos influenciadores digitais e as severas críticas de anônimos. Dessa maneira, isso causa vários problemas para as pessoas, dentre eles a baixa autoestima e a depressão.', 'Primeiramente, a baixa autoestima é uma típica inaceitação pessoal que está cada vez mais presente entre os indivíduos. Sob esse viés, essa falta de amor próprio pode ser vista no filme ""O corriga"" de 2019,onde o protagonista Arthur é muito criticado pela sociedade, se tornando um vilão  .Fora da ficção, muitos internaltas usam perfis falsos apenas para descriminar os terceiros, o que faz um vasto número de pessoas não se aceitarem e até tomarem medidas extremas como o suícidio. Dessa forma, deve-se evitar acontecimentos parecidos.', 'Ademais, a falta de adequação á moda dita pelos influenciadores digitais deixam muitos seguidores depressivos. Oposto a isso, na frase de Anne Frank escrita em seu diário ,diz: "" Deixe-me ser eu mesma, e então estarei satisfeita"". Logo, os indivíduos precisam aceitar-se como são, e não de acordo com ""padrões"" igualmente Arthur que acabou em um hospício por distúrbios mentais . Nesse sentido, caso a população estiver disposta a se enquadrar a esse modismo, deverá estar ciente do grande risco posta á sua saúde tanto física quando mental.', 'Portanto, urge que o governo federal (como orgão mais adequado) arja contra os agressores por meio da punição severa, para impedir que as discriminações feitas por indivíduos anônimo se perpetue. Além disso, o Ministério da Saúde deve criar uma ""#seja você mesmo"", por meio das redes sociais, afim de insentivar a população a se aceitar e questionar sobre a existência de alguém complemente normal como fez Machado de Assis em sua obra.']",160,160,160,200,160,840
1100,93,Conscientização dos métodos de parto no Brasil,"['Ao longo dos anos, houve um aumento pela optação do parto humanizado em virtude da procura por uma experiência confortável para a mãe e o bebê, onde a mãe possui controle e a autonomia de escolher e personalizar sua experiência de parto. Além disso, grande parte dessa procura vem da vontade de um parto livre de interferências médicas desnecessárias, onde muitas vezes afeta negativamente a experiência do parto. Nesse mesmo contexto, o parto humanizado não é livre de intervenções médicas, uma vez que as escolhas dos parto são feitas com um profissional que junto da mãe decidem as necessidades do parto, tais como, o local, o uso ou não de medicamentos, o tipo de parto e etc...', 'Atualmente a cesárea é o modelo de parto mais normal no Brasil, mesmo com a recomendação da Organização Mundial Da Saúde (OMS) de realizar a cesárea em apenas casos necessários, onde visam evitar riscos ou tratar complicações. Muitas mulheres tiveram uma péssima experiência com esse mesmo modelo de parto , sendo um método arcaico e intrusivo onde não há acolhimento e privacidade, por conta da quantidade de pessoas entrando e saindo do quarto. Contudo caso haja necessidade de intervenção médica durante o parto humanizado, o mesmo deverá ser realizado.', 'Diante do modelo de padrão mais utilizado no Brasil, evidencia-se a falta de autonomia da mulher durante seu próprio trabalho de parto. Parte desse fato se dá por um contexto histórico que se estende até a sociedade atual onde mulheres são obrigadas a lutar pelo seu direito de ser ouvida e respeitada, mesmo envolvendo questões sobre seu próprio corpo e bem-estar. Esse mesmo contexto contribui para a desinformação de escolhas e consequências sobre as opções de parto, tendo em vista que os relatos de mulheres que passaram por um existência ruim de parto não são credibilizadas e acabam sendo silenciadas.', 'Sem dúvida é de suma importância a propagação de informação e o incentivo à implementação dos pássaros humanizados em clínicas e hospitais. Através de rodas de conversas e palestras em escolas com profissionais prontos para explicar e sanar dúvidas, assim como incentivo dos servidores de saúde pública através de campanhas de informação, será possível assegurar um sistema qualificado de partos no Brasil.']",160,120,120,160,120,680
1104,93,O parto como forma de libertação feminina,"['O corpo da mulher é visto como um tema polêmico desde a Idade Média quando gradualmente começaram a ser tratado ou como fonte do pecado, ou como figura casta e distante. Séculos depois, por mais que a luta feminina tenha avançado de forma significativa, ainda existem muitos entraves frente à discussão de como uma mulher se relaciona consigo mesma em termos biológicos e de papel social. Consequentemente, o parto humanizado representa uma medida vinculada saúde pública que garante maior dignidade às futuras mães.', 'Em decorrência de anos de sujeição a um sistema de saúde preponderantemente formulado por homens, as mulheres eram tratadas como um organismo estranho nos laboratórios. O livro ""Ulysses"" de Franz Kafka ilustra ao longo de vários capítulos o quão doloroso e desumano era o parto, tanto que o narrador personagem, Leopold Bloom, se condói com o caso de uma mulher que passou dias no hospital com hemorragia sem conseguir ter o filho e passível de contrair várias doenças. Assim, uma visão que valoriza a mulher como indivíduo no momento em que concebe uma vida poderia evitar tamanho trauma e riscos de contaminação.', 'Ademais se relaciona com o direito ao próprio corpo, o qual é um dos fundamentos universais da sociedade liberal. Segundo Locke. todos tem direito propriedade e liberdade, ou seja, domínio sobre como é tratado, sem a possibilidade de ser violado por outro. Entretanto, o parto durante muito tempo foi um procedimento em demasia invasivo, ao tratar a grávida como um objeto. Por conseguinte, a humanização é apenas uma forma de retomar uma condição intrínseca a um tratamento humano. Então, a medicina, como ciência que trata dos males humanos, deve se ater a mulher como pessoa, antes de ser apenas a progenitora, porque quando colocada em segundo plano, muitas vezes é submetida a procedimentos violadores e que podem deixar marcas físicas e psicológicas permanentes.', 'A mulher antes de ser mãe é uma pessoa e o parto humanizado apenas reflete essa condição. Portanto, é uma questão de saúde pública ao remontar as bases da medicina e reivindicar o papel feminino frente os tratamentos, de forma que não seja por completo passiva, mas sim um objeto de estudo que tem seu lugar de fala garantido. A conquista de tal posição reflete, em uma série de outros procedimentos, uma visão menos utilitarista, o que melhora a prática médica como um todo. A concepção de uma vida não deveria deixar cicatrizes em outra, mas sim principiar uma comunhão humana.']",160,160,120,160,80,680
1105,93,O parto humanizado e o direito de escolha das mulheres,"['O parto humanizado consiste em um movimento que teve forte crescimento a partir do século XXI, onde seu objetivo é designar um nascimento que ocorre de acordo com preceitos da humanização, com o mínimo de intervenções médicas.', 'Desse modo, as escolhas das mulheres serão protagonistas, considerando o momento não como um evento médico, mas social, emocional, familiar e espiritual, caracterizando-o como um acontecimento natural, sem a necessidade de interferências injustificadas. Além disso, o parto humanizado ressalta também os benefícios emocionais, positivos tanto para a saúde física quanto mental.', 'De acordo com o Ministério da Saúde, um parto humanizado requer a criação de um ambiente acolhedor e a inclusão de procedimentos que rompam o ""tradicional"", dando s mulheres mais autonomia diante do acontecimento delicado. Não se trata de seguir sempre o ""comum"", e sim de um direito de escolha de cada mulher, devendo ser respeitada cada decisão e conscientizada sobre as vantagens e desvantagens do procedimento escolhido.']",200,80,80,160,0,520
1109,93,Parto humanizado,"['A constituição federal de 1988, documento jurídico mais importante do país, prevê  em seu artigo 6º, o direito saúde como inerente a todo cidadão brasileiro. Conquanto, tal prerrogativa não tem se reverberado com ênfase na prática quando se observa o parto humanizado dificultando,deste modo,a universalização desse direito social tão importante. Diante dessa perspectiva, faz-se imperiosa a análise dos fatores que favorecem esse quadro.', 'Em uma primeira análise, deve-se ressaltar a ausência de medidas governamentais para combater a falta de profissionais da saúde. Fazendo com que as gestantes não tenham a acessória adequada . Essa conjuntura, segundo as ideias do filósofo contratualista John Locke, configura-se como uma violação do “contrato social”, já que o Estado não cumpre sua função de garantir que os cidadãos desfrutem de direitos indispensáveis, como a saúde,o que infelizmente é evidente no país.', 'Ademais, é fundamental apontar a falta de unidades de saúdes , que tenhao maternidade funcionando como impulsionador do parto humanizado no Brasil .Segundo o filósofo Jiddu ""Não e sinal de saúde estar bem adaptado a uma sociedade doente"" .Diante de tal exposto a falta de maternidade locais , pode acarreta na perda do bebê ou nascimento prematuro por não terem um lugar adequado , e um profissional adequado entre outras diversas coisas . Logo, é inadmissível que esse cenário continue a perdurar.', 'Depreende-se, portanto, a necessidade de se combater esses obstáculos. Para isso, é imprescindível que o Ministério da Saúde ,  disponibilize verbas , para maternidades em hospitais locais e darem palestra para gestantes , alertando os riscos dos procedimentos invasivo. Assim, se consolidará uma sociedade mais armonioza , onde o Estado desempenha corretamente seu “contrato social”, tal como afirma John Locke.']",160,160,160,160,160,800
1118,93,Quem decide sou eu!,"['Nos primórdios da humanidade, mulheres parturientes davam luz sozinhas em época que era quase desconhecido o campo da medicina. Com a evolução humana, foi possível obter outros meios mais eficientes que não pusessem em um risco a criança ou a mãe. Contudo, a autonomia da mulher se perde nesse contexto, haja vista que na política pública para maternidade pouco abre-se espaços para outros procedimentos. Neste sentido, o descaso com a opinião da mulher bem como a utilização de procedimentos invasivos se tornam fatores predominantes.', 'Em primeiro plano, vale ressaltar o descaso com a opinião da mulher que se atrela falta de informação; a julgar por procedimentos mais favoráveis para alguns médicos é um meio que seja mais rápidos e marcados com dia e hora, com isso mostram mãe esses procedimentos e não abrem opções nem se forem mencionadas por elas que, por estarem em um momento intenso de suas vidas e preocupadas emocionalmente, faz com que elas escolham a opção vista como mais ‘’segura’’ que é a cirurgia cesariana. O site do senado notícias apontou que o Brasil ocupa o segundo lugar do mundo em número de cesáreas.', 'Paralelo a isso, o uso desnecessário de métodos invasivos podem ser prejudiciais tanto para mãe como para o filho. O ginecologista Alberto Jorge Guimarães comenta que quem fez cesariana apresentou mais chance de ter infecção pós-parto. Isso porque os problemas aparecem, muitas vezes, após que gestantes tem seus filhos; depressão, complicações para a mãe e o bebê são alguns exemplos. Ademais, o hábito usual que alguns médicos da área preferem seguir é o ‘’padrão’’ considerado ideal, do qual decidem como proceder, ou seja, com datas para se programar a fim de realizá-los, desconsiderando o que realmente seria melhor para a gestante.', 'Portanto, entende-se que, toda essa discussão estabelece uma conduta que requer mudanças inadiáveis. Assim, é necessário que seja priorizado o interesse das mães em decidir como ter seus filhos quando possível, que cabe ao Ministério da Saúde investir em hospitais com infraestruturas e capacitar profissionais da área para evitar uma metodologia imposta ;  além do governo federal criar campanhas para mostrar a população diversas formas para o parto com todas informações necessárias. Dessa forma, será possível que a mãe tenha a autonomia de decidir o método mais eficiente para ela.']",160,160,120,120,160,720
1121,86,.,"['Redes sociais: ferramentas que podem ser tanto benéficas quanto maléficas para a saúde mental, coletiva ou individualmente, dependendo principalmente de como os próprios usuários as utilizam.', 'Primeiramente, abordando um ponto positivo do uso das redes, pode-se enxergá-las como uma rota de escape do mundo real, o que significa também encontrar um refúgio para seus problemas. Pessoas com dificuldade de comunicação social ou marginalizadas da sociedade podem encontrar um local de fala e finalmente se sentirem aceitas. Isto pode ser observado em redes como o Instagram e plataformas de Stream como a Twitch, onde vários produtores de conteúdo relatam terem sofrido de problemas como depressão e solidão e encontraram na interação com seus seguidores uma forma de confrontar seus problemas.', 'Em seguida, temos o ponto negativo do uso das redes sociais, que transformaram-se em meras “vitrines da falsa felicidade”, um espaço o qual o número de curtidas importa mais do que conversar ou conhecer outras pessoas, e os usuários que não seguem a tendência tendem serem excluídos. Isto resulta num ato constante de comparar-se aos outros e estar sempre sorrindo, mesmo que não esteja feliz, gerando assim problemas como baixa autoestima, dificuldade de aceitação, entre outros que com o passar do tempo tendem a evoluir para graves doenças mentais, como depressão.', 'Portanto, considerando que a Constituição federal tem a saúde mental como um fator condicionante e determinante para saúde, e o Estado tem o dever de garantir a mesma, o governo federal deveria investir em propagandas na internet que incentivem as redes sociais como espaço de aceitação ampla e sem discriminação, e não de competição.  Pois são os próprios usuários que utilizam a rede, e só eles podem torná-la um lugar melhor.']",160,120,160,200,160,800
1122,93,,"['Em meados de 2000,alguns movimentos contrários à hospitalização do parto começaram a crescer no Brasil,questionando nossas altas taxas de cesárias e excessivas intervenções nos partos. No entanto,mesmo com o reconhecimento e relevância dada, a problemática persiste pela falta de respeito e apoio às decisões maternas e percebe-se a falta de políticas públicas que favoreçam a autonomia da mulher e a promoção de métodos evasivos.', 'Sob esta ótica,a mentalidade social também deve ser questionada por sua restrição ,pois mesmo com os avanços medicinais,antigos métodos ainda são consideráveis,por isso o respeito é essencial-mas não ocorre na prática. Conforme a teoria de John Locke da ""tabula rasa"",o ser humano é como uma tela branca preenchida por experiências e vivências,assim,a população brasileira-em especial os médicos-deveriam tomar consciência do que ocorre no cenário da falta de humanização nos partos e utilizar disto como uma maneira de ampliar a mentalidade em um âmbito social e geral.', 'Consoante a isso,o Brasil realiza quase quatro vezes mais cesárias do que os 15% permitidos pela OMS , e além disso, faltam casas de parto normal no Sistema Único de Saúde. Isto reflete da ineficácia do Poder Público em garantir ações harmônicas na sociedade,pois gera falta de autonomia materna e apoio,além da desconsideração de métodos tradicionais,o que pode ser visto como falta de respeito e gerar estresses aos envolvidos no parto.', 'Perfaz-se que o Brasil ainda carece muito de humanização relacionada aos partos e algo deve ser feito para reverter tal problema. Primeiramente,cabe ao Ministério de Saúde através do SUS aumentar o número de casas de partos normais em prol do respeito e da liberdade feminina pela escolha de métodos. Fora isso,cabe ao governo promover a conscientização geral da população(principalmente em hospitais) sobre a importância do respeito e pregando a importância de uma mente aberta,lutando assim, por um país humanizado e com direitos garantidos.']",160,160,120,160,120,720
1125,94,"AUTISMO, desafios para a inclusão","['Com base em algumas pesquisas realizadas desde o ano de 2015, o número de crianças com autismo tem aumentado gradualmente nas redes de ensino contendo mais de 1 milhão de matrículas sendo abertas anualmente. Mesmo passando por algumas complicações, as escolas estão sempre dispostas a cuidarem dessas crianças e acompanharem seu desenvolvimento.', 'Em algumas crianças e adolescentes o autismo se desenvolve mais rápido que em outras, portanto, não são todas que já tem ele desde sempre . Ultimamente tem sido notável que o aumento de pessoas com autismo nas escolas chegou a uma proporção muito grande informando que estão conseguindo se adaptar ao ambiente e a se relacionarem com outras pessoas e criando alguns ciclos de amizades novas.', 'Com a colaboração de profissionais bem capacitados, reuniões escolares com novos planejamentos de aulas e o apoio superficial dos responsáveis sempre muito atentos, a tendência é melhorar cada dia mais o aprendizado e desenvolvimento dessas crianças que precisam de um apoio a mais que as outras.']",160,120,80,120,80,560
1129,86,Redes sociais x Redes de saúde mental,"['O filme ""A rede Social"", lançado em 2010, retrata a criação do Facebook pelo jovem Mark Zuckemberg como uma tentativa de promover um espaço virtual para unir pessoas através da interação social. Contudo, diferente desse contexto, as redes sociais tem servido nos últimos anos como instrumentos de divisão e impactado negativamente a saúde mental de diversos usuários. Diante disso, é importante destacar que a imagem estereotipada de sucesso exibida nas redes e a falta de maturidade emocional dos indivíduos, em decorrência de uma rede de saúde mental fragilizada, são fatores relevantes que fazem dessa problemática das redes sociais uma realidade no mundo contemporâneo.', 'Em primeiro lugar, cabe ressaltar que é inegável a contribuição das redes sociais para a difusão de conteúdos e criação de vínculos através das interações virtuais. Entretanto, o que se observa hoje é que esses vínculos estão frequentemente associados a um padrão idealista de estilo de vida relacionados a bens materiais ou à aparência física, uma vez que esse padrão exibido nas redes, na fantasia de muitos usuários, é o que representa o sucesso. Nesse sentido, ao não se reconhecerem nos padrões idealistas das redes sociais, muitas pessoas acabam sendo tomadas por um sentimento de frustração que prejudica significativamente a homeostase da saúde mental e impacta de maneira negativa a qualidade de vida dos indivíduos.', 'Além disso, um outro desafio a ser superado é o fato de que uma ampla parcela dos usuários ainda não possui a inteligência emocional necessária para lidar com as frustrações e problemas decorrentes do uso das mídias sociais. Nessa perspectiva, é importante reconhecer que embora a Política Nacional de Saúde Mental, promulgada em 2001, tenha proporcionado avanços na oferta da integralidade do cuidado em saúde, grande parte da população, devido à carência da rede de saúde e ineficiência do poder público, ainda se encontra distante do acesso aos serviços de apoio à saúde mental previstos na legislação. Nesse cenário, ao não encontrar o apoio estrutural das redes de atenção psicossociais previstas no sistema de saúde os usuários que apresentam dificuldades emocionais por influência das redes sociais ficam mais vulneráveis aos impactos dos efeitos deletérios das mídias e deixam de amadurecer emocionalmente.', 'Torna-se evidente, portanto, a necessidade de que o Ministério da Saúde , aproveitando-se da elevada conectividade da população, implemente uma campanha de apoio à saúde mental dos usuários, por meio da criação de um aplicativo que ofereça orientações e suporte especializado com profissionais de saúde mental para que os usuários possam encontrar acesso facilitado aos serviços de saúde e assistência para lidar com problemas emocionais decorrentes do uso das redes sociais. Dessa forma, a saúde mental da população que utiliza a internet como meio de interação poderá ser mais preservada e os impactos negativos das redes sociais minimizados.']",160,200,160,200,160,880
1131,94,Autismo,"['The good doctor, typical. Esses são exemplos de seriados que abordam desafios diários de pessoas com autismo, comprometimento da interação social, da comunicação verbal e não verbal e comportamento repetitivo, essas são características do transtorno do espectro do autismo. Isso, infelizmente, gera consequências nefastas, mostrando a necessidade de soluções.', 'O número de pessoas com autismo, que têm acesso à escola aumenta gradualmente, mas a educação especial ainda passa por desafios na qualidade de atendimento. Deficiências comportamentais e cognitivas e a falta de preparo das escolas dificultam ainda mais o processo de inclusão, e como consequência pessoas com autismo acabam não tendo o acesso necessário à educação e ao lazer.', 'Para que pessoas com esse tipo de problema mental tenham acesso a uma boa educação escolar, é preciso atenção especial, infraestrutura adequada para atender as necessidades de cada estudante, os professores devem ter acesso ao desenvolvimento do aluno, e fazer com que o mesmo se sinta confortável no ambiente escolar.', 'O ministério da educação em parceria com ongs sociais, devem criar campanhas educacionais sobre inclusão na escola, para professores e alunos sem problemas mentais. Isso deve ser feito por meio das mídias televisivas, nas escolas e em plataformas de “streaming”: por exemplo, instagram, youtube.']",120,160,120,160,120,680
1134,94,Exclusão de autistas na sociedade.,"['A série norte-americana ""Atypical"", lançada em 2017, conta a história de Sam Gardner, um rapaz diagnosticado com Transtorno do Espectro do Autismo (TEA), e mostra as dificuldades trazidas por essa condição. Todavia, mesmo tratando-se de uma ficção, o seriado representa a triste realidade da exclusão social que muitos autistas enfrentam no cotidiano. Dentre os fatores que contribuem para isso, destacam-se: a desinformação da população e a falta de profissionais da educação com qualificação adequada.', 'Em uma primeira análise, é fundamental apontar que a desinformação é um dos impulsionadores da exclusão dos portadores de TEA. Isso porque muitas pessoas não têm acesso informação, seja esta pela falta de representatividade nos meios midiáticos ou pela ignorância do ser humano. Desse modo, acabam não tendo um conhecimento mais detalhado sobre o assunto e por tendência a rejeitar aquilo que desconhecem, faz com que excluam ou tratem com indiferença quem possui o transtorno.', 'Ademais, cabe ressaltar que crianças e adolescentes autistas, dentro e fora das escolas, necessitam de atenção diferenciada. Nesse sentido, se as escolas não possuem profissionais qualificados, não haverá inclusão, pois os alunos com TEA não serão compreendidos, dificultando o processo de autonomia e aprendizado. Essa conjuntura, segundo as ideias do filósofo contratualista John Locke, configura-se como uma violação do ""contrato social"", já que o Estado não cumpre sua função de garantir que tais cidadãos desfrutem de direitos indispensáveis (como educação acessível a todos) para a manutenção da igualdade entre os membros da sociedade, o que expõe os autistas a uma condição de maior exclusão e desrespeito.', 'Portanto, medidas são necessárias para resolver o impasse. O governo federal, por meio da mídia, deve criar campanhas que visem informar e conscientizar a população brasileira sobre o Transtorno do Espectro do Autismo, a fim de minimizar a desinformação e o preconceito existente. Paralelamente, o Ministério da Educação (MEC) deve desenvolver métodos que qualifiquem os profissionais da educação, por meio de palestras e orientações, a fim de saberem proceder corretamente com os alunos portadores. Espera-se, com essas medidas, a inclusão de autistas no âmbito social.']",160,160,160,200,160,840
1142,97,Manifestantes x Policiais,"['A sociedade é o ambiente em que vivemos, visto que somos personagens coadjuvantes para que          se haja          uma paz e harmonia.                Entretanto sabemos que nem todos desempenham esse papel, de forma que é necessário que         hajam         burocracias e regras para                 limitar, e delimitar, um meio          pacifico          de convivência                , tendo “supervisores”, nomeados policiais, com o objetivo de monitorar, e reprimir, caso essas regras         estão         de fato ou não sendo cumpridas.                 Na teoria, essas normas e supervisores são          efetivas          , mas na prática, a          policia          de fato não é muito pacífica.', 'Visto que este é um país democrático,                 é dito que se pode haver força de expressão                , desde que não se infrinja nenhuma regra ou lei, e, olhando para atualidade brasileira, o cidadão e a milícia têm estado em contínuos confrontos                 devido ao excesso de disciplina por parte da          policia          , gerando inquietação da população.                Entretanto, se partirmos do pressuposto         que         quando depredamos algo, perdemos a razão,         se nota         que os manifestantes também estão errados, mesmo que dentre eles         estão         alguns que conseguem expor seu pensamento de forma pacata e sem quebrar patrimônios públicos. Contudo, o uso de equipamentos prejudiciais atingem por muitas vezes pessoas inocentes que estavam apenas no meio do ocorrido. É interessante ressaltar que a         policia          militar é treinada para lidar com criminosos, visto que manifestantes não se encaixam nesse contexto, tornando esses profissionais incapacitados adequadamente para esse tipo de situação.                  Vale salientar que nada          se explica         a violência,                 porque ela está associada ao nosso estado primitivo,                e hoje, como seres racionais, precisamos aprender a resolver nossas questões sem agredir         um ao outro         . Para impedir que essa onda de violência venha                se propagar mais, é necessário que o governo exija uma recapacitação e reeducação profissional         nos         militares, para que saibam distinguir criminoso de civil, e         saiba         punir o transgressor de forma que não atinjam os demais manifestantes. É importante que                 se tenha postura de ambas as partes, de tal forma          se é          cumprido o tão utópico lema “Ordem e progresso”.']",80,120,120,80,120,520
1145,98,Educação Alimentar,"['O Ministério da Saúde pede ajuda          a justiça          para que indústrias de alimento e refrigerantes tenham nas receitas de seus produtos, ingredientes mais saudáveis.                É                 verídico                que a alimentação saudável também seja influenciada em casa, pelos pais, e com limites, nunca proibindo.                 Na visão das “casas de delícias” a lei de propaganda de elevados índices de açúcar, sódio e gorduras, com advertência sobre os riscos a saúde em caso de consumo em excesso, só valerá se o Congresso aprovar a lei.', 'A obesidade infantil aumentou         em cinco         vezes mais nos últimos vinte anos, atingindo cinco milhões de crianças, hoje. Apesar de o governo querer mudar essa situação, a força de vontade de querer mudar deve partir do jovem. Mesmo que não deva proibir de comer algo gorduroso, os familiares devem por                limites         para que não fique abusivo e levar a doenças         .                 Os maiores problemas em relação a peso são: diabetes, doenças do coração, fraqueza, entre outros que vão aparecendo ao decorrer do tempo.', 'São necessárias campanhas alimentares,         onde traga         informações sobre         conseqüências         e o que se pode fazer para reverter esse processo. Além         de         crianças, os pais também devem estar presentes acompanhando e orientando os seus filhos. A         Obesidade         é um problema sério e o Brasil deve enfrentar essa doença que afeta o futuro da sociedade. Alimentar-se bem não é difícil. Use saladas, sucos de frutas e grelhados         ao         seu favor. Exercícios físicos são ótimos aliados se praticados diariamente com apoio de especialista.']",160,80,80,80,80,480
1146,98,É tempo dá reeducação alimentar.,[],120,120,160,160,80,640
1156,102,Água é vida,"['Muito além de ser apenas o solvente universal, a água é um composto inorgânico essencial a todos os seres vivos no planeta         e         sem tal substância, não existiria vida.                 Esse fato parece ser insignificante para muitas pessoas no Brasil.                O país se encontra com níveis de reservatórios cada vez mais precários, por conta não só do baixo índice de chuva, mas também da irresponsabilidade de indivíduos                 com alguns hábitos do cotidiano.', 'Não         da pra negar, que         a falta de chuva colabora com         escacez         que se vive no país. Nos últimos meses de 2014 choveu bem menos que o esperado.         O mês de Janeiro, em 2015,          que normalmente é o mais chuvoso, não atingiu 50% do esperado.', 'Aliado a         falta de chuva, hábitos dos brasileiros         deixa         a situação ainda mais precária.                 O que deveria ser simples, como escovar os dentes e tomar banho, causa um grande impacto na falta d’água.                Grande parte da população não se preocupa com o desperdício de água e         faz dessas atividades longas         , gastando muito mais do que deveria. Além disso, lavar carro e calçada com a mangueira jorrando é outra mania dos brasileiros,         agravando         o problema.', 'Sendo assim,                 cabe          a          mídia conscientizar a todos sobre a falta de água                que o país vem enfrentando, e         a         população, mudar hábitos simples, como varrer a         calçada ao invés de lavar         e demorar menos no banho.                 Afinal, um país sem água é um país sem vida.']",120,120,120,120,120,600
1157,102,"Água, economizamos ou perdemos!","['A água é um bem fundamental para                 a vida, não só humana, mas para todo ser vivo                . Precisamos de água para tudo                 em nossa vida         e, há         água em quase tudo que existe. Estamos sofrendo com a escassez desse recurso. As causas são         óbvias,         desperdício de água, degradação do meio ambiente, falta de investimentos, entre outras.', 'Além disso, a água potável está cada vez mais rara.         Isto         se deve         ao fato não só do desperdício, mas como,         em razão aos processos de urbanização, industrialização e produção         agrícola. Que         são mal estruturados em termos de preservação ambiental e da água.', 'Vê-se nada ser feito com relação a         isso, e         as consequências         nota-se         cada vez mais. Nosso país vem sofrendo com a falta de água em determinados lugares,         mas mesmo         assim, continuamos com o esbanjamento de água.', 'Dessa forma, caminhamos para                 o fim da água. Uma ótima medida         é, o         reaproveitamento da água utilizada.         Como por         exemplo, a água utilizada em máquinas de lavar         roupas, podem ser reutilizadas         para a lavagem de carros, banheiros, entre outros.']",120,120,80,80,0,400
1164,104,Ciclovias Urbanas,"['Muito         tem         falado do uso de bicicletas como meio de                mobilidade         urbana, em         grandes cidades.         Alem          do benefício de não          pega transito          , é a saúde. Algumas poucas pessoas vêm mostrando pensamento contrário          a          inclusão de ciclovias urbanas.', 'É cada vez maior o interesse por uma                 vida saudável e com qualidade de vida                . O uso de bicicletas para ir ao trabalho é uma ótima alternativa e                acúmulo de benefícios: a prática de uma atividade física e a possibilidade de reduzir custos, monetários e         ambiental. Diminuindo a emissão de CO2         .', 'Em São          paulo          , o prefeito mostrou interesse                em implementar 400 km de ciclovias. Em alguns bairros, moradores         tem         feito queixas do projeto. Argumentos         como: diminuir         a área de estacionamentos e mudanças no         transito         são         as         mais frequentes.', 'A ciclovia urbana é uma realidade em muitos países e         vêm          crescendo a cada dia                , assim         como, o         pensamento em sustentabilidade. É,         Sem         dúvida, um início de uma mudança e viável, o difícil é mudar o pensamentos das pessoas.']",0,80,80,0,0,160
1167,107,Evoluímos ou involuímos?,"['É sabido que a criminalidade tornou-se algo presente em nossa sociedade,                 rompendo com todos os conceitos que se tem dela                . A presença da camada infantil no mundo delinquente está crescendo cada vez mais, acarretando problemas para toda a população.', 'A sociedade nada mais é do que um conjunto de indivíduos que possuem relações socioeconômicas e culturais. Ser                 social                é respeitar cada         individuo         de igual para igual, assim como as leis impostas a todos. Muitos não sabem ou não respeitam isso, levando         a  pratica          de atos demasiadamente reversíveis.                O que pasma é saber quem são os infratores: crianças e jovens.                 Literalmente infantis.', 'A criminalidade cresce em uma progressão assustadora e mais assustador ainda é saber que existe, dentro da ala criminosa, um         numero         considerável de                 menores infratores. A classe infantil é de causar repugnância quando diz respeito a ações praticadas por eles.                São                 acidentes                dos mais ínfimos até os fatais, assim levando problemas e constrangimentos a toda a população. Crianças e jovens                 sem educação que não têm respeito por nada.', 'Diante dos fatos mencionados é preciso que haja uma forte         politica         de educação para os menores infratores, amenizando, assim, a criminalidade,                 uma vez que essa não pode acabar definitivamente, sendo uma característica inerente ao homem.                Além disso, é importante que                 eles sintam-se amados por seus familiares; outro fator essencial é extinguir o abandono. Acabar com a impunidade é interessante. por em pratica essas diretrizes é fundamental para construir uma nova sociedade, que dentro dela não haja mais criminalidade.']",120,120,0,80,80,400
1177,112,Maioridade Penal,"['O Brasil                 sofre                com grandes ondas de violências, principalmente nas grandes capitais.                 Sendo a maioria dos crimes praticados por jovens menores de idade, tendo a consciência da fragilidade da lei, que não os          punem         .', 'Existem casos em que os jovens aproveitam a fraqueza da lei para formar quadrilhas e em seguida praticam roubos, sequestros e assassinatos                , e os policiais ficam indignados por não poderem prendê-los.', 'De acordo com a opinião pública, 89% dos brasileiros                querem diminuir a maioridade penal. Fica evidente que                 a população                não quer tratar mais como “crianças” esses menores infratores.', 'Enfim é necessária a pressão dos brasileiros contra o governo, mobilizando-se com                 greves                e protestos, em prol da reforma                 no código penal, alterando a maioridade para os dezesseis anos.']",120,80,80,0,0,280
1180,114,A violência nas escolas,"['Uma situação que vem se         agravando, e         se multiplicando, cada vez mais, é a violência         ocorrente         nas escolas.         Isso         de fato, não pode ser dispensado ou deixado de         lado, devemos         fazer algo para mudar essa situação.', 'Membros do núcleo gestor das         escolas, tentam         fazer o possível para diminuir         o ocorrido         e acabam não obtendo         exito         nas sua         tentativas, isso         significa que não estão achando as soluções         certas, para         resolver esse problema.', 'Nos últimos anos,         nós é mostrado         muitas ocorrências envolvendo esse tema, muitos jovens sofrem agressões, tanto física como verbal. Pode servir como         exemplo, um         caso ocorrido no Rio de Janeiro, em que um ex-aluno, no dia 7 de abril de 2011, entrou numa         escola, e         praticou um         massacre         matando vários alunos de lá.', 'Fora isso, também, o enorme número de brigas          ocorrentes          nas escolas, que são gravadas por outro          alunos, e          postas nas redes sociais, como uma forma de expor algo          divertido, e          legal aos outros.', 'Algo que deve ser         ressaltado, é a, importância         da presença dos pais no processo         de mudanças nesses casos, sem         a cooperação dos pais, não é possível mudar essa realidade.                 Devemos         nós         aprofundar e estabelecer um compromisso                 de ambos os lados                , para a melhor comunicação com os alunos         e         assim, saber o que         esta         acontecendo em sua vida, os problemas, as dúvidas, achando assim uma forma de ajudar esse aluno.', 'Para que assim,         alunos, pais e membros da direção         possam         entrar num acordo entre si, levando aos alunos, não                precisarem praticar                 algo para se aliviar, e se sentir melhor, como a violência com os demais.']",120,120,80,80,80,480
1187,116,Os desastres de janeiro,"['Nos últimos anos, os verões brasileiros foram marcados por tragédias ambientais. As intensas chuvas         inundaram         e provocaram deslizamentos, que destruíram cidades. Esses eventos climáticos extremos trazem o medo e a dúvida de         que         repitam         e         nada seja feito.', 'É verdade que o excesso de chuvas é a principal causa das catástrofes, porém                 é preciso assumir a responsabilidade e parar de          culpar          a fúria da natureza                . A expansão dos desastres é a conseqüência da omissão dos governos.', 'As chuvas e os deslizamentos são inevitáveis, entretanto é possível uma                 política pública de prevenção                . É tão possível que países como Portugal e Austrália,         onde tiveram a participação         do governo, também foram atingidos por enchentes semelhantes e o número de mortos foi bem menor, infelizmente o contrário do Brasil.', 'Para evitar novas         tragédias de acontecerem         é necessário o controle da ocupação desordenada, nas áreas de risco, a monitoria da previsão do tempo e o alerta         a         população. Somente assim as promessas de que não         aconteçam         novas mortes, em outras chuvas de janeiro,         serão         cumpridas.', 'Deslizamentos, chuvas torrenciais, enchentes         podem         e provavelmente acontecerão, contudo a população não estará à mercê das forças naturais, se houver uma participação efetiva dos governos.']",120,120,120,80,120,560
1197,120,Liberdade de Expressão,"['A          liberdade          de expressão deve          ser usada          com responsabilidade, para que essa          liberdade não seja usada          para fazer críticas não-positivas                  , isto é, ofensas. Uma vez que, a consequência dessa liberdade é o preconceito.                  Devido ao direito à liberdade de expressão, muitas pessoas demonstram preconceito pelos meios de          comunicações          jornais, televisão                -, seja racial, religioso ou homofobia,         o que         acabam sendo justificados por essa ""liberdade"".', 'Em 7 de janeiro de 2014,         um         jornal francês ""Charles Hebdo"" foi alvo de terroristas islâmicos         pelas frequentes críticas e sátiras publicadas ao Profeta Maomé         .                 Segunda dados divulgado pela          ""ONU"" (Organização Mundial da Saúde),          cabem limites para eliminar qualquer intolerância ou discriminação baseado na religião ou crença.', 'Cada pessoa tem o direito de falar, criticar ou opinar, desde que tenha consciência das consequências dessa liberdade. No entanto, violência é uma péssima forma de combater opiniões contrárias.         As pessoas devem ser mais inteligente, e menos violento, que o outro.', 'Portanto, deve haver limites para a liberdade de expressão         e, também         a responsabilização         de         opiniões         emitidas          quando há a intenção de insultar o próximo, por meio de ações judiciais.']",120,120,80,80,80,480
1201,121,Exercendo Cidadania,"['Horário reservado a propaganda eleitoral gratuita. Esta frase que aparece na TV é                 o ""terror""                para muitos cidadãos. As famosas expressões como: ""Todo político é igual!”, ""Interromperam minha novela!"" são as mais ditas.                 Ao invés de reclamações, por que não aproveitar          deste          recurso abrangente?', 'Através das         propagandas eleitorais realizadas na televisão e no rádio é possível conhecer um pouco das ideias dos candidatos. Outros meios como internet, jornais, revistas também auxiliam para ter esclarecimentos                 melhores de devidos.', 'Com o pensamento já                 ""instalado"" na mente                de muitos, que tudo sempre vai ficar do mesmo jeito, o comodismo prevalece. Ver, ouvir, ler e pesquisar com os recursos oferecidos hoje                 tornaram as coisas mais fáceis                . No entanto,         tais, já         foram restristas um dia         a         população. Na época da ditadura, as pessoas não tinham o direito de saber toda a         ""verdade"".', 'Em suma, as propagandas feitas no horário político deveriam ser vistas com mais atenção pelos eleitores. Ser cidadão é participar, apoiar, cumprir com seus direitos e deveres, fazer a diferença.""(...)a diferença não         esta         na ação, mas nos que a realizam.""(Spinoza)']",80,120,80,120,80,480
1207,122,No Brasil a intolerância religiosa assume uma larga escala de forma camuflada.,"['Intolerância religiosa                 não se resume a ações armadas                , a intolerância religiosa é qualquer                 ideologia                ou ação de ódio ou violência direcionada a um indivíduo por causa da sua crença, ou falta de uma crença. E isso é algo que         a         muito tempo faz parte do cotidiano brasileiro de forma ampla e camuflada.', 'A intolerância religiosa é algo presente no Brasil desde o         sec.         XVI, com a repressão das crenças indígenas e se seguiu com a coibição das religiões de origem africana, pois ambas possuíam doutrinas diferentes da religião imposta pelos portugueses.', 'Com o passar do         tempo         foi se disseminando a ideia de que a intolerância religiosa era algo         inapropriado          uma vez que não condiz com o ideal de “liberdade de pensamento” adotado pelas Nações Unidas, então, o que no          sec.          XVI era declarado como normal e plenamente aceito, no          sec.          XXI é malvisto                , no entanto essa mudança de pontos de vista não anulou tais ações, apenas fez com que os seus praticantes camuflassem suas práticas.', 'Agora, o que se encontra no Brasil são inúmeros grupos religiosos de diferentes denominações, que de forma         hipócrita         com a justificativa de liberdade de expressão e opinião, através de um discurso                 implicitamente                intolerante, se atacam entre si, denegrindo a imagem e crença um do outro.']",160,120,80,120,0,480
1228,129,Retrógrado,"['As leis e estatutos definem o que é sociedade, sua organização e                 medidas adotadas                , bem como execução e garantias                 aos direitos. Sociedade essa, fundamentada em entidades          familiares, Pensando-se          nesse conceito familiar obtém-se a ideia básica da união estável entre homem e mulher baseado na lei bíblica, moral e social.         Contudo          união estável é          definido          por lei                  a união entre dois indivíduos de sexos opostos ou do mesmo sexo por meio de casamento.', 'Tendo em vista que algumas leis não acompanham as mutações que ocorre na sociedade ao longo de gerações, sendo falhas,                 obtendo brechas que juridicamente          se torna massivas          os processos empregados em busca do correto para tal indivíduo                . Se                 os direitos humanos dão o direito de ir e vir                , entende-se que ninguém pode se                 subjetivar         a         escolha social ou sexual que o         individuo opte         ,                 coloca-se então o respeito e aceitação advindos do berço familiar, contexto esse definido por lei, assim o retrógrado conota a sociedade.', 'É observável que é          necessário         a atualização das leis e que essas se completem e não se contrariem,                 levando em consideração o que é “novo conceito social, moral e base social”. O processo pode ser          longo          porém que seja certeiro          as          necessidades dos indivíduos,          sejam          esclarecedoras                  e acima de tudo          completas         .']",80,80,80,80,0,320
