index_redacao,score,pred_total,feedback
0,680,740.0,"```

### PASSO 3 - FEEDBACK

**Feedback Construtivo:**

A redação apresenta um bom domínio da norma padrão culta, com uma escrita clara e coerente. Os argumentos são relevantes e bem fundamentados, abordando tanto os impactos da greve dos caminhoneiros quanto as alternativas sustentáveis ao transporte rodoviário. A estrutura do texto é bem organizada, com uma introdução clara, desenvolvimento coerente e uma proposta de intervenção que sugere o investimento em malhas ferroviárias.

No entanto, há alguns aspectos que podem ser melhorados."
1,320,720.0,"```

### PASSO 3 - FEEDBACK:

A redação apresenta uma análise bem fundamentada sobre o projeto de lei que defere a terapia para o tratamento de transtornos de orientação sexual. O texto demonstra um bom domínio da norma padrão da língua portuguesa, com poucas falhas gramaticais e pontuacionais. A estrutura do texto é clara e coerente, facilitando a compreensão do leitor. Os argumentos apresentados são pertinentes e bem organizados, abordando diferentes perspectivas do tema, como a liberdade de escolha e a crítica à visão sensacionalista das redes sociais.

No entanto, há algumas áreas que podem ser melhoradas. A expressão ""homos"
2,80,400.0,"```

### PASSO 3 - FEEDBACK

A redação aborda um tema relevante e atual, mas apresenta várias áreas que precisam de melhoria. Em termos de norma culta, é importante revisar a gramática e a pontuação para evitar erros que comprometem a clareza do texto. Expressões coloquiais devem ser evitadas em favor de um estilo mais formal e preciso.

Em relação à estrutura, a redação carece de uma introdução clara que apresente o tema e uma conclusão que resuma os principais pontos e reforce a mensagem. O desenvolvimento do texto também poderia ser mais organizado, com parágrafos bem definidos e transições suaves entre as ideias.

A argumentação poderia ser mais robusta com a inclusão de exemplos concretos, estat"
3,400,440.0,"```

### PASSO 3 - FEEDBACK

**Feedback Construtivo:**

A redação aborda um tema atual e relevante, o transhumanismo, e apresenta alguns argumentos interessantes. No entanto, há várias áreas que podem ser melhoradas para elevar a qualidade do texto. Em relação à norma culta (C1), é importante revisar a gramática e a pontuação, corrigindo erros de concordância e redundâncias. Por exemplo, a frase ""mais moderna avançada"" poderia ser simplificada para ""mais avançada"".

Quanto à estrutura (C2), a introdução poderia ser mais clara e direta, estabelecendo claramente o tema e a tese. Os parágrafos subsequentes devem ser bem organizados, com transições suaves entre eles. A conclusão, por sua vez, deve oferecer uma síntese dos argumentos e uma proposta concreta, ao invés de ser genérica.

No que diz"
4,520,560.0,"```

### PASSO 3 - FEEDBACK

A redação aborda um tema complexo e relevante, a exploração e a visão internacional sobre a Amazônia, com uma postura crítica e bem fundamentada. No entanto, existem algumas áreas que podem ser melhoradas para elevar a qualidade do texto. Em termos de norma culta, é importante revisar a redação para eliminar erros de concordância, pontuação e repetições desnecessárias. Isso ajudará a tornar o texto mais claro"
5,920,760.0,"```

### PASSO 3 - FEEDBACK

A redação apresenta uma análise bem fundamentada e coerente sobre a relação entre o tráfico de drogas e a violência, abordando aspectos importantes como a proibição, a desigualdade e os impactos econômicos da legalização. O texto é bem estruturado, com uma introdução clara, desenvolvimento consistente e uma conclusão que reforça os principais argumentos. O domínio da norma padrão é excelente, e a coesão entre as ideias é bem executada, facilitando a compreensão do leitor.

No entanto, para melhorar ainda mais a qualidade da redação, seria benéfico incluir uma maior variedade de fontes e uma análise mais aprofundada de alguns aspectos, como a desigualdade social e suas implicações no tr"
6,520,600.0,"```

### PASSO 3 - FEEDBACK

A redação aborda um tema relevante e atual, demonstrando um bom entendimento das manifestações populares no Brasil. O autor utiliza exemplos históricos para ilustrar sua tese, o que é um ponto positivo. No entanto, existem algumas áreas que poderiam ser melhoradas. Em termos de norma culta, a redação apresenta um bom domínio, mas há algumas imprecisões e redundâncias que poderiam ser evitadas. A estrutura do texto"
7,480,400.0,"```

### PASSO 3 - FEEDBACK

A redação aborda um tema relevante e atual, as fake news e seu impacto nas redes sociais e na política. No entanto, existem várias áreas que precisam de melhoria. Em termos de norma culta, a redação apresenta diversos erros gramaticais e de concordância, o que prejudica a clareza e a correção do texto."
8,440,700.0,"```

### PASSO 3 - FEEDBACK

A redação apresenta uma análise crítica e bem fundamentada sobre a argumentação brasileira, demonstrando um bom entendimento do tema. O autor aborda aspectos importantes, como a diferença entre opinião e argumentação, a importância de conhecer conceitos e técnicas, e a necessidade de olhar ampliado sobre diferentes perspectivas. No entanto, existem algumas áreas que poderiam ser melhoradas para elevar ainda mais a qualidade do texto.

Em termos de estrutura, a redação poderia beneficiar-se de uma organização mais clara e definida. Os parágrafos poderiam ser mais bem delimitados, com cada um focado em um único ponto principal. Isso ajudaria a melhorar a fluidez e a coesão do texto. Além disso, a conclusão poderia ser mais robusta, resumindo os principais pontos disc"
9,640,740.0,"```

### PASSO 3 - FEEDBACK

**Feedback Construtivo:**

A redação apresenta um excelente domínio da norma padrão culta, com uma linguagem clara e precisa. A estrutura do texto é bem organizada, permitindo que o leitor siga facilmente o raciocínio da autora. Os argumentos são pertinentes e bem fundamentados, utilizando dados estatísticos e referências teóricas para reforçar a posição defendida. No entanto, alguns argumentos poderiam ser mais desenvolvidos, especialmente no que diz respeito às consequências específicas do aumento do acesso a armas para diferentes grupos sociais, como as mulheres e as comunidades mais vulneráveis."
10,640,620.0,"```

### PASSO 3 - FEEDBACK:

A redação apresenta um bom domínio da norma padrão culta, com poucas falhas gramaticais e de pontuação. No entanto, algumas construções poderiam ser mais fluidas e claras, especialmente nas transições entre os parágrafos. A estrutura do texto é geralmente adequada, mas a transição entre os argumentos poderia ser mais suave, e a conclusão, que está incompleta, prejudica a coesão do texto. É importante garantir que cada parágrafo flua naturalmente para o próximo, mantendo"
11,520,720.0,"```

### PASSO 3 - FEEDBACK

A redação apresenta um bom domínio da norma padrão da língua portuguesa, com gramática e pontuação corretas. A estrutura do texto é lógica e coerente, abordando o tema de forma clara e organizada. Os argumentos são relevantes e bem organizados, explorando tanto os benefícios quanto os malefícios do uso excessivo da internet. No entanto, para melhorar a qualidade da redação, sugere-se aprofundar os argumentos"
12,680,680.0,"```

### PASSO 3 - FEEDBACK

A redação demonstra um bom entendimento do tema das mudanças climáticas e seus impactos, apresentando argumentos relevantes e uma proposta de intervenção clara. O domínio da norma padrão da língua"
13,480,660.0,"```

### PASSO 3 - FEEDBACK

A redação apresenta um bom nível de domínio da"
14,1000,680.0,"```

### PASSO 3 - FEEDBACK

**Feedback Construtivo:**

A redação demonstra um bom domínio da norma padrão culta e uma estrutura clara, com argumentos bem organizados. A crítica ao projeto ""Escola Sem Partido"" é pertinente e bem fundamentada, mostrando uma compreensão sólida do tema. No entanto, há algumas áreas que podem ser melhoradas para elevar ainda mais a qualidade do texto.

Primeiramente, a introdução poderia ser mais contextualizada, fornecendo informações adicionais sobre o cenário político atual e os motivos que levaram à proposta do projeto. Isso ajudaria a situar o leitor e tornaria a tese mais convincente. Além disso, a conclusão poderia ser mais robusta, explicitando as consequências do projeto e reforçando a importância de uma educação"
15,600,560.0,"```

### PASSO 3 - FEEDBACK

A redação aborda um tema relevante e atual, a obesidade e sobrepeso, com uma linguagem clara e objetiva. No entanto, há espaço para melhorias em vários aspectos. Em relação à norma culta, o texto é compreensível, mas apresenta alguns erros gramaticais e de concordância. Recomenda-se revisar a gramática e a pontuação para tornar o texto mais preciso e refinado.

Em termos de estrutura, a redação poderia beneficiar-se de uma organização mais clara, com uma introdução que contextualize o problema, um desenvolvimento que explore os argumentos de forma mais aprofundada e uma conclusão que resuma os pontos principais e reforce a tese. Os argumentos apresentados são válidos, mas poderiam ser mais específicos e apoiados por exemplos concretos ou dados estatísticos para aumentar a credibilidade da argument"
16,600,600.0,"```

### PASSO 3 - FEEDBACK

A redação aborda um tema importante e sensível, o estupro, de forma clara e direta. Você demonstra um bom entendimento do problema e apresenta argumentos relevantes, como a baixa taxa de denúncias e os danos causados às vítimas. No entanto, há espaço para melhorias em vários aspectos. Gramaticalmente, a redação apresenta alguns erros que podem ser corrigidos com revisão cuidadosa, como a concordância verbal e a pont"
17,560,720.0,"```

### PASSO 3 - FEEDBACK

A redação aborda um tema complexo e relevante de forma clara e coesa, demonstrando um bom domínio da norma padrão da língua portuguesa. Os argumentos apresentados são pertinentes e bem organizados, explorando aspectos importantes como a falta de base científica para a ""cura gay"" e a violência enfrentada pela comunidade LGBTQ+. No entanto, há espaço para melhorias. A tese principal poderia ser mais cl"
18,640,640.0,"```

### PASSO 3 - FEEDBACK

A redação demonstra um bom domínio da norma padrão, com uma linguagem clara e coerente. A autora aborda o tema de forma relevante, discutindo aspectos importantes como"
19,440,480.0,"```

### PASSO 3 - FEEDBACK

A redação aborda um tema importante e relevante, os direitos humanos, e apresenta argumentos pertinentes. No entanto, há várias áreas que podem ser melhoradas para elevar a qualidade do texto. Em termos de norma culta, é crucial revisar a gramática, pontuação e vocabulário. Erros como ""subterfúgio"", ""de resolver"" e ""inercial"" podem ser evitados com uma revisão cuidadosa e a utilização de ferramentas de correção ortográfica.

Em relação à estrutura, a introdução poderia ser mais clara e contextualizada, estabelecendo melhor o problema e sua importância. Os parágrafos do desenvolvimento devem ser mais bem articulados, com transições suaves e ideias coerentes."
20,680,560.0,"```

### PASSO 3 - FEEDBACK

A redação demonstra um bom entendimento do tema e apresenta argumentos relevantes sobre a participação popular e a luta contra a corrupção. No entanto, há espaço para melhorias em vários aspectos. Em termos de norma culta, é importante revisar a gramática e a pontuação para evitar erros que podem prejudicar a clareza do texto. A estrutura da redação poderia ser mais organizada, com transições mais fluidas entre os parágrafos e uma conclusão mais robusta que sintetize os pontos principais.

Além disso,"
21,480,560.0,"```

### PASSO 3 - FEEDBACK

A redação aborda um tema complexo e relevante, a situação dos dependentes químicos na Cracolândia, com uma postura crítica e reflexiva. O texto demonstra um entendimento razoável do assunto, mas há espaço para melhorias em vários aspectos. Em termos de norma culta, a redação apresenta alguns erros gramaticais e de pontuação que podem ser corrigidos com revisão cuidadosa. É importante atentar para a concordância verbal e nominal, bem como para a pontuação adequada, para tornar o"
22,1000,720.0,"```

### PASSO 3 - FEEDBACK:

A redação apresenta uma análise bem fundamentada sobre o desinteresse da população brasileira nas eleições e a falta de desenvolvimento do país, apesar de seu potencial. O texto é claro e coeso, demonstrando um bom domínio da norma padrão culta da língua portuguesa. Os argumentos são pertinentes e bem organizados, explorando aspectos importantes da realidade política e social do Brasil.

No entanto, há algumas áreas que podem ser melhor"
23,960,660.0,"```

### PASSO 3 - FEEDBACK

A redação apresenta uma análise bem fundamentada da divisão política no Brasil durante o período eleitoral de 2014 e os protestos subsequentes. O autor demonstra um bom domínio da norma culta, com poucos erros gramaticais e pontuação adequada. A estrutura do texto é coerente, com uma introdução clara e um desenvolvimento que aborda os principais pontos do tema. No entanto, a redação poderia ser mais focada, evitando divagações que podem distrair o leitor do tema central.

Em termos de argumentação, os pontos apresentados são relevantes e bem organizados, mas a redação poderia"
24,680,680.0,"```

### PASSO 3 - FEEDBACK

**Feedback Construtivo:**

A redação aborda o tema da terceirização de forma clara e apresenta argumentos bem fundamentados, utilizando exemplos concretos e relevantes. No entanto, há algumas áreas que podem ser melhoradas para elevar ainda mais a qualidade do texto.

Primeiramente, o domínio da norma culta poderia ser aprimorado. Erros gramaticais e de concordância, como ""Há tempos no Brasil que se tem discutido"", devem ser corrigidos. Além disso, a pontuação deve ser utilizada de forma mais precisa para melhorar a fluidez do texto"
25,520,760.0,"```

### PASSO 3 - FEEDBACK

A redação apresenta um bom domínio da norma padrão da língua portuguesa, com poucas falhas gramaticais e de pont"
26,600,600.0,"```

### PASSO 3 - FEEDBACK

A redação apresenta um bom domínio da norma culta, com poucos erros gramaticais e pontuação adequada. No entanto, há espaço para melhorar a variedade lexical e a precisão na pontuação, especialmente no uso de vírgulas. A estrutura da redação é razoável, mas poderia ser mais clara e organizada. A introdução poderia ser mais elaborada, fornecendo um contexto mais amplo sobre o tema, e a conclusão poderia reforçar melhor os pontos principais discutidos no texto.

Em relação à argumentação, os argumentos apresentados são pertinentes e coerentes, mas carecem de maior profundidade e variedade. A inclusão de exemplos concretos ou dados estatísticos poderia fortalecer"
27,680,480.0,"```

### PASSO 3 - FEEDBACK:

A redação aborda um tema relevante e apresenta argumentos interessantes, mas há espaço para melhorias significativas. Em termos de norma culta, é importante revisar a gramática e a ortografia, corrigindo erros de concordância e pontuação. Isso ajudará a tornar o texto mais claro e profissional. Além disso, a estrutura do texto poderia ser mais organizada, com uma introdução mais clara que estabeleça a tese e parágrafos que desenvolvam cada ponto de forma coerente.

No que diz respeito à argumentação, é fundamental desenvolver cada ponto de forma mais detalhada, fornecendo exemplos concretos e evidências que suportem suas afirmações. A"
28,680,440.0,"```

### PASSO 3 - FEEDBACK

O texto aborda um tema relevante e atual, a influência do capitalismo e da mídia na ditadura da beleza, mas apresenta algumas áreas que precisam de melhoria. Em termos de norma culta, o texto mostra um domínio razoável, mas há espaço para refinamentos, especialmente em relação à pontuação e à clareza das expressões. Revisar o texto para corrigir pequenos erros gramaticais e melhorar a fluidez das frases pode elevar significativamente a qualidade.

No que diz respeito à estrutura, o texto care"
29,800,700.0,"```

### PASSO 3 - FEEDBACK

**Feedback Construtivo:**

A redação aborda o tema da obesidade de forma clara e objetiva, demonstrando um bom domínio da norma padrão da língua portuguesa. Os argumentos apresentados são relevantes e bem fundamentados, destacando a influência do fast food e do sedentarismo. No entanto, há espaço para melhorias. A introdução poderia ser mais elaborada, contextualizando melhor o problema da obesidade no Brasil e no mundo. Além disso, a conclusão poderia ser mais assertiva, reforçando as ideias principais e apresentando uma visão mais clara sobre como as propostas de intervenção podem ser implementadas.

Em relação à argumentação, a redação poderia explorar mais profundamente outras causas e consequências da obesidade, como fatores genéticos,"
30,560,600.0,"```

### PASSO 3 - FEEDBACK

A redação aborda um tema relevante e apresenta argumentos interessantes, mas há espaço para melhorias significativas. Em termos de norma culta, é importante revisar a gramática e a pontuação, corrigindo erros como a concordância verbal e a utilização incorreta de palavras. A estrutura do texto também pode ser aprimorada, estabelecendo uma conexão mais clara entre a citação inicial e o tema central, bem como melhorando a transição entre os parágrafos.

Em relação à argumentação,"
31,440,600.0,"```

### PASSO 3 - FEEDBACK

A redação aborda um tema relevante e atual, demonstrando um bom entendimento do contexto e da importância do direito do consumidor à informação. O autor utiliza argumentos pertinentes e fundamentados, destacando a necessidade de transparência nas informações sobre produtos transgênicos. No entanto, há espaço para melhorias em vários aspectos.

Primeiramente, a norma culta é bem utilizada, mas a redação poderia beneficiar-se de"
32,760,720.0,"```

### PASSO 3 - FEEDBACK

A redação apresenta um bom nível de domínio da norma culta, com"
33,240,680.0,"```

### PASSO 3 - FEEDBACK

A redação aborda o tema do trabalho escravo de forma clara e relevante, demonstrando um bom entendimento do assunto. A estrutura do texto é coerente, com uma introdução que contextualiza o problema, um desenvolvimento que explica as consequências e as vítimas, e uma conclusão que sugere medidas para combater o problema. No entanto, há espaço para melhorias em alguns aspectos. Em relação à norma culta, é importante revisar a gramática e a pontuação, corrigindo erros de conc"
34,560,560.0,"```

### PASSO 3 - FEEDBACK:

**Feedback Construtivo:**

A redação aborda um tema atual e relevante, a criptomoeda, e apresenta argumentos tanto favoráveis quanto contrários. No entanto, existem algumas áreas que podem ser melhoradas para elevar a qualidade do texto. Em relação à norma culta (C1), é importante revisar a redação para corrigir erros de concordância, repetições e pontuação. Isso ajudará a tornar o texto mais claro e profissional.

Em termos de estrutura (C2), a introdução poderia ser mais direta e focada, evitando redundâncias. A transição entre os parágrafos também pode ser aprimorada para garantir uma melhor fluidez. Além disso, a conclusão foi truncada, o que deixou a ideia principal incompleta. É importante finalizar o texto de forma clara e impactante, reforçando a tese"
35,560,568.0,"### PASSO 1 - ANÁLISE

**C1 (Norma Culta):**
A redação apresenta um bom domínio da norma padrão, embora existam alguns erros de concordância e pontuação. Por exemplo, ""há aqueles que ousam, de forma tênue, questionar com ignorância fatos e ações que são os pilares da ciência atualmente."" A frase correta seria ""há aqueles que ousam, de forma tímida, questionar com ignorância fatos e ações que são os pilares da ciência atualmente."" Outro exemplo é ""Nota-se que os internautas, sem qualquer estudo no do assunto, dialogam sobre males causados pela aplicação da vacina,"" onde ""no do"" é redundante. Apesar disso, a redação é compreensível e a linguagem é formal.

**C2 (Tema/Estrutura):**
A redação aborda o tema da desinformação e desconfiança científica de forma clara e coerente. A estrutura segue um padrão lógico, com uma introdução que contextualiza o tema, desenvolvimento que apresenta exemplos específicos (vacinas e teoria da Terra plana), e uma conclusão que reforça a importância de questionar a ciência de forma responsável. No entanto, a redação poderia ser mais elaborada, com uma introdução mais robusta e uma conclusão mais conclusiva.

**C3 (Argumentação):**
Os argumentos apresentados são relevantes e bem fundamentados, utilizando exemplos concretos como a eficácia das vacinas e a teoria da Terra redonda. No entem, a argumentação poderia ser mais detalhada e aprofundada, com mais dados e fontes confiáveis. Além disso, a redação poderia explorar mais profundamente as consequências da desinformação científica.

**C4 (Coesão):**
A coesão da redação é razoável, mas há algumas falhas na pontuação e na concordância que prejudicam a fluidez do texto. Por exemplo, ""há de se concluir que, a que a ciência deve sim ser questionada"" poderia ser melhor escrita como ""há de se concluir que a ciência deve ser questionada."" A repetição de palavras e frases também pode ser reduzida para melhorar a coesão.

**C5 (Proposta de Intervenção):**
A redação não apresenta uma proposta de intervenção clara, com agente, ação, meio e efeito. Embora a conclusão sugira a importância de questionar a ciência de forma responsável, falta uma proposta concreta de como isso pode ser implementado. Uma proposta poderia incluir, por exemplo, a criação de campanhas educativas para combater a desinformação científica.

### PASSO 2 - NOTAS

```json"
36,480,660.0,"```

### PASSO 3 - FEEDBACK

**Feedback Construtivo:**

A redação aborda um tema complexo e relevante de forma clara e coerente. O autor demonstra um bom entendimento do assunto, apresentando argumentos pertinentes e uma proposta de intervenção bem definida. No entanto, há espaço para melhorias em alguns aspectos. Em relação à norma culta, é importante revisar a redação para corrig"
37,600,320.0,"```

### PASSO 3 - FEEDBACK

A redação aborda um tema relevante e interessante, a fé religiosa e seu impacto na vida das pessoas. No entanto, existem várias áreas que precisam de melhoria. Em relação à norma culta (C1), a redação contém erros de concordância, repetições desnecessárias e problemas de pontuação. É importante revisar cuidadosamente o texto para corrigir esses erros e melhorar a clareza e a fluidez.

Em termos de estrutura e adequação ao tema (C2), a redação carece de uma introdução clara e bem definida, além de um desenvolvimento mais organizado e uma conclusão mais elaborada. Os argumentos (C3) são genéricos e pouco desenvolvidos, faltando exemplos concretos e evidências para sustentar as ideias apresentadas. A coesão (C4) também é fraca, com transições entre parágrafos mal definidas e uso inadequado de conectivos"
38,480,520.0,"```

### PASSO 3 - FEEDBACK

**Feedback Construtivo:**

A redação demonstra um bom entendimento do tema e apresenta argumentos relevantes sobre a influência das criptomoedas na economia e na sociedade. O autor mostra uma compreensão sólida das teorias econômicas, como a teoria liberal de John Locke, e faz conexões interessantes com o desenvolvimento tecnológico. No entanto, existem algumas áreas que podem ser melhoradas para elevar a qualidade do texto.

Primeiramente, a norma culta é bem utilizada, mas há algumas repetições e construções confusas que poderiam ser evitadas. Por exemplo, a frase ""uma vez que a diminuição da supervisão governamental torná-las-iam torná-las-ia em investimento de risco"" poderia ser simplificada para ""uma vez que a diminuição da supervisão governamental as tornaria em investimentos de risco"
39,400,600.0,"```

### PASSO 3 - FEEDBACK

A redação apresenta um bom domínio da norma padrão da língua portuguesa, com poucas falhas gramaticais e de pontuação. No entanto, algumas construções poderiam ser mais claras e fluidas, especialmente nas transições entre as ideias. A estrutura do texto é adequada, mas poderia ser mais organizada, com uma tese central mais explícita no início e transições mais claras entre os parágrafos.

Os argumentos apresentados são relevantes e bem fundamentados, mas a organização poderia"
40,600,760.0,"```

### PASSO 3 - FEEDBACK

A redação apresenta um bom domínio da norma culta, com poucos erros gramaticais e uma pontuação adequada. A estrutura do texto é lógica e coerente, abordando o tema de forma clara e objetiva. No entanto, para melhorar a qualidade da redação, seria benéfico investir em uma introdução mais contextualizada, que apresente o tema de forma mais ampla e contextualize o problema social. Além disso, a conclusão poderia ser mais detalhada, reforçando os principais pontos discutidos e ressaltando a importância da proposta de intervenção.

Em termos de argumentação, os pontos levantados são relevantes e bem organizados, mas a redação poderia ganhar"
41,600,760.0,"```

### PASSO 3 - FEEDBACK

A redação aborda o tema ""eu me acho"" de forma pertinente e apresenta uma argumentação sólida sobre a importância da autoavaliação e da aceitação de críticas. O texto é bem estruturado, com uma introdução que contextualiza o tema, um desenvolvimento que explora as causas e consequências"
42,320,400.0,"```

### PASSO 3 - FEEDBACK

**Feedback Construtivo:**

A redação aborda um tema relevante e atual, a imigração venezuelana, mas apresenta algumas limitações que podem ser melhoradas. Em termos de norma culta, é importante revisar a"
43,760,720.0,"```

### PASSO 3 - FEEDBACK

A redação apresenta um bom nível de maturidade e reflexão sobre o tema da liberdade de expressão e sua relação com a proteção da intimidade. O autor demonstra um sólido domínio da norma padrão culta, com uma escrita clara e coesa, o que contribui para a compreensão do texto. A estrutura do texto é bem organizada, com uma introdução que contextualiza o tema, um desenvolvimento que explora diferentes aspectos do conflito legal, e uma conclusão que propõe uma solução.

No entanto, há espaço para melhorias. A argumentação poderia ser mais robusta com a inclusão de mais fontes ou estatísticas para fortalecer os argumentos. Além disso, a proposta de intervenção, embora clara,"
44,400,,Feedback nao disponivel
45,400,560.0,"```

### PASSO 3 - FEEDBACK

A redação aborda um tema relevante e apresenta argumentos bem fundamentados, demonstrando um bom domínio da norma padrão da língua portuguesa. No entanto, há algumas áreas que podem ser melhoradas para elevar a qualidade do texto. Em primeiro lugar, a introdução é confusa e repete informações, o que prejudica a clareza inicial. Recomenda-se reformular a introdução para que ela"
46,720,600.0,"```

### PASSO 3 - FEEDBACK

A redação apresenta um bom domínio da norma padrão culta, com gramática, pontuação e ortografia corretas. No entanto, a repetição de palavras e frases poderia ser evitada para tornar o texto mais variado e fluído. A estrutura do texto é clara, com uma introdução que contextualiza o problema, um desenvolvimento que explora as consequências da crise econômica e a desigualdade no acesso às universidades públicas, e uma conclusão que sugere uma solução. No entanto, a conclusão é incompleta, o que prejudica a coesão e a"
47,440,760.0,"```

### PASSO 3 - FEEDBACK

**Feedback Construtivo:**

A redação apresenta um bom domínio da norma padrão, com argumentos relevantes e bem organizados. A estrutura do texto é coerente, e a proposta de intervenção é clara e bem fundamentada. No entanto, existem alguns aspectos que podem ser melhorados para elevar ainda mais a qualidade do texto.

Primeiramente"
48,200,400.0,"```

### PASSO 3 - FEEDBACK

A redação aborda um tema relevante e atual, a greve dos caminhoneiros, e apresenta uma visão geral dos eventos e suas consequências. No entanto, há espaço para melhorias significativas. Em termos de norma culta, é importante revisar a gramática e a pontuação, corrigindo erros como ""reidivincar"" e ""está"" em vez de ""esta"". Além disso, a utilização de conectores e uma maior variedade lexical podem tornar o texto mais coeso e fluído.

Em relação à estrutura, a redação poderia beneficiar-se de uma organização mais clara, com parágrafos dedicados a diferentes aspectos do tema. Isso ajudaria a desenvolver os argumentos de forma mais detalh"
49,600,740.0,"```

### PASSO 3 - FEEDBACK

A redação apresenta um bom domínio da norma culta da língua portuguesa, com uma escrita clara e coerente. A estrutura do texto é bem organizada, permitindo uma leitura fluida e compreensível. O tema é abordado de forma pertinente, com exemp"
50,320,620.0,"```

### PASSO 3 - FEEDBACK:

A redação aborda um tema relevante e atual, apresentando argumentos bem fundamentados e dados estatísticos que fortalecem a posição do autor. O domínio da norma culta é bom, com poucos erros gramaticais e de pontuação. No entanto, há espaço para melhorias em vários aspectos.

Em termos de estrutura,"
51,520,740.0,"```

### PASSO 3 - FEEDBACK

A redação apresenta um bom nível de domínio da norma padrão culta da língua portuguesa, com uma estrutura clara e coerente. Os argumentos são relevantes e bem organizados, e a proposta de intervenção é clara e bem fundamentada. No entanto, há algumas áreas onde a redação poderia ser aprimorada. Em termos de coesão, a transição entre os parágrafos poderia ser mais fluida, e algumas frases poderiam ser reformuladas para evitar"
52,400,320.0,"```

### PASSO 3 - FEEDBACK

A redação aborda um tema relevante e atual, a pílula do câncer e sua legalização, mas apresenta diversas áreas que precisam de melhorias. Em termos de norma culta, é importante revisar a gramática e a pontuação, evitando gírias e termos inadequados. A estrutura do texto também precisa ser mais clara, com uma introdução que apresente o tema e uma conclusão que resuma os principais argumentos. Os argumentos, embora pertinentes, são superficiais e carecem de fundamentação e exemplos concretos. Para melhorar a coesão, utilize conectores e expressões que ajudem a ligar as ideias, tornando o texto mais fluido"
53,920,680.0,"```

### PASSO 3 - FEEDBACK

**Feedback Construtivo:**

A redação demonstra um bom domínio da norma culta, com uma linguagem clara e coerente. No entanto, há alguns erros gramaticais e de pontuação que podem ser facilmente corrigidos com uma revisão cuidadosa. É importante prestar atenção à concordância verbal e nominal, bem como à pontuação, para melhorar a fluidez do texto.

Em termos de estrutura, a redação está bem organizada, com uma introdução que contextualiza o tema e um desenvolvimento que explora tanto os avanços tecnológicos quanto as barreiras sociais. No entanto, a conclusão poderia ser mais robusta e concreta, reforçando as ideias principais e oferecendo uma reflexão final sobre o tema. Além disso, a argumentação é sólida, mas poderia ser mais detalhada, especialmente em relação aos aspectos sociais e éticos"
54,760,680.0,"```

### PASSO 3 - FEEDBACK

**Feedback Construtivo:**

A redação demonstra um bom domínio da norma padrão culta, com uma linguagem clara e coerente. A estrutura do texto é bem organizada, iniciando com uma citação filosófica e seguindo com exemplos históricos relevantes. A analogia com a roleta do Baú da Felicidade é uma escolha criativa que enriquece a argumentação, tornando-a mais acessível e impactante.

No entanto, há algumas áreas que podem ser melhoradas. Em termos de norma culta, a redação poderia beneficiar-se com uma revisão cuidadosa para"
55,520,760.0,"```

### PASSO 3 - FEEDBACK

A redação apresenta uma discussão relevante e bem fundamentada sobre o mau uso dos direitos humanos no Brasil. O autor demonstra um bom domínio da norma padrão culta, com uma escrita clara e coesa, embora haja algumas imprecisões pontuais que poderiam ser corrigidas, como a falta de concordância e a pontuação. A estrutura"
56,560,720.0,"```

### PASSO 3 - FEEDBACK

A redação apresenta um bom domínio da norma padrão da língua portuguesa, com poucos erros gramaticais e pontuação adequada. No entanto, há pequenas falhas que podem"
57,720,700.0,"```

### PASSO 3 - FEEDBACK

A redação aborda o tema de forma relevante e apresenta argumentos interessantes sobre a importância dos valores pessoais e a pressão social para o sucesso. No entanto, há alguns aspectos que poderiam ser melhorados para elevar a qualidade do texto. Em termos de norma culta, a redação apresenta um bom domínio, mas a presença de erros gramaticais e repetições afeta a clareza e a precisão do texto. É recomendável revisar cuidadosamente o texto para corrigir esses erros e evitar redundâncias.

Em relação à estrutura, a redação segue uma linha de raciocínio coerente, mas a transição entre os parágrafos poderia ser mais fluida. A conclusão, em particular, poderia ser mais clara e direta"
58,400,560.0,"```

### PASSO 3 - FEEDBACK

A redação aborda o tema do foro privilegiado de forma clara e objetiva, demonstrando um entendimento básico do assunto. No entanto, há espaço para melhorias em vários aspectos. Em termos de norma culta, a redação apresenta alguns erros gramaticais e de pontuação que poderiam ser evitados com uma revisão cuidadosa. É importante prestar atenção à pontuação e à utilização correta dos conectores para melhorar a fluidez do texto.

No que diz respeito à estrutura, a redação poderia beneficiar-se de uma organização mais clara e coerente. A introdução é concisa, mas a transição para o desenvolvimento poderia ser mais fluida. Além disso, a conclusão poderia ser mais elaborada, apresentando uma proposta de intervenção mais detalhada e viável. A argumentação é pertinente"
59,560,640.0,"```

### PASSO 3 - FEEDBACK:

**Feedback Construtivo:**

A redação apresenta uma discussão bem fundamentada sobre o corte de verbas das universidades públicas e a desigualdade no acesso à educação superior. O texto é claro e coeso, demonstrando um bom domínio da norma padrão da língua portuguesa. No entanto, há algumas áreas que podem ser melhoradas para elevar ainda mais a qualidade do texto.

Primeiramente, a revisão cuidadosa da redação"
60,720,520.0,"```

### PASSO 3 - FEEDBACK

A redação aborda um tema relevante e atual, destacando a desconfiança nas teorias científicas tanto no passado quanto no presente. A autora utiliza exemplos históricos, como Copérnico, e contemporâneos, como a desconfiança nas vacinas, para ilustrar seu ponto de vista. No entanto, existem algumas áreas que podem ser melhoradas para elevar a qualidade do texto.

Primeiramente, a competência de domínio da norma padrão (C1) precisa ser aprimorada. A redação apresenta várias repetições e erros gramaticais, como ""ele era era"" e ""as pessoas expõe"
61,800,680.0,"```

### PASSO 3 - FEEDBACK

**Feedback Construtivo:**

A redação apresenta uma análise sólida e bem fundamentada sobre a saída de brasileiros do país devido a problemas econômicos, sociais e políticos. O texto é bem estruturado, com uma introdução que contextualiza o tema e um desenvolvimento que explora as causas e consequências de forma clara. O domínio da norma padrão culta é evidente, com poucos erros gramaticais e ortográficos, o que contribui para a qualidade do texto.

No entanto, há alguns pontos que podem ser melhorados. A conclusão foi cortada abruptamente, o que prejudica a finalização do texto e deixa algumas ideias incompletas. É importante garantir que a conclusão seja bem desenvolvida, reforçando os principais argumentos e"
62,400,760.0,"```

### PASSO 3 - FEEDBACK

A redação apresenta um bom domínio da norma culta, com uma linguagem clara e coesa. A estrutura do texto é bem organizada, facilitando a compreensão do leitor. Os argumentos são pertinentes e bem articulados, demonstrando uma compreensão sólida do tema. No entanto, para melhorar a qualidade da redação, seria interessante aprofundar alguns pontos, como a explicação das consequências da má distribuição de transportes e a especificação de como as medidas propostas seriam implementadas. Além disso, a proposta de intervenção poderia ser mais detalhada, incluindo prazos e responsabilidades específicas para cada ação sugerida. Essas melhorias ajudariam a fortalecer ainda mais a argumentação"
63,400,760.0,"```

### PASSO 3 - FEEDBACK

A redação aborda um tema extremamente relevante e sensível, demonstrando um bom entendimento do problema da banalização do assédio e estupro no Brasil. O texto é bem estruturado, com uma introdução que contextualiza o assunto, um desenvolvimento que explora as causas e consequências, e uma conclusão que apresenta soluções. A autora utiliza exemplos concretos, como o caso da adolescente no Rio de Janeiro, para ilustrar a gravidade do problema, o que fortalece a argumentação.

No entanto, há algumas áreas"
64,800,720.0,"```

### PASSO 3 - FEEDBACK

A redação apresenta uma análise bem fundamentada sobre a flexibilização da posse de armas de fogo, abordando diferentes aspectos do tema de forma clara e coerente. O domínio da norma padrão culta é evidente, com uma escrita cuidadosa e sem erros gramaticais significativos. A estrutura do texto é bem organizada, permitindo uma leitura fluida e compreensível.

No entanto, para alcançar uma nota ainda mais alta, seria benéfico incluir exemplos concretos ou dados estatísticos que apoiassem os argumentos apresentados. Isso poderia tornar a argumentação mais robusta e convincente. Além disso, a redação poderia ser"
65,840,720.0,"```

### PASSO 3 - FEEDBACK

A redação apresenta uma análise sólida da cultura do estupro no Brasil, abordando de forma pertinente os aspectos religiosos, artísticos e sociais que contribuem para esse fenômeno. O domínio da norma padrão é bom, com uma gramática e pontuação corretas, embora existam alguns erros menores que poderiam ser evitados com uma revisão mais cuidadosa. A estrutura do texto é coerente, com uma introdução clara, um desenvolvimento bem organizado e uma conclusão que"
66,760,640.0,"```

### PASSO 3 - FEEDBACK

A redação apresenta um bom domínio da norma padrão culta, com uma escrita clara e coesa. Os argumentos são relevantes e bem organizados, abordando de forma consistente os"
67,400,620.0,"```

### PASSO 3 - FEEDBACK

**Feedback Construtivo:**

A redação aborda um tema relevante e atual, a crise no Poder Judiciário, de forma clara e organizada. Você demonstrou um bom entendimento do assunto e utilizou exemplos pertinentes, como a Operação Lava Jato, para fortalecer seus argumentos. No ent"
68,600,720.0,"```

### PASSO 3 - FEEDBACK

A redação apresenta um bom domínio da norma padrão culta, com uma linguagem clara e coerente. A estrutura do texto é bem organizada, permitindo uma leitura fluida e compreensível. Os argumentos são relevantes e bem fundamentados, utilizando dados e exemplos concretos para sustentar as afirmações. No entanto, há espaço para melhorias. A argumentação poderia ser mais robusta, com uma maior variedade de"
69,800,680.0,"```

### PASSO 3 - FEEDBACK

A redação apresenta um bom nível de maturidade e clareza na abordagem do tema do foro privilegiado. O autor demonstra um sólido domínio da norma padrão culta, com uma escrita clara e coesa, o que contribui significativamente para a qualidade do texto. A estrutura da redação é bem definida, com uma introdução que contextualiza o tema, um desenvolvimento que apresenta argumentos de diferentes perspectivas e uma conclusão que sintetiza os pontos principais.

No entanto, a argumentação poderia ser mais robusta. Embora os argumentos apresentados sejam relevantes e bem articulados, a inclusão de exemplos concretos, dados estatísticos ou referências a casos específicos fortaleceria ainda mais a discussão. Além disso, a falta de uma proposta de intervenção clara é um ponto crítico. Para melhorar a nota nesta competência, seria importante sugerir medidas concret"
70,800,720.0,"```

### PASSO 3 - FEEDBACK

A redação apresenta um bom nível de domínio da norma culta, com uma escrita clara e coerente. A autora demonstra uma compreensão sólida do tema, abordando a ""ditadura da beleza"" e seus impactos na sociedade moderna. A utilização de referências filosóficas, como Kant e Platão, enriquece"
71,680,680.0,"```

### PASSO 3 - FEEDBACK

A redação aborda um tema relevante e atual, demonstrando preocupação com a crise ambiental e a situação dos ursos polares na Rússia. A argumentação é consistente e apresenta exemplos concretos, o"
72,440,400.0,"```

### PASSO 3 - FEEDBACK

A redação aborda um tema relevante e importante, a preservação da Amazônia, mas apresenta várias áreas que precisam de melhoria. Em termos de norma culta, é necessário revisar a gramática e a pontuação para evitar erros como a repetição de palavras e a falta de vírgulas em locais adequados. Isso ajudará a tornar o texto mais claro e profissional.

Em relação à estrutura, a redação carece de uma introdução clara e uma conclusão bem definida. É importante organizar melhor os parágrafos, garantindo que cada um trate de um ponto específico e que haja uma transição lógica entre eles. Isso facilitará a compreensão do leitor e fortalecerá a argumentação.

A argumentação poderia ser mais desenvolvida, com exemplos concretos e uma análise mais aprofundada do problema."
73,560,680.0,"```

### PASSO 3 - FEEDBACK

A redação aborda de forma clara e concisa o tema proposto, demonstrando uma boa compreensão do problema dos ursos polares e seus conflitos com a população humana. A estrutura do texto é bem organizada, com uma introdução que contextualiza o problema, um desenvolvimento que apresenta soluções e uma conclusão que reforça a importância das medidas propostas. No entanto, existem alguns aspectos que podem ser melhorados para elevar a qualidade da redação.

Primeiramente, a norma culta da língua portuguesa é geralmente bem utilizada, mas a presença de erros gramaticais, como a repetição de ""ínicio"" e ""extinsão"", e a impropriedade em ""que concentra"" e ""se"
74,160,400.0,"```

### PASSO 3 - FEEDBACK

A redação aborda um tema importante e relevante, a dependência química, e apresenta argumentos que defendem a internação como uma solução. No entanto, há várias áreas que podem ser melhoradas para tornar o texto mais robusto e convincente.

Primeiramente, em relação à norma culta (C1), é fundamental revisar a pontuação, a concordância verbal e a ortografia. Erros como ""morreu"" em vez de ""morrem"" e a falta de pontuação adequada podem prejudicar a clareza do texto. Além disso, a ampliação do vocabulário e a utilização de estruturas gramaticais mais complexas podem enriquecer a redação.

Em termos de estrutura (C2), a introdução poderia ser mais clara e dire"
75,400,760.0,"```

### PASSO 3 - FEEDBACK

A redação apresenta um bom domínio da norma padrão da língua portuguesa, com uma escrita clara e coesa. A estrutura do texto é bem organizada, permitindo que o leitor siga a linha de raciocínio do autor de forma lógica. A argumentação é consistente e apoiada por dados relevantes, o que fortalece a"
76,400,400.0,"```

### PASSO 3 - FEEDBACK

A redação aborda um tema relevante e atual, mostrando preocupação com a situação dos pacientes com câncer e a importância da fosfoetanolamina. No entanto, existem algumas áreas que podem ser melhoradas para tornar o texto mais claro e convincente. Em termos de norma culta, é importante revisar a gramática e a pont"
77,600,600.0,"```

### PASSO 3 - FEEDBACK

A redação aborda um tema importante e relevante, o consumo de drogas e suas consequências, com uma postura crítica e engajada. No entanto, há espaço para melhorias significativas. Em termos de norma culta, é importante revisar a gramática e a concordância, além de optar por um vocabulário mais formal e preciso. A estrutura da redação poderia ser mais clara, com uma introdução que contextualize o tema e uma conclusão que resuma os principais pontos e reforce a proposta de intervenção.

Em relação à argumentação,"
78,480,320.0,"```

### PASSO 3 - FEEDBACK

A redação aborda um tema relevante e atual, o foro privilegiado, mas apresenta algumas áreas que precisam de melhoria. Em termos de norma culta, é importante revisar a gramática, pontuação e ortografia para garantir que o texto seja claro e profissional. Erros como a falta de concordância e pontuação inadequada podem prejudicar a compreensão"
79,560,660.0,"```

### PASSO 3 - FEEDBACK

A redação apresenta um bom domínio da norma padrão da língua portuguesa, com poucos erros gramaticais e uma pontuação adequada. A estrutura do texto é clara e coerente, com uma introdução que apresenta o tema, um desenvolvimento que explora as vantagens da simbologia nos rótulos de alimentos transgênicos, e uma conclusão que resume os principais pontos. No entanto, a redação poderia ser mais elaborada, com uma introdução mais contextualizada e uma conclusão mais"
80,280,400.0,"```

### PASSO 3 - FEEDBACK

**Feedback Construtivo:**

A redação aborda um tema relevante e atual, mas apresenta várias áreas que precisam de melhoria. Em relação à norma culta (C1), é importante revisar a concordância verbal e nominal, bem como a pontuação, para garantir que o texto seja mais claro e coerente. A estrutura do texto (C2) também precisa ser aprimorada. Uma introdução mais clara e objetiva, seguida por um desenvolvimento que explore os argumentos de forma mais aprofundada, e uma conclusão que apresente uma solução concreta, seria mais eficaz.

No que diz respeito à argumentação (C3), é fundamental fornecer exemplos, dados e estatísticas que fortaleçam os argumentos. Isso tornaria a redação mais convincente e persuasiva. Além disso, a"
81,720,720.0,"```

### PASSO 3 - FEEDBACK

A redação apresenta um bom nível de domínio da norma padrão culta, com frases bem construídas e pontuação adequada. No entanto, a falta de um ponto final no último parágrafo e alguns pequenos erros gramaticais podem ser melhorados. Em termos de estrutura, o texto é bem organizado, com uma introdução clara, desenvolvimento coerente e uma conclusão que reforça os principais argumentos. A argumentação é sólida, mas poderia ser fortalecida com exemplos concretos ou dados estatísticos para dar mais peso aos pontos apresentados.

A coesão do texto é boa, com transições claras entre os parágrafos e"
82,760,760.0,"```

### PASSO 3 - FEEDBACK

A redação apresenta um bom nível de domínio da norma padrão culta, com poucos erros gramaticais e de pontuação. No entanto, a repetição de palavras e frases, como ""empresas empresas"" e ""surgir em surgir"", prejudica a clareza e a coesão do texto. É importante revisar o texto cuidadosamente para evitar essas redundâncias.

Em termos de estrutura, a redação segue um padrão lógico e aborda o tema de forma clara. A introdução poderia ser mais elaborada, fornecendo um contexto mais amplo sobre o impacto da tecnologia no mercado de trabalho. Os argumentos apresentados são relevantes e bem organizados, mas a inclusão de exemplos concretos ou estatísticas poderia fortalecer ainda mais a argumentação.

A proposta de intervenção é clara e bem"
83,400,400.0,"```

### PASSO 3 - FEEDBACK

**Feedback Construtivo:**

A redação aborda um tema relevante e atual, destacando a desconfiança na ciência e a propagação de teorias infundadas como a Terra plana. No entanto, há várias áreas que podem ser melhoradas para elevar a qualidade do texto. Em termos de norma culta, é importante revisar o texto para eliminar repetições desnecessárias e corrigir erros de concordância e pontuação. Por exemplo, frases como ""ela tecnologia"" e ""no passado passado"" podem ser simplificadas e tornadas mais claras.

Em relação à estrutura, a redação poderia beneficiar-se de uma organização mais clara e coesa. A introdução é boa, mas o desenvolvimento apresenta redundâncias"
84,520,480.0,"```

### PASSO 3 - FEEDBACK

**Feedback Construtivo:**

A redação aborda um tema relevante e apresenta argumentos interessantes, mas há espaço para melhorias significativas. Em termos de norma culta, é importante revisar a gramática e a pontuação, evitando repetições e erros de concordância. A variedade vocabular também pode ser enriquecida para tornar o texto mais sofisticado.

Quanto à estrutura, a redação poder"
85,1000,720.0,"```

### PASSO 3 - FEEDBACK:

A redação apresenta uma análise crítica e bem fundamentada sobre as cracolândias"
86,440,680.0,"```

### PASSO 3 - FEEDBACK:

**Feedback Construtivo:**

A redação demonstra um bom domínio da norma culta da língua portuguesa, com uma escrita clara e coesa. No entanto, há alguns lapsos gramaticais e de pontuação que podem ser facilmente corrigidos, como a repetição da palavra ""mas"" e a frase incompleta no"
87,480,800.0,"```

### PASSO 3 - FEEDBACK

A redação aborda o tema da escravidão moderna de forma clara e coesa, demonstrando um bom domínio da norma padrão culta. Os argumentos são relevantes e bem organizados, e a proposta de intervenção é clara e bem fundamentada. No entanto, há alguns pontos que merecem atenção para melhorar ainda mais o texto. Primeiramente, a introdução contém uma afirmação equivocada sobre a data"
88,680,760.0,"```

### PASSO 3 - FEEDBACK

A redação apresenta uma análise bem fundamentada sobre a prisão após o julgamento em segunda instância, demonstrando um bom domínio do tema e da norma padrão da língua portug"
89,640,560.0,"```

### PASSO 3 - FEEDBACK

A redação aborda de forma relevante o tema das mudanças tecnológicas e seu impacto no mercado de trabalho. O autor demonstra uma compreensão clara do assunto e apresenta argumentos bem fundamentados, utilizando exemplos concretos como a profissão de ascensorista. No entanto, há algumas áreas que podem ser melhoradas para elevar a qualidade do texto.

Primeiramente, a norma culta da língua portuguesa é importante para garantir a clareza e a precisão da mensagem. A redação apresenta alguns erros gramaticais e de concordância, como ""reduzir recursos, a recursos"" e """
90,480,740.0,"```

### PASSO 3 - FEEDBACK

**Feedback Construtivo:**

A redação demonstra um bom domínio da norma padrão da língua portuguesa, com poucos erros gramaticais e ortográficos. A pontuação é geralmente adequada, embora haja espaço para melhorar a concordância e o uso de vírgulas. É importante revisar cuidadosamente o texto para evitar pequenas imprecisões que podem afetar a clareza e a elegância"
91,520,760.0,"```

### PASSO 3 - FEEDBACK

A redação apresenta um bom domínio da norma padrão da língua portuguesa, com gramática e pontuação corretas. No entanto, a repetição de palavras, como ""dormir dormir,"" poderia ser evitada para melhorar a fluide"
92,480,740.0,"```

### PASSO 3 - FEEDBACK

A redação apresenta um bom nível de domínio da norma padrão da língua portuguesa, com poucos erros gramaticais e uma escrita clara e compreensível. A estrutura do texto é coerente, abordando o tema proposto de forma adequada e apresentando argumentos relevantes e bem organizados. No entanto, há espaço para melhorias,"
93,600,600.0,"```

### PASSO 3 - FEEDBACK:

A redação aborda de forma clara e direta o tema da valorização dos professores e a importância da educação. O autor demonstra um entendimento básico do assunto e apresenta"
94,520,720.0,"```

### PASSO 3 - FEEDBACK

A redação aborda um tema relevante e atual, demonstrando um bom entendimento do assunto. O autor apresenta argumentos equilibrados, considerando tanto os relatos positivos quanto as críticas científicas à fosfoetanolamina sintética. No entanto, há espaço para melhorias em alguns aspectos. Em relação à norma culta, é importante revisar a ortografia e a pontuação, corrigindo erros como ""sócias"" e ""nós"" e utilizando vírgulas e pontos finais de forma mais precisa. Isso contribuirá para uma leitura mais fluida e clara.

Em termos de estrutura, a transição entre os parágrafos poderia ser"
95,560,760.0,"```

### PASSO 3 - FEEDBACK

A redação apresenta um bom nível de escrita, com um domínio satisfatório da norma culta da língua port"
96,640,600.0,"```

### PASSO 3 - FEEDBACK

A redação aborda de forma pertinente o tema da ditadura da beleza, demonstrando uma boa compreensão do assunto e uma preocupação genuína com os impactos negativos dessa pressão social. O autor apresenta argumentos relevantes, como a influência da mídia e os riscos à saúde, mas ess"
97,440,640.0,"```

### PASSO 3 - FEEDBACK

A redação apresenta um bom nível de domínio da norma padrão culta, com algumas falhas pontuais que podem ser corrigidas com revisão cuidadosa. A estrutura do texto poderia ser mais clara, com uma introdução mais definida e uma conclusão"
98,400,400.0,"```

### PASSO 3 - FEEDBACK

A redação aborda um tema relevante e atual, mas apresenta várias áreas que precisam de melhoria. Em termos de norma culta, é importante revisar a gramática e a pontuação para evitar erros que comprometem a clareza do texto. A utilização de uma linguagem mais variada e estruturas sintáticas mais complexas também enriqueceria a redação.

Em relação à estrutura, a introdução deve ser mais clara e apresentar a tese de forma direta. O desenvolvimento precisa ser mais organizado, com parágrafos bem definidos e uma transição lógica entre as ideias. A conclusão deve ser mais elabor"
99,840,640.0,"```

### PASSO 3 - FEEDBACK

A redação apresenta uma discussão clara sobre a eficácia dos colégios militares em comparação com as escolas públicas, destacando a importância da disciplina, da ordem e da autoridade no processo de aprendizagem. O texto é bem estruturado e utiliza a norma culta da língua portuguesa de forma adequada, o que contribui para sua clareza e coerência. No entanto, há espaço para melhorias em alguns aspectos.

Primeiramente, a argumentação poderia ser mais diversificada e aprofundada. Enqu"
100,920,660.0,"```

### PASSO 3 - FEEDBACK

A redação demonstra um bom domínio da norma padrão culta, com poucos erros gramaticais e de pontuação. No entanto, há espaço para melhorias, especialmente na formatação de palavras compostas e na concordância verbal. A estrutura da redação é sólida, com uma introdução que contextualiza o tema e um desenv"
101,720,640.0,"```

### PASSO 3 - FEEDBACK

**Feedback Construtivo:**

A redação apresenta um bom domínio da norma padrão, com poucos erros gramaticais e ortográficos. No entanto, a repetição de palavras e a falta de pontuação adequada podem prejudicar a fluidez do texto. Recomenda-se revisar a redação para corrigir esses pequenos detalhes, utilizando conectores e pontuação de forma mais eficiente.

Em termos de estrutura, a redação segue uma linha lógica e aborda o tema proposto de forma clara. No entanto, a transição entre os parágrafos poderia ser mais fluida, e a conclusão parece incompleta. Sugere-se que"
102,800,760.0,"```

### PASSO 3 - FEEDBACK:

A redação aborda de forma clara e coerente o tema da desinformação e da pós-verdade, demonstrando um bom entendimento do assunto. A autora utiliza exemplos relevantes, como o movimento antivacina, para ilustrar seus argumentos, o que contribui para a força da argumentação. Além disso, a estrutura do texto é bem organizada, com uma introdução que contextualiza o problema, um desenvolvimento que apresenta os principais argumentos e uma conclusão que reforça a importância da verificação de informações.

No entanto, há alguns aspectos"
103,600,640.0,"```

### PASSO 3 - FEEDBACK

**Feedback Construtivo:**

A redação aborda o tema da apropriação cultural de forma clara e relevante, demonstrando um bom domínio da norma padrão da língua portuguesa. A estrutura é simples mas eficaz, com uma introdução que contextualiza o problema, um desenvolvimento que apresenta diferentes perspectivas, e uma conclusão que reforça a importância do respeito cultural. No entanto,"
104,520,640.0,"```

### PASSO 3 - FEEDBACK

**Feedback Construtivo:**

A redação apresenta uma boa compreensão do tema da pós-verdade e suas implicações na sociedade contemporânea. O uso de exemplos concretos, como o movimento terraplanista, fortalece a argumentação e torna o texto mais convincente. No entanto, existem algumas áreas que podem ser melhoradas para elevar a qualidade do texto.

Primeiramente, a norma padrão culta é bem utilizada, mas a presença de redundâncias e imprecisões gramaticais, como ""tendem tende"" e ""alcançou alcançando,"" pode ser evitada com uma revisão cuidadosa. Além disso, a pontuação poderia ser mais precisa para melhorar a clareza e a flu"
105,560,760.0,"```

### PASSO 3 - FEEDBACK

**Feedback Construtivo:**

A redação aborda o tema de forma clara e coesa, demonstrando um bom domínio da norma padrão da língua portuguesa. No entanto, existem alguns pontos que podem ser melhorados para elevar a qualidade do texto. Em relação à norma culta (C1), é importante revisar a concordância verbal e nominal, evitando repetições desnecessárias e corrigindo erros de pontuação. Por exemplo, a frase ""anos foi"" poderia ser reescrita como ""anos se tornou"", e a repetição de ""causa causam"" pode ser simplificada para ""causam"".

Em termos de argumentação (C3), o texto apresenta argumentos relevantes e bem organizados, mas poderia ser mais específico e detalhado. Incluir dados estatísticos, estudos científicos ou exemplos concretos de outras regiões onde o problema ocorre poderia fortalecer a argumentação. Além disso, a"
106,840,700.0,"```

### PASSO 3 - FEEDBACK

A redação apresenta um bom nível de maturidade e conhecimento sobre o tema do foro por prerrogativa de função. O texto é bem estruturado, com uma introdução clara, desenvolvimento coerente e uma conclusão que reforça os principais argumentos. A norma padrão culta é bem dominada, e os mecanismos coesivos são utilizados de forma eficiente, garantindo a fluidez do texto.

No entanto, há espaço para melhorias. A introdução poderia ser mais contextualizada, oferecendo uma breve explicação sobre o que é o foro privilegiado e por que ele é importante. Isso ajudaria a situar o leitor e tornaria a redação mais acessível. Além disso, a argumentação poderia ser mais aprofundada, com uma análise mais detalhada de cada ponto, incl"
107,480,420.0,"```

### PASSO 3 - FEEDBACK

A redação aborda um tema relevante e apresenta argumentos importantes sobre os impactos dos alimentos transgênicos na saúde humana e no meio ambiente. No entanto, existem algumas áreas que precisam de melhorias. Em relação à norma culta, é necessário revisar a gramática e a pontuação, evitando repetições desnecessárias e corrigindo erros de concordância. A estrutura da redação poderia ser mais clara, com uma introdução mais elaborada e uma conclusão que sintetize os principais pontos discutidos. Além disso, a coes"
108,720,720.0,"```

### PASSO 3 - FEEDBACK

A redação apresenta um bom nível de maturidade e reflexão"
109,800,640.0,"```

### PASSO 3 - FEEDBACK

A redação apresenta um bom nível de domínio da norma padrão da língua portuguesa, com uma escrita clara e coesa. No entanto, há espaço para melhorias, especialmente em relação à pontuação e à variedade lexical. A estrutura da redação é coerente, mas poderia ser mais organizada, com pará"
110,960,760.0,"```

### PASSO 3 - FEEDBACK

A redação apresenta uma análise bem fundamentada sobre os padrões de beleza e sua influência na vida dos indivíduos. O autor demonstra um bom domínio da norma culta, utilizando um vocabulário adequado e variado, o que contribui para a qualidade do texto. A estrutura do texto é coerente, com uma introdução"
111,640,600.0,"```

### PASSO 3 - FEEDBACK

**Feedback Construtivo:**

A redação aborda de forma relevante o tema da desinformação e manipulação de informações nas eleições, demonstrando um bom entendimento do assunto. O autor utiliza argumentos pertinentes e exemplos concretos para sustentar sua tese, o que é um ponto positivo. No entanto, há espaço para melhorias em vários aspectos. Em termos de norma culta, a redação apresenta um domínio razoável da língua portuguesa, mas a variedade vocabular"
112,440,400.0,"```

### PASSO 3 - FEEDBACK

A redação aborda um tema complexo e relevante, o impeachment da presidente Dilma Rousseff, mas apresenta várias áreas que precisam de melhoria. Em relação à norma culta, é importante revisar a gramática e a pontuação para evitar erros que comprometem a clareza do texto. A estrutura do texto também precisa ser mais organizada, com uma introdução clara que estabeleça o contexto, um desenvolvimento bem articulado e uma conclusão que sintetize os principais pontos.

No que diz respeito à argumentação, é fundamental apresentar argumentos de forma mais organizada e profunda, fornecendo exemplos concretos e explicando melhor as rel"
113,440,560.0,"```

### PASSO 3 - FEEDBACK

A redação aborda um tema relevante e atual, destacando a importância da argumentação e do respeito às diferenças. O autor demonstra um bom entendimento do assunto, utilizando exemplos pertinentes e contextualizados. No entanto, há espaço para melhorias em vários aspectos.

Em relação à norma culta, é importante revisar a gramática e a concordância para evitar erros que podem comprometer a clareza do texto. A estrutura da redação é geralmente adequada, mas a transição entre os parágrafos poderia ser mais fluida"
114,720,720.0,"```

### PASSO 3 - FEEDBACK

A redação apresenta uma discussão bem fundamentada sobre as criptomoedas, abordando tanto os aspectos positivos quanto os negativos da sua implementação. O texto é claro e coeso, demonstrando um bom domínio da norma padrão, embora haja alguns erros gramaticais e de concordância que poderiam ser corrigidos. A estrutura do texto é"
115,680,680.0,"```

### PASSO 3 - FEEDBACK

A redação apresenta um bom domínio da norma padrão da língua portuguesa, com poucos erros gramaticais e uma pontuação adequada. A estrutura do texto é clara e coerente, abordando o tema da greve dos caminhoneiros e o apoio popular ao movimento. No entanto, a introdução poderia ser mais robusta, fornecendo um contexto mais amplo e detalhado sobre a situação dos caminhoneiros no Brasil. Além disso, a conclusão poderia ser mais elaborada, reforçando a tese principal e oferecendo reflexões finais sobre"
116,520,780.0,"```

### PASSO 3 - FEEDBACK

A redação apresenta um bom domínio da norma padrão da língua portuguesa, com gramática, pontuação e ortografia corretas. O texto é claro e coerente, mas há espaço para refinamentos na expressão, tornando-o ainda mais fluido e elegante. A estrutura do texto é bem organizada"
117,480,400.0,"```

### PASSO 3 - FEEDBACK

**Feedback Construtivo:**

A redação aborda um tema relevante e atual, a preservação da Floresta Amazônica, e apresenta algumas ideias importantes. No entanto, há espaço para melhorias significativas em vários aspectos. Em relação à norma culta (C1), é fundamental revisar a ortografia, concordância e pontuação. Erros como ""políticas norte"" e """
118,240,400.0,"```

### PASSO 3 - FEEDBACK

**Feedback Construtivo:**

A redação aborda um tema relevante e atual, os agrotóxicos, mas apresenta várias áreas que precisam de melhorias. Em relação à **norma culta**, é importante revisar a gramática e a ortografia, corrigindo erros de concordância e pontuação. A repetição de palavras e expressões também deve ser evitada para tornar o texto mais fluido e claro.

No que diz respeito à **estrutura**, a introdução precisa ser mais clara e objetiva, apresentando a tese de forma direta. O desenvolvimento deve organizar as ideias de maneira lógica, utilizando exemplos e dados para fortalecer os argumentos. A conclusão, por sua vez, deve apresent"
119,720,720.0,"```

### PASSO 3 - FEEDBACK

A redação apresenta um bom domínio da norma padrão da língua portuguesa, com uma linguagem clara e vocabulário apropriado. A estrutura"
120,440,420.0,"```

### PASSO 3 - FEEDBACK

A redação demonstra um bom domínio da norma padrão da língua portuguesa, com algumas falhas pontuais que"
121,160,680.0,"```

### PASSO 3 - FEEDBACK

A redação apresenta um bom domínio da norma padrão da língua portuguesa, com pontuação e ortografia adequadas. No entanto, há espaço para melhorar a fluidez e a clareza das construções linguísticas, especialmente nas transições entre os parágrafos. A estrutura do texto é coerente, mas a transição entre os argumentos poderia ser mais fluida, e a conclusão poderia oferecer uma reflexão mais profunda sobre o tema.

Os argumentos apresentados são relevantes e contribuem para o desenvolvimento do tema, mas a organização poderia ser mais clara. A autora poderia explorar mais profundamente as consequências e os impact"
122,520,660.0,"```

### PASSO 3 - FEEDBACK

**Feedback Construtivo:**

A redação aborda de forma relevante o tema das redes sociais e suas implicações negativas, especialmente durante as eleições. Os argumentos apresentados são consistentes e demonstram uma boa compreensão do assunto. No entanto, há algumas áreas que podem ser melhoradas para elevar a qualidade do texto.

Primeiramente, é importante revisar a"
123,560,680.0,"```

### PASSO 3 - FEEDBACK

**Feedback Construtivo:**

A redação demonstra um bom domínio da norma padrão culta, com uma linguagem clara e coerente. No entanto, a presença de repetições desnecessárias, como ""tem têm"" e ""que que"", pode ser evitada com uma revisão cuidadosa. Além disso, a pontuação poderia ser melhor utilizada para aumentar a clareza e a fluidez do texto.

A estrutura do texto é bem organizada, iniciando com um contexto histórico e evoluindo para a situação atual. Os argumentos são bem selecionados e apresentados de forma lógica, destacando as consequências das ações humanas sobre o meio ambiente e os animais selvagens. No entanto, a conclusão está incompleta, o que prejudica a coesão final do texto. Uma conclusão"
124,360,640.0,"```

### PASSO 3 - FEEDBACK

A redação demonstra um bom domínio da norma padrão culta, com uma escrita clara e coesa. Os argumentos apresentados são relevantes e abordam adequadamente os riscos à saúde e ao meio ambiente associados aos alimentos transgênicos. No entanto, para melhorar a qualidade do texto, seria benéfico incluir uma variedade maior de fontes e exemplos concretos que fortaleçam os pontos levantados. Além disso, a articulação entre os argumentos poderia ser mais fluid"
125,760,720.0,"```

### PASSO 3 - FEEDBACK:

A redação apresenta uma análise crítica e bem fundamentada sobre os padrões de beleza impostos pela sociedade, demonstrando um bom domínio da norma culta e uma estrutura coerente. A autora utiliza exemplos relevantes e argumentos convincentes para defender sua tese, o que contribui para a qualidade do texto. No entanto, há espaço para melhorias. A pontuação poderia ser mais cuidadosa, especialmente em relação à utilização de vírgulas, o que melhoraria a clareza e a fluidez do texto. Além disso, a argumentação poderia ser mais aprofundada, explorando mais detalhadamente as consequências psicológicas e sociais dos padrões de beleza. A prop"
126,720,760.0,"```

### PASSO 3 - FEEDBACK

A redação apresenta um bom nível de domínio da norma padrão da língua portuguesa, com clareza e coesão em sua maioria. No entanto, há alguns erros de concordância e pontuação que poderiam ser corrigidos para melhorar ainda mais a qualidade do texto. Por exemplo, a frase ""Seu método conhecido como Maiêutica, onde estimulava a população ateniense a conceber confront"
127,320,400.0,"```

### PASSO 3 - FEEDBACK:

**Feedback Construtivo:**

A redação aborda um tema relevante e atual, os direitos humanos no Brasil, mas apresenta algumas áreas que precisam de melhoria. Em termos de norma culta, é importante revisar a gramática e a pontuação para evitar erros que comprometem a clareza do texto. Por exemplo, a utilização correta de vírgulas e pontos finais, além da eliminação de caracteres desnecessários, faria a diferença.

Em relação à estrutura, a organização das ideias poderia ser mais clara e coerente. Tente dividir o texto em parágrafos bem definidos, cada um com uma ideia principal, e use conectivos para facilitar a transição entre eles. Isso ajudará a tornar o texto mais fluido e fácil de entender.

No que diz respeito à"
128,200,320.0,"```

### PASSO 3 - FEEDBACK

A redação aborda o tema da imigração, mas apresenta várias áreas que podem ser melhoradas. Em termos de norma culta, há um domínio básico da língua portuguesa, mas a presença de erros gramaticais e de pontuação sugere a necessidade de revisão e aprimoramento. Além disso, a variedade vocabular poderia ser enriquecida para tornar o texto mais sofisticado.

Em relação à estrutura, a redação carece de uma introdução clara, um desenvolvimento coerente e uma conclusão que feche o texto de forma satisfatória. As ideias apresentadas são dispersas e não há uma progressão lógica, o que dificulta a compreensão do leitor. Para melhorar, seria útil organizar as ideias em parágrafos bem definidos, cada um com um foco específico.

A argumentação também pode ser aprimorada. Os argumentos apresentados são gerais e superficiais, faltando exemplos"
129,960,680.0,"```

### PASSO 3 - FEEDBACK

A redação apresenta um bom nível de domínio da norma padrão culta, com uma linguagem clara e coerente. Os argumentos são bem fundamentados e equilibrados, explorando tanto os benefícios quanto os potenciais malefícios da disciplina militar nas escolas. A estrutura do texto é organizada, facilitando a compreensão do leitor. No entanto, há espaço para melhorias. A introdução poderia ser mais elaborada, fornecendo um contexto mais amplo sobre o tema. Além disso, alguns argumentos poderiam ser mais detalhados e exemplificados para fortalecer a argumentação. Em termos de coesão, algumas transições entre os parágrafos poderiam ser mais suaves para melhorar a fluidez do texto. Finalmente, a redação poderia beneficiar-se com"
130,680,400.0,"```

### PASSO 3 - FEEDBACK:

A redação aborda um tema relevante e atual, a imigração e emigração, relacionando-o à busca por melhores condições econômicas. No entanto, existem várias áreas que precisam de melhorias. Em relação à norma culta, é importante revisar a gramática e a pontuação para evitar erros que comprometem a clareza"
131,400,480.0,"```

### PASSO 3 - FEEDBACK:

**Feedback Construtivo:**

A redação aborda um tema relevante e atual, o desemprego, e apresenta alguns pontos importantes, como a influência da revolução tecnológica e a migração rural-urbana. No entanto, há várias áreas que podem ser melhoradas para elevar a qualidade do texto. Em termos de norma culta, é crucial revisar a gramática, especialmente a concordância verbal e nominal, e a pontuação. Erros como ""redução no numero de ofertas de empregos"" e ""mercado de trabalhos"" devem ser corrigidos para garantir a cl"
132,600,720.0,"### PASSO 1 - ANÁLISE

**C1 (Norma Culta):**
A redação apresenta um bom domínio da norma padrão da língua portuguesa. A gramática e a pontuação são, em geral, corretas, embora haja algumas falhas menores, como a falta de espaço após a vírgula em ""decorrido da ausência da eficiência de suas condutas,"" e a utilização incorreta de ""denota-se"" em vez de ""denota-se"". Além disso, a expressão ""visão atingir"" deveria ser ""visam atingir"". Apesar desses pequenos erros, a redação mantém uma boa clareza e coesão.

**C2 (Tema/Estrutura):**
A redação aborda o tema da liberdade de expressão e manifestação de forma adequada. A estrutura segue um padrão lógico, com uma introdução que contextualiza o tema, desenvolvimento que explora as causas da diminuição das manifestações, e uma conclusão que propõe soluções. No entanto, a transição entre os parágrafos poderia ser mais fluida, e a introdução poderia ser mais concisa e direta.

**C3 (Argumentação):**
Os argumentos apresentados são relevantes e bem organizados. A redação discute a importância da liberdade de expressão, a repressão policial e o desprezo da administração pública, fornecendo exemplos e referências, como a citação de Nelson Mandela. No entanto, a argumentação poderia ser mais robusta com a inclusão de dados estatísticos ou exemplos concretos para fortalecer os pontos apresentados.

**C4 (Coesão):**
A redação utiliza mecanismos de coesão de forma adequada, mas há algumas falhas que prejudicam a fluidez do texto. Por exemplo, a frase ""denota-se uma diminuição dessas condutas, na contemporaneidade;"" poderia ser reformulada para melhorar a clareza. Além disso, a repetição de termos como ""manifestações"" e ""sociedade"" poderia ser evitada para tornar o texto mais variado e dinâmico.

**C5 (Proposta de Intervenção):**
A proposta de intervenção é clara e bem fundamentada, sugerindo a disseminação da esperança e a promoção de segurança nas manifestações. No entanto, a proposta poderia ser mais específica, indicando agentes, ações, meios e efeitos mais concretos. Por exemplo, poderia sugerir a criação de canais de comunicação entre manifestantes e autoridades, ou a implementação de treinamentos para a polícia em técnicas de mediação de conflitos.

### PASSO 2 - NOTAS

```json"
133,720,600.0,"```

### PASSO 3 - FEEDBACK

A redação apresenta um bom domínio da norma padrão culta da língua portuguesa, com uma pontuação e concordância gramatical adequadas. No entanto, a falta de um ponto final no último parágrafo poderia ser corrigida para melhorar a apresentação. A estrutura do texto é razoável, mas poderia ser mais organizada, com uma introdução mais clara e uma conclusão mais robusta que sintetize os principais pontos discutidos.

Os argumentos apresentados são pertinentes e bem fundamentados, mas a argumentação poderia ser mais desenvolvida. A inclusão de exemplos concretos ou estatísticas para ilustrar os pontos discutidos fortaleceria a argumentação. Além"
134,520,740.0,"```

### PASSO 3 - FEEDBACK

**Feedback Construtivo:**

A redação aborda um tema relevante e atual, a desvalorização dos professores no Brasil, de forma clara e coerente. O domínio da norma padrão da língua portuguesa é satisfatório, com poucas falhas que não comprometem a compreensão do texto. A estrutura do texto é bem organizada, com uma introdução que contextualiza o problema, um desenvolvimento que apresenta argumentos sólidos e uma conclusão que sugere uma solução viável.

No entanto, há algumas áreas que podem ser melhoradas. Em termos de coesão, a utilização de mais conectores e expressões de transição poderia tornar a transição entre os parágraf"
135,600,720.0,"```

### PASSO 3 - FEEDBACK

A redação apresenta um bom domínio da norma padrão da língua portuguesa, com uma estrutura clara e argumentos bem fundamentados. A utilização de dados de fontes confiáveis, como a ONU e o IBGE, fortalece a argumentação e dá credibilidade ao texto. No entanto, há margem para melhorias. A introdução poderia ser mais contextualizada, oferecendo um panorama mais amplo do problema do tráfico de drogas nas comunidades brasileiras. Além disso, a argumentação poderia ser mais detalhada, explorando mais profundamente as causas e consequências do tráfico, bem como as dinâmicas sociais e econômicas envolvidas.

Em relação à coesão, a redação utiliza mecanismos de coesão de forma adequada, mas algumas transições entre os parágrafos poderiam ser mais suaves para melhorar a fluidez do texto"
136,880,720.0,"```

### PASSO 3 - FEEDBACK

**Feedback Construtivo:**

A redação apresenta uma análise bem fundamentada sobre a apropriação cultural, demonstrando um bom entendimento do tema e uma argumentação sólida. A autora utiliza exemplos históricos e contemporâneos de forma eficaz, o que enriquece o texto e fortalece os argumentos apresentados. No entanto, existem alguns aspectos que podem ser melhorados para elevar ainda mais a qualidade da redação.

Em relação à norma culta, a redação contém erros de concordância e acentuação que, embora não comprometam a compreensão do"
137,760,720.0,"```

### PASSO 3 - FEEDBACK

A redação apresenta um bom nível de domínio da norma padrão da língua portuguesa, com uma escrita clara e coerente. Os argumentos são relevantes e bem organizados, e a estrutura do texto é adequada ao tema proposto. No entanto, há espaço para melhorias. Em termos de vocabulário e variedade de estruturas linguísticas, a redação poderia ser enriquecida com termos mais específicos e expressões mais sofisticadas. Além disso, a transição entre os parágrafos poderia ser mais fluida, evitando repetições e redundâncias.

A argumentação é sólida, mas poderia"
138,400,400.0,"```

### PASSO 3 - FEEDBACK

A redação aborda um tema relevante e atual, o preconceito contra homossexuais, mas apresenta várias áreas que precisam de melhoria. Em termos de norma culta, é importante revisar a gramática e a pontuação para evitar erros que comprom"
139,800,720.0,"```

### PASSO 3 - FEEDBACK

A redação apresenta um bom domínio da norma padrão culta, com uma linguagem clara e coesa. O autor aborda o tema de forma pertinente, destacando a importância do professor na sociedade e a necessidade de valorização da profissão. A estrutura do texto é bem organizada, com uma introdução que contextualiza o problema, um desenvolvimento que apresenta argumentos sólidos e uma conclusão que reforça a tese principal.

No entanto, para alcançar uma nota ainda mais alta, seria benéfico aprofundar os argumentos, fornecendo exemplos mais específicos e detalhados. Além disso, a coesão interna das frases poderia ser melhorada, tornando o texto ainda mais fluido. A proposta de intervenção, embora clara, poderia ser mais detalhada, incluindo agentes específicos, ações con"
140,680,720.0,"```

### PASSO 3 - FEEDBACK:

**Feedback Construtivo:**

A redação apresenta uma discussão bem fundamentada sobre os impactos da desinformação na sociedade, demonstrando um bom domínio da norma culta e uma estrutura coerente. Os argumentos são relevantes e bem organizados, com exemplos concretos que fortalecem a argumentação. No entanto, há algumas áreas que podem ser melhoradas para elevar ainda"
141,680,660.0,"```

### PASSO 3 - FEEDBACK

**Feedback Construtivo:**

A redação demonstra um bom domínio da norma padrão culta da língua portuguesa, com poucos erros gramaticais e uma pontuação adequada. No entanto, há espaço para melhorar a clareza e a elegância das construções linguísticas. Por exemplo, frases como ""Como haverá melhoria se tirará Artes que predispõe no o aluno senso crítico"" poderiam ser reformuladas para maior precisão e fluidez.

Em termos de estrutura, a redação aborda o tema de forma coerente, mas poderia beneficiar-se de uma introdução"
142,1000,760.0,"### PASSO 1 - ANÁLISE

**C1 (Norma Culta):**
A redação apresenta um bom domínio da norma padrão da língua portuguesa. A gramática e a pontuação são utilizadas de forma correta, embora haja alguns pequenos erros de concordância e pontuação. Por exemplo, a frase ""Nós, cidadãos, devemos ficar bastante atentos às informações que nos é passada"" deveria ser ""Nós, cidadãos, devemos ficar bastante atentos às informações que nos **são** passadas"". Além disso, a falta de um ponto final no último parágrafo é um detalhe que deve ser corrigido.

**C2 (Tema/Estrutura):**
A redação aborda o tema das notícças falsas e suas implicações nas eleições presidenciais de forma clara e coerente. A estrutura do texto é bem organizada, com uma introdução que contextualiza o problema, desenvolvimento que apresenta exemplos concretos e uma conclusão que sugere medidas para combater o problema. No entanto, a redação poderia ser mais elaborada, com uma introdução mais robusta e uma conclusão mais conclusiva.

**C3 (Argumentação):**
A argumentação é consistente e bem fundamentada, com exemplos relevantes e atuais, como a eleição de Donald Trump e o impeachment de Dilma Rousseff. Os argumentos são apresentados de forma lógica e sequencial, contribuindo para a compreensão do tema. No entanto, a redação poderia beneficiar-se de uma maior variedade de fontes e de uma análise mais aprofundada dos mecanismos que permitem a disseminação de notícias falsas.

**C4 (Coesão):**
O texto utiliza mecanismos coesivos de forma adequada, como conectores e referências anafóricas, o que contribui para a fluidez e a clareza do texto. No entanto, há algumas lacunas que poderiam ser preenchidas com mais transições entre as ideias, especialmente entre os parágrafos, para tornar a leitura ainda mais fluida.

**C5 (Proposta de Intervenção):**
A redação apresenta uma proposta de intervenção clara, sugerindo que os cidadãos verifiquem as fontes das notícças e utilizem plataformas de checagem de informações. No entanto, a proposta poderia ser mais específica, indicando agentes responsáveis pela implementação das ações, como governos, organizações não-governamentais ou plataformas de mídia social. Além disso, seria benéfico mencionar os efeitos esperados dessas ações.

### PASSO 2 - NOTAS

```json"
143,520,616.0,"### PASSO 1 - ANÁLISE

**C1 (Norma Culta):**
A redação apresenta um bom domínio da norma padrão culta. A escrita é clara e coesa, com poucos erros gramaticais. No entanto, existem algumas imprecisões na pontuação e na concordância, como a falta de vírgula após ""Em primeiro instante"" e a ausência de um ponto final no último parágrafo. Além disso, a expressão ""faz parte da sua identidade nacional"" poderia ser reformulada para maior clareza.

**C2 (Tema/Estrutura):**
A redação aborda o tema proposto de forma adequada, discutindo a falta de investimento e a falta de responsabilidade individual na preservação de patrimônios históricos. A estrutura segue um padrão lógico, com uma introdução clara, desenvolvimento coerente e uma conclusão que apresenta propostas de intervenção. No entanto, a transição entre os parágrafos poderia ser mais fluida, e a conclusão poderia ser mais elaborada.

**C3 (Argumentação):**
Os argumentos apresentados são relevantes e bem organizados. A autora utiliza exemplos concretos, como a redução de verbas para o Museu Nacional do Rio de Janeiro, para ilustrar a falta de investimento. Além disso, a referência à obra de Machado de Assis é pertinente para discutir a falta de responsabilidade individual. No entanto, a argumentação poderia ser mais aprofundada, com uma análise mais detalhada dos impactos da falta de investimento e da falta de responsabilidade.

**C4 (Coesão):**
A redação utiliza mecanismos de coesão de forma adequada, como conectores e pronomes, para garantir a fluidez do texto. No entanto, existem alguns momentos em que a coesão poderia ser melhorada, como a transição entre os parágrafos e a repetição de termos que poderiam ser substituídos por sinônimos para evitar redundâncias.

**C5 (Proposta de Intervenção):**
A proposta de intervenção é clara e bem fundamentada. A autora sugere que o Governo Federal forneça recursos financeiros suficientes para a manutenção e segurança dos patrimônios, com o apoio de secretarias, ministérios e instituições de ensino. Além disso, propõe a adoção de aulas semanais nas escolas voltadas para a formação de virtudes como autonomia, responsabilidade e cidadania. No entanto, a proposta poderia ser mais específica, indicando, por exemplo, como essas aulas seriam implementadas e quais seriam os agentes responsáveis por sua execução.

### PASSO 2 - NOTAS

```json"
144,200,560.0,"```

### PASSO 3 - FEEDBACK

A redação aborda um tema relevante e atual, a transição política no Brasil, com um bom nível de domínio da norma padrão da língua portuguesa. No entanto, há espaço para melhorias em diversos aspectos. Em relação"
145,240,560.0,"```

### PASSO 3 - FEEDBACK

A redação aborda um tema relevante e atual, os alimentos transgênicos, com uma perspectiva equilibrada que considera tanto os benefícços quanto os riscos associados. No entanto, há espaço para melhorias em vários aspectos. Em termos de norma culta, o texto apresenta alguns erros gramaticais e de"
146,520,600.0,"```

### PASSO 3 - FEEDBACK

**Feedback Construtivo:**

A redação aborda um tema relevante e complexo, a imigração, com uma boa compreensão do contexto histórico e atual. Você demonstrou um bom domínio da norma padrão, embora haja alguns erros gramaticais e de concordância que podem ser corrigidos com revisão cuidadosa. A estrutura da redação poderia"
147,440,740.0,"```

### PASSO 3 - FEEDBACK

A redação apresenta um bom domínio da norma padrão da língua portuguesa, com poucos erros de concordância e regência. A estrutura do texto é coerente, abordando o tema de forma clara e organizada. No entanto, há"
148,480,600.0,"```

### PASSO 3 - FEEDBACK

A redação aborda um tema complexo e relevante, demonstrando uma compreensão razoável do assunto. O texto apresenta argumentos pertinentes e uma proposta de intervenção clara, mas há espaço para melhorias em vários aspectos. Em relação à norma culta, é importante revisar a gramática e a pontuação para evitar erros e melhorar a clareza. A estrutura do texto poderia ser mais organizada, com transições mais suaves entre os parágrafos e uma tese central mais explícita.

No que"
149,600,640.0,"```

### PASSO 3 - FEEDBACK

A redação aborda um tema relevante e atual, a busca pela beleza perfeita através de cirurgias plásticas, com exemplos concretos e uma estrutura clara. O domín"
150,680,600.0,"```

### PASSO 3 - FEEDBACK

**Feedback Construtivo:**

A redação aborda um tema relevante e atual, demonstrando um bom entendimento da situação política do Brasil. O domínio da norma padrão da língua portuguesa é satisfatório, com poucas falhas gramaticais e de concordância. No entanto, há espaço para melhorias na variedade vocabular e na complexidade das estruturas frasais, o que poderia enriquecer ainda mais o texto.

Em termos de estrutura, a redação poderia beneficiar-se de uma organização mais clara e coerente. A transição entre os parágrafos poderia ser mais fluida, e a conclusão, que está incompleta, deve ser revisada para fechar o texto de maneira mais satisfatória. Além disso,"
151,480,600.0,"```

### PASSO 3 - FEEDBACK:

A redação aborda o tema do foro privilegiado de forma clara e relevante, demonstrando um bom domínio da norma padrão da língua portuguesa. Os argumentos apresentados são pertinentes e bem organizados, destacando a demora nas decisões judiciais e o número excessivo de cargos com foro privilegiado. No entanto, a redação é truncada no final, o que prejudica a conclusão e a coesão do texto. Para melhorar, sugiro que você complete a última ideia, garantindo que a proposta de"
152,400,320.0,"```

### PASSO 3 - FEEDBACK:

A redação aborda um tema relevante e atual, a preservação da Amazônia, e apresenta preocupações válidas sobre a internacionalização da região. No entanto, existem várias áreas que precisam de melhorias. Em termos de norma culta, é importante revisar a gramática e a pontuação para evitar erros que comprometem a clareza do texto. A estrutura da redação também precisa ser mais organizada, com uma introdução clara, um desenvolvimento coerente e uma conclusão que resuma os principais pontos e apresente uma proposta de intervenção.

Além disso, os argumentos poderiam ser mais bem desenv"
153,520,600.0,"```

### PASSO 3 - FEEDBACK:

A redação apresenta um bom domínio da norma padrão da língua portuguesa, com poucos erros gramaticais e uma pontuação adequada. No entanto, para melhorar ainda mais, você pode trabalhar na variedade vocabular e na clareza das frases, evitando repetições e buscando termos mais precisos para expressar suas ideias. Além disso, a estrutura da redação poderia ser mais organizada, com uma introdução mais clara, desenvolvimento mais detalhado e uma conclusão mais robusta, que resuma os principais pontos e reforce a tese.

Em relação à argumentação, os argumentos apresentados são relevantes, mas a redação poderia ser mais rica em detalhes e exemplos concretos. Uma análise mais aprofundada dos efeitos da legal"
154,120,320.0,"```

### PASSO 3 - FEEDBACK:

A redação aborda um tema relevante e importante, a importância da educação artística e física nas escolas. No entanto, existem várias áreas que precisam de melhorias para que a redação atinja um nível mais elevado. Em termos de norma culta, é necessário revisar a gramática e a pontuação para evitar erros de concordância e tornar o texto mais claro e coerente. A estrutura da redação é um ponto crucial que precisa ser aprimorada. Uma introdução clara, um desenvolvimento bem organizado e uma conclusão forte são essenciais para transmitir suas ideias de forma eficaz.

Além disso, os"
155,600,520.0,"```

### PASSO 3 - FEEDBACK:

A redação apresenta um bom domínio da norma padrão da língua portuguesa, com uma gramática e pontuação adequadas. No entanto, há espaço para melhorias, especialmente em termos de variedade vocabular e clareza em alguns trechos. A estrutura do texto poderia ser mais clara e organizada, com uma introdução mais fluida e uma conclusão que sintetize os argumentos apresentados. A falta de uma conclusão prejudica a coesão e a conclusão lógica do texto.

Os argumentos apresentados são relevantes e bem fundamentados, mostrando uma compreensão clara dos problemas socio"
156,800,560.0,"```

### PASSO 3 - FEEDBACK:

A redação demonstra uma boa compreensão do tema e apresenta argumentos relevantes sobre a importância da informação aos consumidores sobre componentes transgênicos. O uso da norma culta é adequado, mas há erros pontuais de concordância e pontuação que poderiam ser corrigidos com uma revisão mais atenta. A estrutura da carta poderia ser melhor organizada, com uma introdução clara e uma conclusão que resumisse os principais pontos e reforçasse a mensagem. A argumentação é coerente, mas poderia ser fortalecida com exemplos concretos ou estatísticas. A coesão do texto é razoável, mas a falta de pontuação adequada e"
157,600,480.0,"```

### PASSO 3 - FEEDBACK:

A redação aborda um tema relevante e atual, demonstrando um conhecimento básico da norma culta e uma compreensão do assunto. No entanto, existem algumas áreas que precisam de melhoria. Em termos de norma culta, é importante revisar a gramática e a pontuação para evitar erros como a repetição de palavras e a falta de vírgulas. A estrutura da redação é boa, mas a falta de uma conclusão prejudica a clareza e a coerência do texto. É recomendável dedicar mais tempo para desenvolver os argumentos de forma mais profunda e completa, utilizando exemplos e dados para fortalecer suas posições."
158,560,360.0,"```

### PASSO 3 - FEEDBACK:

A redação aborda um tema relevante e atual, a preservação da Amazônia, mas apresenta várias áreas que precisam de melhoria. Em termos de norma culta, é importante revisar a escrita para evitar repetições, corrigir erros de concordância"
159,680,600.0,"```

### PASSO 3 - FEEDBACK:

A redação demonstra um bom domínio da norma padrão da língua portuguesa, com poucos erros gramaticais e ortográficos. Os argumentos apresentados são relevantes e bem organizados, destacando a importância do acervo do Museu Nacional e a negligência do governo em relação à preservação do patrimônio histórico. No entanto, a redação poderia ser melhorada em alguns aspectos. A estrutura do texto é incompleta, pois falta uma conclusão que resuma os principais pontos e reforce a tese central. Além disso, a interrupção abrupta do texto prejudica a coesão e a clareza da mensagem. Para melhorar, sug"
160,520,600.0,"```

### PASSO 3 - FEEDBACK:

A redação demonstra um bom domínio da norma padrão da língua portuguesa, com pontuação e ortografia corretas. No entanto, há espaço para melhorias na clareza e fluidez das construções, especialmente nas frases mais complexas. A estrutura do texto também poderia ser mais organizada, evitando a confusão inicial causada pelo formato de carta. Além disso, a conclusão está incompleta,"
161,440,560.0,"```

### PASSO 3 - FEEDBACK:

**Feedback Construtivo:**

A redação apresenta um tema relevante e atual, abordando a evolução das moedas desde a antiguidade até as criptomoedas contemporâneas. No entanto, existem algumas áreas que podem ser melhoradas para elevar a qualidade do texto. Em termos de norma culta, é importante revisar"
162,600,320.0,"```

### PASSO 3 - FEEDBACK

**Feedback Construtivo:**

A redação aborda um tema relevante e atual, o transumanismo, mas apresenta algumas falhas que precisam ser corrigidas para melhorar sua qualidade. Em relação à norma culta (C1), é importante revisar a ortografia, a concordância e a pontuação. Erros como a repetição de palavras (""transumaníssimo transumanismo"") e a falta de pontuação adequada podem prejudicar a clareza do texto. Recomenda-se uma revisão cuidadosa para evitar esses erros.

No que diz respeito à estrutura e ao tema (C2), a introdução poderia ser mais clara e direta, apresentando a tese de forma mais assertiva."
163,440,320.0,"```

### PASSO 3 - FEEDBACK:

A redação aborda um tema relevante e atual, o impeachment da presidente Dilma Rousseff, mas apresenta várias áreas que precisam de melhoria. Em termos de norma culta, é importante revisar a gramática e a pontuação, corrigindo erros de concordância e ortografia. A estrutura da redação também precisa ser aprimorada, com uma introdução clara, desenvolvimento coerente e uma conclusão que resuma os principais pontos e ofereça uma reflexão final.

Em relação à argumentação, os pontos apresentados são superficiais e poderiam ser mais desenvolvidos. Por exemplo, a menção à ausência de provas de crimes de responsabilidade poderia ser explicada com mais detalhes, incluindo fontes confiáveis. A comparação com outros países da América Latina também poderia ser melhor articulada, mostr"
164,720,520.0,"```

### PASSO 3 - FEEDBACK:

A redação apresenta um bom domínio da norma padrão da língua portuguesa, com poucos erros gramaticais e de concordância. A autora aborda o tema de forma clara e relevante, destacando os impactos negativos dos alimentos transgênicos na saúde e no meio ambiente. No entanto, a redação é incompleta, faltando uma conclusão e uma proposta de intervenção, o que prejudica a coesão e a coerência do texto. Para melhorar, sugiro que"
165,600,480.0,"```

### PASSO 3 - FEEDBACK:

**Feedback Construtivo:**

O texto apresenta uma discussão interessante sobre a legitimidade da ciência desde o século XVII, abordando aspectos importantes como a construção histórica e a influência de Max Weber. No entanto, existem algumas áreas que podem ser melhoradas para elevar a qualidade da redação.

Primeiramente"
166,440,480.0,"```

### PASSO 3 - FEEDBACK

A redação aborda um tema relevante e atual, mostrando uma compreensão básica dos argumentos favoráveis e desfavoráveis aos colégios militares. No entanto, há espaço para melhorias significativas em vários aspectos. Em termos de norma culta, é importante revisar a gramática e a pontuação para evitar erros que podem comprometer a clareza do texto. A estrutura da redação poderia ser mais organizada, com uma introdução clara que apresente o tema e uma conclusão que resuma os pontos principais e reforce a tese.

Em relação à argumentação, é crucial desenvolver os argumentos de forma mais profunda, utilizando exemplos concretos e uma análise mais detalhada das consequências. A coesão também pode ser melhorada, evit"
167,400,520.0,"```

### PASSO 3 - FEEDBACK:

A redação apresenta um bom domínio da norma padrão culta e aborda o tema da greve dos caminhoneiros de forma clara e direta. Os argumentos são relevantes e bem fundamentados, destacando a importância da pressão popular para obter reivindicações e exemplificando os impactos da paralisação na cadeia produtiva. No entanto, há algumas áreas que podem ser melhoradas. A estrutura do texto poderia ser mais completa, com uma conclusão que reforce a tese principal e ofereça uma reflexão final. Além disso, a coesão entre os parágrafos poderia ser mais fluida, evitando repetições e utilizando conectivos mais variados"
168,400,320.0,"```

### PASSO 3 - FEEDBACK:

A redação aborda um tema relevante e atual, a imigração, mas apresenta várias áreas que precisam de melhoria. Em termos de norma culta, é importante revisar a gramática e a pontuação, corrigindo erros de concordância e pontuação inadequada. A coesão textual também deve ser trabalhada, utilizando conectores e variando o vocabulário para melhorar a fluidez do texto.

Em relação à estrutura, a redação carece de uma introdução clara e uma conclusão bem definida. É fundamental organizar as ideias de forma lógica e coesa, apresentando uma tese clara no início e desenvolvendo-a de maneira consistente. Os argumentos devem ser mais robustos, com exemplos concretos e dados que fortaleçam a argumentação.

Finalmente, a falta de uma proposta de intervenção é um ponto crítico."
169,320,400.0,"```

### PASSO 3 - FEEDBACK:

**Feedback Construtivo:**

A redação aborda um tema importante e atual, o Supremo Tribunal Federal (STF), e apresenta algumas ideias relevantes. No entanto, há espaço para melhorias significativas em várias áreas. Em relação à norma culta (C1), é essencial revisar a gramática e a ortografia, corrigindo erros de concordância, acentuação e pontuação. Isso ajudará a tornar o texto mais claro e profissional.

Em termos de estrutura (C2), a redação poderia beneficiar-se de uma organização mais clara. A introdução é boa, mas a transição para o desenvolvimento é abrupta, e a conclusão está"
170,440,320.0,"```

### PASSO 3 - FEEDBACK:

A redação aborda um tema relevante e atual, a imigração no contexto de uma crise social e econômica, mas apresenta várias áreas que precisam de melhorias. Em termos de norma culta, é importante revisar a gramática e a pontuação para garantir que o texto seja mais claro e fluído. Erros como a ausência de pontuação final e problemas de concordância podem prejudicar a compreensão do leitor.

No que diz respeito à estrutura, a redação carece de uma introdução clara que estabeleça o tema central e uma conclusão que feche o argumento de forma satisfatória. O desenvolvimento das ideias também precisa ser mais organizado, com transições lógicas entre os parágrafos. A argumentação poderia ser fortalecida com a inclusão de dados e exemplos mais concretos"
171,840,600.0,"```

### PASSO 3 - FEEDBACK:

A redação apresenta um bom domínio da norma padrão culta, com gramática, pontuação e ortografia corretas. O vocabulário utilizado é adequado e contribui para a clareza do texto. No entanto, a estrutura do texto poderia ser mais organizada. Uma introdução mais formal, que contextualize o tema e apresente a tese, seria benéfica. Além disso, uma conclusão que resumisse os pontos principais e apresentasse uma proposta de intervenção fortaleceria a argumentação.

Os argumentos apresentados são relevantes e bem fundamentados, mas poderiam ser mais desenvolvidos. Incluir exemplos concretos ou dados estatísticos para ilustrar os pontos discutidos tornaria a argumentação mais persuas"
172,480,560.0,"```

### PASSO 3 - FEEDBACK:

**Feedback Construtivo:"
173,160,320.0,"```

### PASSO 3 - FEEDBACK

A redação aborda um tema relevante e importante, a educação e seu impacto no futuro dos indivíduos. No entanto, existem várias áreas que precisam de melhoria. Em relação à norma culta, é necessário revisar a gramática, a concordância"
174,480,320.0,"```

### PASSO 3 - FEEDBACK:

A redação aborda um tema relevante e atual, a liberdade provisória e seus impactos na segurança pública. No entanto, há vários aspectos que precisam ser melhorados para que o texto atinja um nível mais elevado. Em termos de norma culta (C1), a redação apresenta diversos erros gramaticais e de concordância, além de uma pontuação inadequada. É importante revisar a gramática e a pontuação para tornar o texto mais claro e coerente.

Em relação à estrutura (C2), o texto carece de uma introdução e conclusão bem definidas. A transição entre os parágrafos também é confusa, e o último parágrafo foi cortado abruptamente, deixando a ideia incompleta. Organizar melhor o texto"
175,520,540.0,"```

### PASSO 3 - FEEDBACK:

A redação demonstra um bom domínio da norma padrão da língua portuguesa, com uma gramática e pontuação adequadas. No entanto, a presença de um erro de concordância no final do texto sugere a necessidade de uma revisão cuidadosa. Além disso, a redação aborda o tema de referências políticas de forma pertinente, mas a estrutura do texto é incompleta, faltando uma conclusão clara e uma proposta de intervenção. Estes elementos são essenciais para garantir a coesão e a coerência do texto.

Os argumentos apresentados são relevantes e bem organizados, mostrando uma compre"
176,600,600.0,"```

### PASSO 3 - FEEDBACK

A redação demonstra um bom domínio da norma padrão da língua portuguesa, com poucos erros gramaticais. No entanto, a citação de Immanuel Kant contém um erro de grafia, e a última frase do texto está incompleta, o que prejudica a clareza. É importante revisar cuidadosamente o texto antes"
177,560,560.0,"```

### PASSO 3 - FEEDBACK

A redação aborda o tema da educação sexual de forma direta e relevante, demonstrando um bom entendimento da importância deste assunto na formação de indivíduos mais conscientes e responsáveis. O autor utiliza argumentos sólidos e pertinentes, destacando a necessidade de superar tabus e promover a educação como meio de prevenção de problemas de saúde e escolhas informadas. No entanto, existem algumas áreas que podem ser melhoradas para elevar a qualidade do texto.

Em termos de norma culta, a redação apresenta um bom domínio, mas há alguns erros gramaticais e de pontuação que poderiam ser corrigidos. A utilização de expressões inform"
178,800,480.0,"```

### PASSO 3 - FEEDBACK:

A redação aborda um tema relevante e atual, demonstrando uma boa compreensão dos desafios relacionados à segurança pública e à posse de armas. Os argumentos apresentados são pertinentes e bem fundamentados, mostrando uma clara posição contra a posse de armas. No entanto, há algumas áreas que precisam de melhoria. Em termos de norma culta, é importante revisar a gramática e a pontuação para evitar erros que podem comprometer a clareza do texto. A estrutura da redação é boa, mas a falta de uma conclusão e a interrupção abrupta do último parágrafo prejudicam a coesão e a coerência do texto. É fundamental garantir que todas as partes da redação estejam completas e bem articuladas. Além disso, a ausência de uma proposta de intervenção é um ponto crítico. Para melhorar, sugiro que você inclua uma proposta concreta, indicando quem deve realizar a ação, quais medidas"
179,440,560.0,"```

### PASSO 3 - FEEDBACK:

A redação apresenta um bom nível de domínio da norma culta, mas há alguns erros gramaticais e de concordância que precisam ser corrigidos. A pontuação também poderia ser mais cuidadosa para melhorar a clareza e a fluidez do texto. Em termos de estrutura, a redação aborda o tema de forma geral, mas a organização poderia ser mais clara, com uma introdução mais definida e uma conclusão que feche o raciocínio de forma efetiva. A transição entre os parágrafos também poderia ser mais fluida.

Os argumentos apresentados são relevantes e têm conexão com o tema, mas a organização e a profundidade poderiam ser aprimoradas. A utilização de exemplos, como filmes e casos reais"
180,600,520.0,"```

### PASSO 3 - FEEDBACK:

A redação apresenta um bom domínio da norma padrão culta, com uma linguagem clara e precisa. Os argumentos são relevantes e bem fundamentados, mostrando uma compreensão sólida do tema do ensino à distância. No entanto, a estrutura do texto poderia ser mais organizada, especialmente no que diz respeito à transição entre os parágrafos e à presença de uma conclusão que sintetize os principais pontos discutidos. A inclusão de uma conclusão ajudaria a reforçar a mensagem e proporcionar uma finalização mais satisfatória.

Além disso, a argumentação poderia ser mais profunda, explorando tanto os benefícios quanto os desafios do ensino à distância. A citação de Paulo Freire é pertinente, mas poderia"
181,400,400.0,"```

### PASSO 3 - FEEDBACK

A redação aborda um tema relevante e atual, a reforma do ensino médio, e apresenta ideias importantes sobre a necessidade de adaptação às mudanças tecnológicas e sociais. No entanto, existem várias áreas que precisam de melhorias. Em termos de norma cult"
182,680,600.0,"```

### PASSO 3 - FEEDBACK

A redação aborda de forma clara e relevante o tema da desigualdade racial no Brasil, utilizando dados estatísticos para fortalecer os argumentos. O domínio da norma padrão da língua portuguesa é bom, com gramática e pontuação corretas, embora haja espaço para enriquecer o vocabulário e melhorar a expressividade. A estrutura do texto poderia ser mais organizada, com uma conclusão que feche o raciocínio e reforce a tese principal. Além disso, a transição entre os parágrafos poderia ser mais fluida para melhorar a coesão.

A argumentação"
183,680,620.0,"```

### PASSO 3 - FEEDBACK:

A redação apresenta um bom domínio da norma culta, com uma linguagem clara e adequada ao tema. Os argumentos são pertinentes e bem organizados, demonstrando uma compreensão sólida do sistema de saúde pública no Brasil. A utilização de dados estatísticos e exemplos concretos, como a pandemia de COVID-19, fortalece a argumentação e torna o texto mais convincente.

No entanto, existem alguns aspectos que podem ser melhorados. A estrutura do texto é prejudicada pela interrupção abrupta no"
184,800,320.0,"```

### PASSO 3 - FEEDBACK:

A redação aborda temas relevantes, como o projeto de iniciativa popular e a segurança na internet, mas apresenta várias áreas que precisam de melhoria. Em relação à norma culta (C1), é importante revisar a gramática e a pontuação, corrigindo erros como ""á internet"" e ""leva em consideração"". A estrutura do texto (C2) também precisa ser aprimorada, com uma introdução clara, um desenvolvimento coerente e uma conclusão que resuma os principais pontos.

Em termos de argumentação (C3), é fundamental desenvolver as ideias de forma mais profunda, fornecendo exemplos e evidências que fortaleçam seus argumentos. A co"
185,360,400.0,"```

### PASSO 3 - FEEDBACK:

**Feedback Construtivo:**

A redação aborda um tema importante e relevante, destacando questões de racismo, desigualdade social e machismo. No entanto, existem várias áreas que podem ser melhoradas para tornar o texto mais forte e coerente. Em termos de norma culta, é essencial revisar a gramática e a pontuação. Erros como ""histria"" e ""deveria não só ser afastado do cargo"" podem ser facilmente corrigidos, melhorando a clareza e a precisão do texto.

Em relação à estrutura, a redação carece de uma introdução clara, um desenvolvimento bem organizado e uma conclusão que resuma os principais pontos. Organizar as ideias em parágrafos distintos, cada um focado em um aspecto específico"
186,680,320.0,"```

### PASSO 3 - FEEDBACK

**Feedback Construtivo:**

A redação aborda um tema atual e relevante, a desigualdade social e a educação à distância durante a pandemia. No entanto, existem algumas áreas que podem ser melhoradas para elevar a qualidade do texto. Em relação à norma culta (C1), é importante revisar a ortografia, pontuação e concordância. Erros como ""nsino"" em vez de ""ensino"" e a falta de vírgulas em locais apropriados podem prejudicar a clareza e a fluidez do texto. Recomenda-se uma revisão cuidadosa para corrigir esses aspectos.

No que diz respeito à estrutura e adequação ao tema (C2), a redação inicia bem, mas termina abruptamente"
187,720,320.0,"```

### PASSO 3 - FEEDBACK:

A redação aborda um tema importante e atual, destacando a persistência dos discursos de ódio nas redes sociais. No entanto, há algumas áreas que precisam de melhoria. Em relação à norma culta, é fundamental revisar o texto para corrigir erros gramaticais e de pontuação, o que melhoraria significativamente a clareza e a precisão da mensagem. Além disso, a estrutura da redação poderia ser mais robusta, com uma introdução formal que apresente o tema e uma conclusão que resuma os principais pontos e reforce a importância do assunto.

No que diz respeito à argumentação, a redação apresenta um exemplo relevante, mas poderia beneficiar-se de mais exemplos e uma análise mais"
188,560,320.0,"```

### PASSO 3 - FEEDBACK:

A redação aborda um tema importante e relevante, a desigualdade de gênero e o feminicídio, mas apresenta algumas áreas que precisam de melhoria. Em termos de norma culta, é fundamental revisar a gramática e a pontuação para garantir que o texto seja claro e coerente. Erros como a falta de concordância e a ausência de pontuação adequada podem prejudicar a compreensão do leitor.

Em relação à estrutura, a redação poderia beneficiar-se de uma introdução mais robusta que contextualize o problema e apresente uma tese clara. O desenvolvimento do texto apresent"
189,720,320.0,"```

### PASSO 3 - FEEDBACK:

**Feedback Construtivo:**

A redação aborda um tema relevante e atual, destacando a discriminação enfrentada por atletas com características genéticas diferentes, como a atleta sul-africana Caster Semenya. No entanto, existem várias áreas que podem ser melhoradas para elevar a qualidade do texto. Em primeiro lugar, a norma culta da língua portuguesa precisa ser mais bem dominada. Erros gramaticais, de concordância e pontuação devem ser corrigidos para garantir a clareza e a precisão da mensagem. Por exemplo, ""diferenças incomuns"" pode ser substit"
190,800,620.0,"```

### PASSO 3 - FEEDBACK:

A redação apresenta um bom domínio da norma padrão da língua portuguesa, com uma gramática e pontuação geralmente corretas. No entanto, há espaço para melhorias, especialmente em relação à revisão final para corrigir pequenos erros de concordância e pontuação. A estrutura do texto poderia ser mais clara e organizada, com uma introdução mais contextualizada, um desenvolvimento mais coerente e uma conclusão bem"
191,440,400.0,"```

### PASSO 3 - FEEDBACK

A redação aborda um tema relevante e atual, a gravidez na adolescência, mas apresenta algumas áreas que precisam de melhoria. Em termos de norma culta, é importante revisar a gramática e a pontuação para garantir que o texto seja mais claro e fluído. A estrutura do texto também precisa ser mais organizada, com uma introdução clara que apresente a tese, um desenvolvimento bem articulado e uma conclusão que reforce os principais argumentos.

Em relação à argumentação, é fundamental desenvolver os pontos de forma mais profunda e coerente."
192,560,600.0,"```

### PASSO 3 - FEEDBACK:

A redação apresenta um bom domínio da norma padrão da língua portuguesa, com poucos erros gramaticais e uma escrita clara. No entanto, há espaço para melhorias, especialmente em relação à pontuação e à omissão de palavras, que podem comprometer a fluidez do texto. É importante revisar cuidadosamente o texto para garantir que todas as frases estejam completas e bem pontuadas.

Em termos de estrutura, a redação aborda o tema proposto e apresenta uma organização básica, mas poderia beneficiar-se de uma estrutura mais clara e organizada. Parágrafos bem definidos e transições suaves entre as ideias ajudariam a tornar o texto mais coerente e fácil de seguir. Além disso, a argumentação é relevante, mas"
193,720,600.0,"```

### PASSO 3 - FEEDBACK:

A redação demonstra um bom domínio da norma padrão culta, com uma linguagem clara e precisa. Os argumentos apresentados são relevantes e bem fundamentados, especialmente a referência à teoria de Malthus e à Revolução Verde. No entanto, a estrutura do texto poderia ser mais clara e organizada. A introdução é bem feita, mas a transição para a realidade brasileira é abrupta, e a falta de um desenvolvimento mais detalhado e uma conclusão clara prejudica a coesão e a coerência do texto.

Para melhorar a argumentação, sugiro que você explore mais profundamente a conexão entre as teorias apresentadas e a real"
194,720,320.0,"```

### PASSO 3 - FEEDBACK:

A redação aborda um tema relevante e atual, a iniciativa popular, mas apresenta algumas falhas significativas que comprometem sua qualidade. Em termos de norma culta, é importante revisar a pontuação e a ortografia, evitando erros como a falta de espaço após a vírgula e a ausência de pontuação final. Além disso, a frase incompleta no final do texto prejudica a clareza e a correção.

Em relação à estrutura, a redação inicia com uma pergunta retórica, mas não desenvolve adequadamente a resposta. A introdução é confusa, e a conclusão está incompleta, o que dificulta"
195,440,320.0,"```

### PASSO 3 - FEEDBACK:

A redação aborda um tema relevante e atual, o livre porte de armas no Brasil, e apresenta alguns argumentos interessantes. No entanto, existem várias áreas que precisam de melhorias significativas. Em termos de norma culta, a redação contém vários erros de concordância, pontuação e ortografia que comprometem a clareza e"
196,600,680.0,"```

### PASSO 3 - FEEDBACK:

A redação aborda de forma clara e objetiva o tema da falta de saneamento básico no Brasil, propondo a privatização como uma solução viável. O domínio da norma culta é bom, com poucos erros gramaticais e de pontuação. A estrutura do texto é coerente, com uma introdução que contextualiza o problema, um desenvolvimento que apresenta argumentos e uma conclusão que reforça a proposta. No entanto, a redação poderia ser mais detalhada, especialmente na argumentação, onde a inclusão de mais exemplos e dados con"
197,840,600.0,"```

### PASSO 3 - FEEDBACK:

A redação apresenta um bom nível de domínio da norma culta, com poucos erros gramaticais e uma pontuação adequada. No entanto, há espaço para melhorar a clareza e a fluidez das construções, especialmente nas transições entre os parágrafos. A estrutura do texto é parcialmente desenvolvida, com uma introdução e um desenvolvimento, mas falta uma conclusão que resuma os principais pontos e reforce a tese central. Além disso, a transição entre os parágrafos poderia ser mais suave para melhorar a coesão.

Os argumentos apresentados são pertinentes e bem fundamentados, destacando a falta de recursos tecnológicos e os problemas emocionais associados à EAD. No entanto, a argumentação poderia ser mais detalhada, com exemplos concretos e dados estatísticos para fortalecer os pontos levantados. A coesão do texto é razoável, mas poderia ser aprimorada com o uso de mais conectores e uma melhor organização das ideias. Finalmente, a redação não"
198,600,320.0,"```

### PASSO 3 - FEEDBACK:

**Feedback Construtivo:**

A redação aborda um tema relevante e atual, a fome no Brasil, mas apresenta várias áreas que precisam de melhoria. Em termos de norma culta (C1), é importante revisar a gramática e a pontuação. Corrigir erros de concordância, acentuação e pontuação fará com que o texto seja mais claro e profissional. Além disso, aprimorar o vocabulário e a variedade de expressões pode enriquecer a lingu"
199,520,400.0,"```

### PASSO 3 - FEEDBACK:

A redação aborda um tema importante e relevante, a situação dos presos no Brasil"
200,600,640.0,"```

### PASSO 3 - FEEDBACK:

A redação apresenta um bom domínio da norma padrão culta, com vocabulário adequado e estruturas gramaticais corretas. No entanto, a presença de pequenos erros de pontuação e caracteres não convencionais pode prejudicar a fluidez da leitura. É importante revisar o texto cuidadosamente para evitar tais falhas, garantindo uma melhor apresentação do conteúdo"
201,600,320.0,"```

### PASSO 3 - FEEDBACK:

**Feedback Construtivo:**

A redação aborda um tema relevante e atual, o sistema penitenciário brasileiro, e apresenta argumentos importantes, como as declarações de Hugo Leonardo e Juan E. Méndez. No entanto, existem algumas áreas que precisam ser melhoradas para que a redação atinja um nível mais elevado.

Primeiramente, é crucial revisar a norma culta. Erros de concordância e pontuação podem comprometer a clareza e a correção do texto. Recomenda-se uma revisão cuidados"
202,520,600.0,"```

### PASSO 3 - FEEDBACK

A redação apresenta uma boa compreensão do tema da desigualdade racial e do preconceito, demonstrando um sólido domínio da norma padrão da língua portuguesa. A autora utiliza exemplos históricos e dados estatísticos para fortalecer seus argumentos, o que é um ponto positivo. No entanto, há algumas áreas que"
203,680,520.0,"```

### PASSO 3 - FEEDBACK:

A redação apresenta um bom domínio da norma padrão da língua portuguesa, com gramática, ortografia e pontuação corretas. Os argumentos são relevantes e bem selecionados, destacando a influência das redes sociais na percepção distorcida da felicidade. No entanto, a redação sofre com a interrupção abrupta da última frase, o que prejudica a fluidez e a coesão do texto. Além disso, a falta de uma conclusão que feche o raciocínio apresentado e a ausência de uma proposta de intervenção clara são pontos importantes a serem melhorados. Para elevar a qualidade da redação, sugiro que você complete a última frase, desenvolva mais os argumentos e inclua uma proposta de intervenção que indique agentes, ações, meios e efeitos concretos para enfrentar o problema abordado."
204,760,620.0,"```

### PASSO 3 - FEEDBACK

A redação apresenta uma análise sólida e bem fundamentada sobre a necessidade de reforma no sistema carcerário brasileiro, utilizando exemplos internacionais para ilustrar a importância de uma abordagem mais humanizada e reabilitadora. O domínio da norma padrão é bom, e a estrutura do texto é clara e organizada. No entanto, há alguns aspectos que podem ser melhorados para elevar ainda mais a qualidade da redação.

Primeiramente, a fluidez do texto poderia ser aprimorada, especialmente nas transições entre os parágrafos. Algumas fr"
205,520,320.0,"```

### PASSO 3 - FEEDBACK:

A redação aborda um tema relevante e atual, destacando os desafios enfrentados pela polícia no Brasil. No entanto, existem algumas áreas que precisam de melhoria. Em termos de norma culta, é importante revisar a gramática e a pontuação para evitar erros que comprometem a clareza do texto. A repetição de termos, como ""policia militar"", também deve ser evitada para manter a coerência.

Em relação à estrutura, a redação carece de uma introdução clara e uma conclusão que unifiquem os pontos discutidos. A falta de uma conclusão prejudica a coesão do texto e deixa o"
206,480,320.0,"```

### PASSO 3 - FEEDBACK

A redação aborda um tema relevante e atual, destacando a relação entre a falta de desenvolvimento educacional e o"
207,760,400.0,"```

### PASSO 3 - FEEDBACK:

A redação aborda um tema relevante e atual, o abuso de autoridade, e apresenta alguns argumentos interessantes. No entanto, há várias áreas que precisam de melhoria. Em termos de norma culta, a redação mostra um domínio razoável, mas há erros gramaticais e de pontuação que precisam ser corrigidos. A estrutura do texto é fraca, com uma introdução genérica e uma conclusão inexistente, o que prejudica a clareza e a coesão do texto. 

A argumentação é"
208,760,600.0,"```

### PASSO 3 - FEEDBACK:

A redação aborda um tema relevante e atual, o abuso de autoridade no Brasil, com foco particular no abuso de autoridade militar. O texto demonstra"
209,680,600.0,"```

### PASSO 3 - FEEDBACK:

**Feedback Construtivo:**

A redação aborda um tema relevante e atual, o desmatamento da floresta amazônica, com argumentos bem fundamentados e dados concretos. O uso da norma padrão da língua portuguesa é adequado, embora haja alguns pequenos erros de concordância e pontuação que podem ser facilmente corrigidos com uma revisão cuidadosa. A estrutura do texto poderia ser melhor organizada, especialmente na transição entre a introdução e o desenvolvimento, e a inclusão de uma conclusão fortaleceria a coesão e a clareza do texto.

Para melhorar a argumentação, sugiro que você explore mais profundamente as causas e consequências do"
210,440,320.0,"```

### PASSO 3 - FEEDBACK:

A redação aborda um tema importante e relevante, a valorização e garantia dos direitos dos povos indígenas no Brasil. No entanto, existem várias áreas que precisam de melhoria para que a redação atinja um nível mais elevado. Em termos de norma culta, é necessário revisar a gramática, pontuação e estrutura das frases. Erros como ""aís"" e a falta de pontuação adequada podem ser facilmente corrigidos com uma revisão cuidadosa.

Em relação à estrutura, a introdução deve"
211,800,620.0,"```

### PASSO 3 - FEEDBACK:

A redação aborda um tema atual e relevante, a automedicação, com uma boa fundamentação teórica e argumentativa. O domínio da norma padrão é satisfatório, com uma linguagem clara e vocabulário adequado. No entanto, existem algumas áreas que podem ser melhoradas para elevar a qualidade do texto.

Primeiramente, a estrutura do texto poderia ser mais organizada. A introdução é bem feita, mas a transição para a discussão dos riscos poderia ser mais fluida. Além disso, a conclusão está incomple"
212,320,320.0,"```

### PASSO 3 - FEEDBACK

A redação aborda um tema relevante e atual, a gravidez na adolescência, mas apresenta várias áreas que precisam de melhoria. Em termos de norma culta, é importante revisar a gramática, pontuação e ortografia para garantir que o texto seja claro e compreensível. A estrutura do texto também precisa ser aprimorada, com uma introdução clara, um desenvolvimento bem organizado e uma conclusão que resuma os principais pontos e apresente uma proposta de intervenção.

Em relação à argumentação, é fundamental desenvolver os argumentos de forma mais aprofundada, utilizando exemplos concretos e dados relevantes para fortalecer a posição. A coesão do texto pode ser"
213,520,640.0,"```

### PASSO 3 - FEEDBACK:

A redação aborda o tema da reforma do ensino médio de forma clara e objetiva, demonstrando um bom entendimento do assunto. O texto é bem estruturado, com uma introdução que contextualiza a discussão e um desenvolvimento que apresenta tanto os aspectos positivos quanto os negativos da reforma. No entanto, há algumas áreas que podem ser melhoradas. Em termos de norma culta, a redação apresent"
214,480,400.0,"```

### PASSO 3 - FEEDBACK:

A redação aborda um tema relevante e atual, a automedicação, e apresenta argumentos importantes sobre seus riscos. No entanto, há várias áreas que podem ser melhoradas para tornar o texto mais claro e convincente. Em relação à norma culta, é importante revisar a gramática e a pontuação, corrigindo erros de concordância e adicionando pontuação adequada para melhorar a legibilidade. A estrutura do texto também precisa ser mais organizada, com uma introdução mais forte que contextualize o problema, um desenvolvimento que explore os argumentos de forma lógica e uma conclusão que feche o raciocínio de maneira completa.

Em termos de argumentação, a inclusão de exemplos concretos e a integração"
215,360,360.0,"```

### PASSO 3 - FEEDBACK:

A redação apresenta alguns pontos fortes, como a tentativa de abordar temas relevantes e contemporâneos, como as lives de cantores e o impacto das redes sociais durante a pandemia. No entanto, existem várias áreas que precisam de melhorias significativas. Em termos de norma culta, é importante revisar a gramática e a pontuação para evitar erros que prejudicam a clareza do texto. A estrutura do texto também precisa ser mais organizada, com uma introdução clara, uma tese bem defin"
216,440,320.0,"```

### PASSO 3 - FEEDBACK:

A redação aborda um tema relevante e importante, a intolerância e a discriminação, mas apresenta várias áreas que precisam de melhoria. Em termos de norma culta, é necessário revisar a gramática, a pontuação e a estrutura das frases. Erros de concordância e pontuação podem ser evitados com uma revisão cuidadosa e a utilização de ferramentas de correção ortográfica. Além disso,"
217,600,400.0,"```

### PASSO 3 - FEEDBACK:

A redação aborda um tema importante e atual, a reforma do ensino médio no Brasil, e apresenta alguns pontos relevantes sobre a situação educacional do país. No entanto, há várias áreas que precisam ser melhoradas para que o texto alcance um nível mais elevado. Em termos de norma culta, é essencial revisar a ortografia, pontuação e concordância, eliminando erros"
218,600,560.0,"```

### PASSO 3 - FEEDBACK

**Feedback Construtivo:**

A redação aborda um tema relevante e importante, destacando a importância do patrimônio histórico e os desafios que ele enfrenta no Brasil. No entanto, existem algumas áreas que podem ser melhoradas para elevar a qualidade do texto.

Primeiramente, é crucial revisar a norma culta. Erros de concordância, ortografia e pontuação podem prejudicar a clareza e a precisão do texto. Recomenda-se uma revisão cuidadosa para corrigir esses aspectos, garantindo que o texto seja mais coerente e profissional. Além disso, a estrutura do texto poderia ser mais organizada, com uma introdução clara, um desenvolvimento bem articulado e uma conclusão que resuma"
219,680,560.0,"```

### PASSO 3 - FEEDBACK:

A redação aborda um tema relevante e atual, a fome no Brasil, com uma certa clareza e coerência. No entanto, existem aspectos que podem ser melhorados para elevar a qualidade do texto. Em relação à norma culta (C1), é importante revisar a gramática e a pontuação, corrigindo erros como a falta de acentuação e a ausência de vírgulas em locais adequados. Essas correções tornariam o texto mais profissional e fácil de ler.

Em termos de estrutura e adequação ao tema (C2), a redação inicia bem, mas poderia ser mais organizada. É recomendável desenv"
220,600,320.0,"```

### PASSO 3 - FEEDBACK:

A redação aborda um tema relevante e atual, a segurança e a violência no Brasil, mas apresenta várias áreas que precisam de melhoria. Em relação à norma culta (C1), é importante revisar a gramática e a pontuação para evitar erros que comprometem a clareza do texto. Frases como ""nos quais setores das instituições governamentais"" e ""a falta de um bom ensino, normalmente no público do país"" precisam ser reformuladas para maior precisão.

Em termos de estrutura (C2), a introdução deve ser mais clara e apresentar a tese de forma direta. O desenvolvimento das ideias também precisa ser melhor organizado, com"
221,760,320.0,"```

### PASSO 3 - FEEDBACK:

**Feedback Construtivo:**

A redação aborda um tema importante e relevante, a situação da atleta Caster Semenya, mas apresenta várias áreas que podem ser melhoradas. Em termos de norma culta, é fundamental revisar a gramática e a pontuação para garantir que o texto seja claro e coerente. Erros como ""a mesma fábrica hormônio"" e a falta de pontuação adequada podem prejudicar a compreensão do leitor.

Em relação à estrutura, a redação carece de uma introdução clara, um desenvolvimento bem organizado e uma conclusão definida. É importante"
222,440,320.0,"```

### PASSO 3 - FEEDBACK:

A redação aborda um tema relevante e atual, a educação sexual, e apresenta alguns argumentos importantes sobre os impactos negativos do tabu em torno desse assunto. No entanto, existem várias áreas que precisam de melhoria. Em relação à norma culta, é importante revisar a gramática e a pontuação para evitar erros que comprometem a clareza do texto. A estrutura do texto também precisa ser mais organizada, com uma introdução clara, um desenvolvimento coerente e uma conclusão que resuma os principais pontos.

Al"
223,600,400.0,"```

### PASSO 3 - FEEDBACK

A redação aborda um tema relevante e atual, a influência dos influenciadores digitais no marketing, mas apresent"
224,640,520.0,"```

### PASSO 3 - FEEDBACK

A redação apresenta um bom domínio da norma padrão culta, com uma escrita clara e coesa. A autora demonstra conhecimento do tema, contextualizando historicamente a situação dos povos indígenas durante a colonização portuguesa. Os argumentos são pertinentes e bem organizados, mostrando uma compreensão sólida do assunto. No entanto, a redação é incompleta, faltando uma conclusão e uma proposta de intervenção, o que prejudica significativamente a avaliação. A falta de uma proposta de intervenção com agente, ação, meio e efeito"
225,800,520.0,"```

### PASSO 3 - FEEDBACK:

A redação aborda de forma clara e objetiva a problemática do sistema carcerário brasileiro, demonstrando um bom domínio da norma padrão da língua portuguesa. Os argumentos apresentados são relevantes e bem organizados, destacando aspectos importantes como a superpopulação, maus-tratos e falta de higiene nas prisões"
226,480,600.0,"```

### PASSO 3 - FEEDBACK:

A redação aborda o tema da automedicação de forma relevante e apresenta argumentos que refletem uma compreensão do assunto. O texto é bem escrito, com um bom domínio da norma padrão culta, e utiliza exemplos concretos para ilustrar os pontos principais. No entanto, há algumas áreas que podem ser melhoradas para elevar a qualidade do texto.

Primeiramente, a estrutura do texto poderia ser mais organizada. A introdução é forte e chama a atenção, mas a falta de"
227,560,320.0,"```

### PASSO 3 - FEEDBACK

A redação aborda um tema relevante e atual, destacando os impactos negativos das redes sociais, como a discriminação baseada na orientação sexual e os insultos a autoridades. No entanto, há várias áreas que podem ser melhoradas para elevar a qualidade do texto. Em relação à norma culta, é importante revisar a gramática e a pontuação, evitando erros de concordância e utilizando pontuação adequada para melhorar a clareza. Além disso, a ampliação do vocabulário e a redução de termos informais contribuiriam para uma escrita mais formal e precisa.

Em termos de estrutura, a redação carece de uma introdução clara, um desenvolvimento coerente e uma conclusão que finalize as ideias apresentadas. Organizar o texto em parágrafos bem definidos, com tópicos principais e sec"
228,920,400.0,"```

### PASSO 3 - FEEDBACK:

**Feedback Construtivo:**

A redação aborda um tema relevante e apresenta argumentos importantes, mas há várias áreas que podem ser melhoradas. Em termos de norma culta, é essencial revisar a pontuação e a formatação do texto. Erros como a falta de vírgulas e o uso incorreto de aspas podem prejudicar a clareza e a correção linguística. Além disso, a palavra ""homicífio"" deve ser corrigida para ""homicídio"".

Em relação à estrutura"
229,520,600.0,"```

### PASSO 3 - FEEDBACK

A redação apresenta uma análise sólida sobre a herança cultural racista no Brasil, demonstrando um bom domínio da norma padrão culta e uma compreensão clara do tema. A autora aborda aspectos importantes, como a discriminação explícita e implícita, a presença de linguagem de origem escravista no cotidiano, e a luta pelos direitos iguais. No entanto, existem algumas áreas que podem ser melhoradas para elevar ainda mais a qualidade do texto.

Primeiramente, a conclusão da redação está incompleta, faltando um fechamento mais robusto que resuma os principais pontos e reforce a mensagem central. Além disso, a argumentação poderia ser mais detalhada, com exemplos concretos e dados estatísticos para fortalecer os argumentos apresentados. Por fim,"
230,600,640.0,"```

### PASSO 3 - FEEDBACK

A redação aborda um tema importante e atual, a desigualdade salarial entre homens e mulheres no mercado de trabalho, com uma boa estrutura e argumentação. O autor demonstra um bom domínio da norma padrão da língua portuguesa, utilizando a gramática e a pontuação de forma adequada. No entanto,"
231,600,600.0,"```

### PASSO 3 - FEEDBACK:

A redação aborda um tema relevante e atual, a precariedade do sistema educacional brasileiro, e apresenta argumentos que refletem a realidade do país. O domínio da norma padrão da língua portuguesa é satisfatório, com uma gramática e pontuação corretas, embora haja pequenas falhas que poderiam ser corrigidas com uma revisão cuidadosa. 

No entanto, a estrutura da redação precisa ser melhorada. Uma introdução clara e uma conclusão que sintetize os pontos principais são essenciais para dar coerência ao texto. Além disso, a organização dos argument"
232,640,520.0,"```

### PASSO 3 - FEEDBACK:

A redação apresenta um bom domínio da norma padrão culta, com uma escrita clara e coesa, embora haja alguns erros pontuais que poderiam ser corrigidos com uma revisão mais atenta. A comparação entre o cenário fictício do filme ""Vingadores: Guerra Infinita"" e a realidade brasileira é bem feita, e o uso de exemplos concretos, como a tragédia de Mariana, fortalece a"
233,880,760.0,"```

### PASSO 3 - FEEDBACK:

A redação apresenta um bom nível de qualidade, demonstrando um sólido domínio da norma padrão culta e uma estrutura bem organizada. Os argumentos são pertinentes e bem fundamentados, e a proposta de intervenção é clara e viável. No entanto, há alguns aspectos que podem ser melhorados para elevar ainda mais a nota.

Primeiramente, a redação poderia beneficiar-se com uma conclusão mais elaborada. Atualmente, o último pará"
234,400,320.0,"```

### PASSO 3 - FEEDBACK:

A redação aborda um tema relevante e atual, o analfabetismo funcional, mas apresenta algumas áreas que precisam de melhoria. Em relação à norma culta, é importante revisar a gramática e a pontuação para evitar erros que comprometem a clareza do texto. Termos coloquiais, como ""Internetês"", devem ser evitados em uma redação formal. A estrutura do texto também precisa ser mais organizada, com uma introdução clara, um desenvolvimento lógico e uma conclusão bem definida. Os argumentos apresentados são pertinentes, mas carecem de maior profundidade e desenvolvimento. É importante explorar as causas e consequências do analfabetismo func"
235,560,320.0,"```

### PASSO 3 - FEEDBACK:

A redação aborda um tema relevante e atual, as notícias falsas, especialmente no contexto político brasileiro. No entanto, há várias áreas que precisam de melhoria. Em termos de norma culta, é importante revisar a gramática e a pontuação, corrigindo erros como a falta de acentos e a concordância verbal. A estrutura do texto também precisa ser mais organizada, com uma introdução clara, um desenvolvimento coerente e uma conclusão que feche o raciocínio.

No que diz respeito à argumentação, embora os exemplos mencionados sejam pertinentes, eles poderiam ser desenvolvidos com mais"
236,600,600.0,"```

### PASSO 3 - FEEDBACK:

A redação demonstra um bom domínio da norma padrão da língua portuguesa, com poucos erros gramaticais e de pontuação. No entanto, há espaço para melhorias"
237,560,480.0,"```

### PASSO 3 - FEEDBACK

A redação aborda um tema importante e relevante, a fome no Brasil, e apresenta argumentos que demonstram uma compreensão básica do problema. No entanto, existem algumas áreas que precisam de melhoria para que a redação alcance um nível mais elevado. Em termos de norma culta, embora a linguagem seja formal, a presença de erros gramaticais e de pontuação compromete a clareza e a precisão do texto. Recomenda-se revisar cuidadosamente a ortografia e a gramática para evitar esses"
238,560,600.0,"```

### PASSO 3 - FEEDBACK:

A redação demonstra um bom domínio da norma padrão culta, com uma linguagem clara e precisa. A autora faz uma conexão relevante entre a obra de Carolina Maria de Jesus e a realidade atual do Brasil, abordando a desigualdade social e a fome de forma consistente. Os argumentos são bem organizados e apresentados de maneira lógica, mostrando uma compreensão sólida do tema.

No entanto, a redação poderia ser melhorada em alguns aspectos. A conclusão está incompleta, o que prejudica a coesão e a clareza do texto. É importante garantir que todas as ideias apresentadas no desenvolvimento sejam adequadamente concluí"
239,680,600.0,"```

### PASSO 3 - FEEDBACK:

A redação apresenta um bom domínio da norma culta, com uma gramática e pontuação corretas, embora haja pequenos erros de formatação e algumas expressões que poderiam ser mais precisas. O tema da reforma da previdência e seus impactos na qualidade"
240,680,600.0,"```

### PASSO 3 - FEEDBACK:

**Feedback Construtivo:**

A redação demonstra um bom entendimento do tema e apresenta argumentos relevantes sobre a relação entre pobreza e criminalidade entre jovens. O uso da norma culta é adequado, embora haja alguns erros pontuais que poderiam ser evitados com uma revisão cuidadosa. A estrutura inicial é clara, mas a falta de uma conclusão prejudica a coesão do texto, fazendo com que ele termine de forma abrupta.

Para melhorar a redação, sugiro que você revise a pontuação e a ortografia, garantindo que todas as frases estejam corretamente formatadas. Além disso, seria benéfico desenvolver mais os argumentos apresentados, fornecendo exemplos concretos e dados que apoiam suas afirmações. Final"
241,960,520.0,"```

### PASSO 3 - FEEDBACK:

A redação demonstra um bom domínio da norma culta da língua portuguesa, com uma gramática e ortografia corretas. No entanto, algumas expressões poderiam ser reformuladas para melhorar a fluidez e a clareza do texto. Por exemplo, a frase ""faz-se mister conciliar os interesses dessa nova lei"" poderia ser reescrita como ""é necessário equilibrar os interesses relacionados a essa nova lei"".

A estrutura da redação é clara e o tema é bem abordado, mas a interrupção abrupta no meio do parágrafo prejudica a coesão e a conclusão do texto. Para melhorar, seria importante revisar o texto para garantir que todos os pontos sejam desenvolvidos de forma"
242,600,320.0,"```

### PASSO 3 - FEEDBACK:

**Feedback Construtivo:**

A redação aborda um tema relevante e atual, mas apresenta algumas falhas que precisam ser corrigidas para melhorar a qualidade do texto. Em relação à norma culta (C1), é importante revisar a ortografia e a pontuação, pois erros como ""srie"" em vez de ""série"" e ""cacetes"" em vez de ""cassetes"" podem prejudicar a clareza e a credibilidade do texto. Além disso, a coesão (C4) precisa ser melhorada, utilizando conectores lógicos e pontuação adequada"
243,240,320.0,"```

### PASSO 3 - FEEDBACK:

A redação aborda um tema importante e relevante, a condição feminina contemporânea, mas enfrenta algumas dificuldades que comprometem sua qualidade. Em termos de norma culta, é necessário revisar a gramática, a pontuação e a ortografia para melhorar a clareza e a fluidez do texto. Erros como ""deuses deles mesmos"" e a falta de vírgulas em locais apropriados podem ser facilmente corrigidos com uma revisão cuidadosa.

Em relação à estrutura, a redação carece de uma introdução clara e direta, além de uma conclusão definida. A transição entre os parágrafos é abrupta, o"
244,600,320.0,"```

### PASSO 3 - FEEDBACK:

A redação aborda um tema relevante e importante, a falta de educação sexual em países tradicionalistas, mas apresenta várias áreas que precisam de melhoria. Em termos de norma culta (C1), o texto contém erros gramaticais e de concordância que comprometem a clareza e a correção linguística. É importante revisar a gramática e a pont"
245,360,640.0,"```

### PASSO 3 - FEEDBACK:

A redação apresenta um bom domínio da norma padrão culta, com linguagem clara e vocabulário adequado. A estrutura do texto é coerente, abordando o tema da desigualdade de gêneros de forma relevante e organizada. Os argumentos apresentados são pertinentes e bem fundamentados, explorando tanto os avanços históricos do movimento feminista quanto os desafios atuais, como a desigualdade salarial e a subrepresentação das mulheres em cargos de liderança.

No entanto, a redação é interrompida abruptamente no último parágrafo, o que prejudica a conclusão e a coesão final do texto. Além disso"
246,480,400.0,"```

### PASSO 3 - FEEDBACK

**Feedback Construtivo:**

A redação aborda um tema relevante e atual, mas apresenta várias áreas que precisam de melhoria. Em relação à **Competência 1 (Norma Culta)**, é fundamental revisar a gramática e a ortografia. Erros como ""oenças"" e ""ransmissíveis"" podem ser evitados com uma revisão cuidadosa e o uso de ferramentas de correção. Além disso, a pontuação e a concordância devem ser atentamente verificadas para garantir a clareza do texto.

Em termos de **Competência 2 (Tema/Estrutura)**, a estrutura do texto precisa ser mais organizada. Uma introdução clara que apresente a tese, um desenvolvimento que explore os argumentos de forma lógica e uma conclusão que reforce a proposta de interven"
247,680,680.0,"```

### PASSO 3 - FEEDBACK

**Feedback Construtivo:**

A redação apresenta um bom domínio da norma padrão culta, com clareza e precisão na linguagem. Os argumentos são pertinentes e bem fundamentados, especialmente com a inclusão de dados do IPAM, o que fortalece a tese central. No entanto, há espaço para melhorias. A estrutura do texto é bem organizada, mas a conclusão está incompleta, o que prejudica a coesão e a clareza final. É importante finalizar o texto de forma conclusiva, resumindo os principais pontos e reforçando a tese.

Além disso, a proposta de intervenção é um elemento crucial que está ausente na redação. Para melhorar a nota nesta competência, é necessário apresentar uma proposta concreta, indicando quem deve"
248,600,600.0,"```

### PASSO 3 - FEEDBACK:

A redação aborda um tema relevante e atual, a reforma da previdência, com argumentos pertinentes e uma visão crítica. No entanto, há espaço para melhorias em vários aspectos. Em relação à norma culta, o texto apresenta um bom domínio da língua portuguesa, mas alguns erros de digitação e imprecisões gramaticais podem ser corrigidos para aumentar a clareza e a precisão do texto. Recomenda"
249,480,720.0,"```

### PASSO 3 - FEEDBACK

**Feedback Construtivo:**

A redação apresenta um bom domínio da norma padrão culta, com uma linguagem clara e coerente. A estrutura do texto é bem organizada, abordando o tema de forma relevante e contextualizada. Os argumentos são pertinentes e bem fundamentados, destacando a influência da exposição a conteúdos sexuais, a omissão familiar e a falta de preparo dos professores. No entanto, a argumentação poderia ser mais detalhada, incluindo exemp"
250,400,560.0,"```

### PASSO 3 - FEEDBACK:

**Feedback Construtivo:**

A redação aborda um tema relevante e atual, destacando os impactos negativos dos haters nas redes sociais. O texto é bem fundamentado, com exemplos concretos que fortalecem a argumentação. No entanto, há algumas áreas que podem ser melhoradas para elevar a qualidade do texto.

Primeiramente, a norma culta poderia ser aprimorada com uma revisão cuidadosa da gramática e da pontuação. Frases mais longas e complexas poderiam ser divididas para maior clareza, e a utilização de conectores e transições melhoraria a coesão do texto. Além disso, a estrutura do texto poderia ser mais organizada,"
251,800,440.0,"```

### PASSO 3 - FEEDBACK:

**Feedback Construtivo:**

A redação aborda um tema importante e relevante, destacando a injustiça enfrentada por atletas femininas devido a condições biológicas. O uso do caso de Caster Semenya como exemplo é pertinente e ajuda a ilustrar a problemática. No entanto, existem algumas áreas que podem ser melhoradas para elevar a qualidade do texto.

Primeiramente, é necessário revisar a norma culta, corrigindo erros de concordância e pontuação. Frases como ""algumas mulheres se vem restritas"" e ""mas sejam promissoras"" precisam ser ajustadas para maior clareza e correção. Além disso, a estrutura da redação deve ser mais bem definida, incluindo uma introdução cl"
252,640,360.0,"### PASSO 1 - ANÁLISE:

**C1 (Norma Culta):**
A redação apresenta erros gramaticais significativos, como a falta de pontuação adequada, erros de concordância e ortografia. Exemplos: ""novas formas de comunicações"" (deveria ser ""novas formas de comunicação""), ""havendo que sacrificar pessoas"" (deveria ser ""havendo que se sacrificar pessoas""), ""em meio a 2 guerra mundial"" (deveria ser ""em meio à Segunda Guerra Mundial""), ""as linhas de rdio"" (deveria ser ""as linhas de rádio""), ""essas pessoas que em sua maioria tm milhões de seguidores"" (deveria ser ""essas pessoas, que em sua maioria têm milhões de seguidores""), ""obter sucesso,"" (falta pontuação), ""os famoso influenciadores digitais"" (deveria ser ""os famosos influenciadores digitais""), ""Carlinhos Maia que atualmente é o maior do Brasil com 16 milhões de seguidores"" (deveria ser ""Carlinhos Maia, que atualmente é o maior do Brasil, com 16 milhões de seguidores""), ""e com esse nmero poderia facilmente divulgar uma notícia falsa"" (deveria ser ""e com esse número poderia facilmente divulgar uma notícia falsa"").

**C2 (Tema/Estrutura):**
A redação aborda o tema da disseminação de notícias falsas através dos meios de comunicação, mas a estrutura é fraca. A introdução não é clara e direta, e a transição entre os parágrafos é confusa. O texto termina abruptamente, sem conclusão.

**C3 (Argumentação):**
Os argumentos apresentados são relevantes, mas a organização e desenvolvimento são inconsistentes. A menção de Hitler e a Segunda Guerra Mundial é um exemplo forte, mas a conexão com o uso das redes sociais modernas não é bem estabelecida. A referência a Carlinhos Maia é pertinente, mas o argumento não é desenvolvido de forma clara e coerente.

**C4 (Coesão):**
A coesão textual é fraca. Faltam conectores e transições claras entre as ideias, o que dificulta a compreensão do texto. A pontuação inadequada e os erros gramaticais contribuem para a falta de fluidez.

**C5 (Proposta de Intervenção):**
A redação não apresenta uma proposta de intervenção clara, com agente, ação, meio e efeito. O texto termina abruptamente, sem sugerir soluções para o problema abordado.

### PASSO 2 - NOTAS:

```json"
253,680,560.0,"```

### PASSO 3 - FEEDBACK:

A redação aborda um tema relevante e atual, o aumento de doenças sexualmente transmissíveis entre jovens no Brasil"
254,680,480.0,"```

### PASSO 3 - FEEDBACK:

A redação aborda um tema importante e relevante, a utilização excessiva de agrotóxicos no Brasil, e apresenta argumentos pertinentes. No entanto, há algumas áreas que podem ser melhoradas para elevar a qualidade do texto.

Primeiramente, em relação à norma culta (C1), é importante revisar a redação para corrigir erros de concordância e pontuação. Palavras como ""eio mbiente"" e ""ato grau de toxicidade"" devem ser corrigidas para ""meio ambiente"" e ""alto grau de toxicidade"", respectivamente. Além disso, a inclusão de vírgulas em locais apropriados melhorará a fluidez do texto.

Em termos de estr"
255,440,560.0,"```

### PASSO 3 - FEEDBACK:

A redação aborda um tema relevante e atual, a gravidez na adolescência, e apresenta argumentos importantes, como a necessidade de educação sexual e a desestruturação familiar. No entanto, há espaço para melhorias em vários aspectos. Em termos de norma culta, é importante revisar a gramática e a pontuação para evitar erros e repetições desnecessárias. A estrutura do texto poderia ser mais clara, com uma introdução mais elaborada, um desenvolvimento mais organizado e uma conclusão completa que reforce os principais pontos discutidos.

Em"
256,600,600.0,"```

### PASSO 3 - FEEDBACK:

A redação apresenta uma boa compreensão do tema da colonização e seu impacto nas culturas indígenas. O autor demonstra um sólido domínio da norma padrão da língua portuguesa, com uma gramática geralmente correta e uma pontuação adequada. No entanto, existem alguns erros de concordância e ortografia que devem ser corrigidos para melhorar a clareza e a precisão do texto.

Em termos"
257,720,600.0,"```

### PASSO 3 - FEEDBACK

A redação apresenta um bom domínio da norma padrão da língua portuguesa, com poucos erros gramaticais e de pontuação. No entanto, é importante revisar cuidadosamente o texto"
258,520,600.0,"```

### PASSO 3 - FEEDBACK:

A redação aborda um tema complexo e relevante, o suicídio, com uma boa base de conhecimento e vocabulário adequado. No entanto, existem áreas que podem ser aprimoradas para elevar a qualidade do texto. Em relação à norma culta, a redação demonstra um bom domínio, mas a atenção aos detalhes, como a pontuação correta, é fundamental para evitar pequenos erros que podem prejudicar a nota.

Em termos de estrutura, a redação poderia beneficiar-se de uma introdução mais clara, estabelecendo uma tese central e objetivos"
259,720,600.0,"```

### PASSO 3 - FEEDBACK:

A redação apresenta um bom domínio da norma padrão da língua portuguesa, com poucos erros gramaticais e uma escrita clara e coerente. Os argumentos são pertinentes e bem organizados, abordando aspectos importantes da pandemia, como a importância da ciência e as falhas nas políticas públicas. No entanto, a conclusão está incompleta, o que prejudica a coesão e a clareza do texto. É importante revisar o texto para garantir que todas as ideias sejam desenvolvidas de forma completa e que a conclusão ofereça um fechamento adequado.

Além disso, a redação poderia ser melhorada com a inclusão de uma"
260,680,600.0,"```

### PASSO 3 - FEEDBACK

A redação apresenta um bom domínio da norma padrão da língua portuguesa, com poucos erros de ortografia e pontuação. O tema da democracia e a distância entre o cidadão e as decisões legislativas são bem contextualizados na introdução, mas o desenvolvimento do texto é curto e a conclusão está ausente. Isso prejudica a coesão e a coerência do texto, tornando-o menos impactante. Para melhorar, seria importante desenvolver os argumentos com mais profundidade, incluindo exemplos concretos e uma análise mais aprofundada dos problemas mencionados.

Além disso, a redação carece de uma prop"
261,560,600.0,"```

### PASSO 3 - FEEDBACK

**Feedback Construtivo:**

A redação apresenta um bom domínio da norma padrão culta, com uma linguagem clara e coerente. A abordagem do tema da sexualidade e seus tabus, relacionada à série ""Anne with an E"" e à evolução histórica, é relevante e bem contextualizada. No entanto, a redação foi cortada abruptamente no final, o que prejudica a conclusão e a coesão do texto. É importante garantir que todas as ideias sejam desenvolvidas e que o texto termine de forma satisfatória.

Além disso, a argumentação poderia ser mais robusta, com exemplos concretos e uma análise mais aprofundada dos impactos sociais, emocionais e políticos da falta de conhecimento sobre sexualidade. A inclusão de dados estatíst"
262,600,600.0,"```

### PASSO 3 - FEEDBACK

A redação apresenta uma boa análise dos desafios enfrentados pelos povos indígenas no Brasil, demonstrando um sólido domínio da norma padrão culta e uma estrutura clara. Os argumentos são relevantes e bem organizados, utilizando exemplos históricos e contemporâneos para ilustrar a falta de respeito aos direitos e costumes indígenas. No entanto, a lacuna no final do texto prejudica a coesão e a conclusão do argumento, deixando a leitura incompleta. Além disso, a proposta de intervenção é mencionada, mas não é desenvolvida de forma clara e específica, o"
263,640,620.0,"```

### PASSO 3 - FEEDBACK:

A redação apresenta uma boa análise da reforma previdenciária, demonstrando um entendimento claro do tema e uma argumentação bem fundamentada. O domínio da norma padrão é satisfatório, com poucos erros gramaticais e uma escrita clara. No entanto, há algumas áreas que podem ser melhoradas para elevar a qualidade do texto.

Primeiramente, a estrutura da redação poderia ser mais organizada. A inclusão de uma conclusão que resuma os principais pontos e reforce a tese seria essencial para dar um fechamento adequado ao texto. Além disso, a falta de pontuação em algumas frases e a interrupção abrupta do último parágrafo prejudicam a co"
264,520,320.0,"```

### PASSO 3 - FEEDBACK:

A redação aborda um tema importante e relevante, o feminicídio, mas apresenta várias áreas que precisam de melhorias. Em termos de norma culta, é fundamental revisar a ortografia, pontuação e concordância. Erros como a falta de acentos e frases incompletas podem comprometer a clareza e a fluidez do texto. Recomenda-se uma revisão cuidadosa para evitar esses erros.

Em relação à estrutura, a"
265,760,600.0,"```

### PASSO 3 - FEEDBACK:

A redação apresenta um bom nível de domínio da norma culta, com uma escrita clara e coerente. No entanto, existem algumas imprecisões lexicais e estruturais que poderiam ser melhoradas, como a reformulação de frases para maior clareza e precisão. A estrutura da redação é adequada, mas faltam elementos importantes, como uma conclusão e uma proposta de intervenção clara. Esses elementos são cruciais para completar a argumentação e oferecer soluções concretas para o problema abord"
266,600,600.0,"```

### PASSO 3 - FEEDBACK:

A redação aborda o tema da automedicação de forma clara e coesa, demonstrando um bom domínio da norma padrão da língua portuguesa. Os argumentos apresentados são relevantes e bem organizados, explorando aspectos importantes como a falta de conhecimento da população sobre os fármacos, a facilidade de acesso aos medicamentos, e a influência das propagandas. No entanto, a redação poderia ser aprimorada em alguns aspectos. Primeiramente, a conclusão é interrompida abruptamente, o que prejudica a coesão global do texto. Seria benéfico revisar a redação para garantir que todos os parágrafos estejam completos e coerentes. Além disso, a"
267,640,520.0,"```

### PASSO 3 - FEEDBACK:

A redação apresenta um bom domínio da norma padrão culta, com uma linguagem clara e precisa. A autora demonstra uma compreensão sólida do tema, abordando a negação social da fome no Brasil de forma relevante e bem fundamentada. A utilização da citação de Bertolt Brecht enriquece o texto, proporcionando uma análise mais profunda do problema. No entanto, há alguns aspectos que podem ser melhorados. A redação é incompleta, faltando uma conclusão que resuma os princip"
268,720,620.0,"```

### PASSO 3 - FEEDBACK:

A redação apresenta um bom nível de domínio da norma padrão da língua portuguesa, com uma abordagem clara e bem estruturada do tema do ensino a distância. O autor demonstra conhecimento histórico e contemporâneo do assunto, destacando a evolução do EAD e a importância do acesso à internet. No entanto, há alguns erros de concordância e pontuação que precisam ser"
269,600,400.0,"```

### PASSO 3 - FEEDBACK:

A redação aborda um tema relevante e atual, destacando a gravidade do sistema penitenciário no Brasil e a importância da educação como ferramenta de transformação. No entanto, existem várias áreas que podem ser melhoradas para elevar a qualidade do texto.

Primeiramente, a norma culta precisa ser mais rigorosamente observada. Erros de pontuação, ortografia e formatação (como o uso de caracteres especiais) prejudicam a clareza e a profissionalismo do texto. Uma revisão cuidadosa e atenta pode ajudar a eliminar esses problemas, tornando a redação mais coerente e fácil de ler.

Em termos de estrutura,"
270,680,400.0,"```

### PASSO 3 - FEEDBACK:

**Feedback Construtivo:**

A redação aborda um tema importante e relevante, o saneamento básico, mas apresenta várias áreas que precisam ser melhoradas. Em termos de norma culta, é fundamental revisar a gramática e a pontuação. Erros como a ausência de espaços entre palavras, uso incorreto de vírgulas e pontos, e erros de concordância podem comprometer a clareza e a legibilidade do texto"
271,520,360.0,"```

### PASSO 3 - FEEDBACK:

A redação aborda um tema relevante e atual, a gravidez na adolescência, mas apresenta várias áreas que precisam de melhoria. Em termos de norma culta, é importante revisar a gramática e a pontuação para evitar er"
272,720,520.0,"```

### PASSO 3 - FEEDBACK

A redação apresenta um bom domínio da norma padrão da língua portuguesa, com uma gramática e pontuação geralmente corretas. O vocabulário utilizado é adequado e contribui para a clareza do texto. No entanto, é importante revisar o texto para eliminar erros menores, como a presença de caracteres não imprimíveis e a falta de um ponto final na última frase.

A estrutura do texto é coerente, com uma introdução clara e um desenvolvimento que apresenta argumentos relevantes sobre os riscos da automedicação. No entanto, a ausência de uma conclusão prejudica a estrutura global do texto. Uma conclusão bem elabor"
273,880,560.0,"```

### PASSO 3 - FEEDBACK:

A redação apresenta um bom domínio da norma padrão culta, com linguagem clara e vocabulário adequado. A estrutura do texto é coerente, abordando o tema do aquecimento global de forma relevante e contextualizada. Os argumentos são bem organizados e exploram aspectos importantes do problema, como a Revolução Industrial e as consequências ambientais e de saúde. No entanto, a redação é interrompida abruptamente, o que prejudica a conclusão e a proposta de intervenção. Para melhorar, seria importante revisar o texto para garantir que ele tenha uma conclusão completa, apresentando uma proposta de intervenção clara e bem fundamentada, incluindo agente, ação, meio e efeito. Além disso, uma revisão final para"
274,880,620.0,"```

### PASSO 3 - FEEDBACK:

A redação apresenta uma análise sólida do tema da privatização do saneamento básico, demonstrando um bom domínio da norma padrão da língua portuguesa e uma argumentação bem estruturada. A autora utiliza dados relevantes e fontes confiáveis para fortalecer seus argumentos, o que é um ponto positivo. No entanto, existem algumas áreas que podem ser melhoradas para elevar a qualidade do texto.

Primeiramente, a correção de pequenos erros gramaticais, como a concordância em ""elitizacão"" e a adição de"
275,520,480.0,"```

### PASSO 3 - FEEDBACK

A redação aborda um tema relevante e atual, demonstrando um bom entendimento da importância das vacinas e dos riscos associados ao movimento antivacina. No entanto, há algumas áreas que precisam de melhoria. Em relação à norma culta, é importante revisar a ortografia e a pontuação, corrigindo erros como ""nmero"" e ""eficcia"". Esses erros podem ser evitados com uma revisão cuidadosa do texto.

Em term"
276,680,400.0,"```

### PASSO 3 - FEEDBACK:

**Feedback Construtivo:**

A redação aborda um tema relevante e importante, a falta de acesso à saúde pública no Brasil, e faz uma conexão interessante com a obra de Cândido Portinari. No entanto, existem várias áreas que podem ser melhoradas para elevar a qualidade do texto.

Primeiramente, é crucial revisar a norma culta e a gramática. Erros de concordância, pontuação e ortografia podem prejudicar a clareza e a flu"
277,640,640.0,"```

### PASSO 3 - FEEDBACK

A redação apresenta um bom domínio da norma padrão culta, com uma escrita clara e coesa. No entanto, há espaço para melhorias, especialmente em relação à pontuação e à estrutura do texto. A inclusão de um parágrafo conclusivo poderia fortalecer a organização e a coesão do texto, tornando-o mais completo e impactante.

Os argumentos apresentados são relevantes e bem organizados, mas poderiam ser mais robustos com a inclusão de dados e estatísticas específicas. Isso ajudaria a fortalecer a argumentação e torná-la mais convincente. Além disso, a proposta de intervenção é um ponto crucial na redação do ENEM, e a falta de uma proposta clara e detalhada com agente, ação"
278,920,600.0,"```

### PASSO 3 - FEEDBACK:

A redação apresenta um bom domínio da norma padrão da língua portuguesa, com uma escrita clara e coerente. Os argumentos são relevantes e bem organizados, demonstrando uma compreensão do tema e uma capacidade de analisar criticamente as propostas legislativas. No entanto, a redação poderia ser aprimorada com a inclusão de dados estatísticos, exemplos"
279,720,600.0,"```

### PASSO 3 - FEEDBACK:

A redação demonstra um bom domínio da norma padrão da língua portuguesa, com poucos erros gramaticais e de pontuação. A utilização de referências teóricas, como Rousseau e Locke, enriquece o texto e mostra uma boa base cultural. No entanto, há espaço para melhorias em alguns aspectos. A estrutura da redação poderia ser mais clara, com uma introdução que apresente o tema de forma mais direta e uma conclusão"
280,480,560.0,"```

### PASSO 3 - FEEDBACK:

A redação aborda um tema atual e relevante, o suicídio entre jovens, de forma clara e com argumentos pertinentes. O autor demonstra um bom conhecimento sobre o assunto, destacando a depressão como um fator crucial. No entanto, há algumas áreas que podem ser melhoradas para elevar a qualidade do texto.

Primeiramente, a norma culta da língua portuguesa é bem utilizada, mas a presença de erros de concordância e pontuação compromete a fluidez do texto. Recomenda-se uma revisão cuidadosa para corrigir esses aspectos, como a expressão ""vem tornando-se"" (que deveria ser ""tem se tornado"") e ""vê-se a grampe importância"" (que deveria ser ""vê-se a grande importância""). Além dis"
281,800,620.0,"```

### PASSO 3 - FEEDBACK

A redação apresenta um bom domínio da norma padrão, com uma linguagem clara e objetiva. No entanto, há alguns erros gramaticais e de pontuação que podem ser facilmente corrigidos com uma revisão cuidadosa. É importante prestar atenção à estrutura das frases, garantindo que todas estejam completas e coerentes. Por exemplo, a frase ""Nesse sentido, podemos perceber que aprender a lidar com as vitórias e derrotas (é um aprendizado que) começa desde muito cedo"" poderia ser reformulada para melhorar a clareza.

Em relação"
282,480,600.0,"```

### PASSO 3 - FEEDBACK:

A redação aborda de forma relevante o tema do sistema carcerário brasileiro, apresentando uma proposta de intervenção clara e bem fundamentada. O autor demonstra um bom entendimento do assunto, propondo medidas como a liberação antecipada de presos com bom comportamento e a implementação de programas de ressocialização. No entanto, há espaço para melhorias em vários aspectos. Em relação à norma culta, é importante revisar a concordância verbal e nominal, bem como a pontuação, para evitar erros que comprometem a clareza do texto."
283,800,520.0,"```

### PASSO 3 - FEEDBACK:

A redação aborda o tema da automedicação de forma clara e apresenta um exemplo relevante, mas há algumas áreas que podem ser melhoradas. Em termos de norma culta, o texto demonstra um bom domínio da língua portuguesa, mas a presença de erros de concordância e pontuação, além da redundância ""há sete anos atrás,"" sugere a necessidade de uma revisão cuidadosa. A estrutura do texto poderia ser mais organizada, com uma introdução mais fluida e uma conclusão que resuma os principais pontos e reforce a mensagem central.

Em relação à argumentação, o exemplo de Michael Jackson é impactante, mas a redação poderia beneficiar-se"
284,560,600.0,"```

### PASSO 3 - FEEDBACK

A redação apresenta um bom nível de domínio da norma padrão da língua portuguesa, com uma gramática e pontuação corretas. No entanto, há pequenas falhas que poderiam ser corrigidas, como a ausência de um ponto final no último parágrafo e a repetição de palavras. Além disso, a estrutura do texto poderia ser mais clara e organizada, com parágrafos de transição e uma conclusão que resuma os principais pontos e reforce a proposta de intervenção.

Os argumentos apresent"
285,760,520.0,"```

### PASSO 3 - FEEDBACK

**Feedback Construtivo:**

A redação apresenta um bom início, com uma introdução clara e bem fundamentada, abordando o tema do abuso de autoridade e a violência policial. O uso da norma padrão culta é adequado, e os argumentos iniciais são relevantes e bem estruturados. No entanto, a redação foi interrompida abruptamente, o que prejudica a avaliação completa de várias competências.

Para melhorar a redação, é importante desenvolver mais argumentos e exemplos que fortaleçam a discussão. Além disso, uma conclusão que resuma os principais pontos e apresente uma proposta de intervenção clara, com agente, ação, meio e efeito, é essencial para completar a redação de forma satisfatória. A proposta de intervenção deve ser específica e viável, demonstrando uma compreensão profunda do problema e oferecendo soluções práticas."
286,720,600.0,"```

### PASSO 3 - FEEDBACK:

A redação aborda um tema importante e atual, a superlotação carcerária no Brasil, e apresenta argumentos relevantes sobre a relação entre a falta de oportunidades de trabalho e a criminalidade. O dom"
287,360,400.0,"```

### PASSO 3 - FEEDBACK

A redação aborda um tema relevante e atual, o desmatamento da Amazônia, mas apresenta várias áreas que precisam de melhoria. Em termos de norma culta, é importante revisar a gramática, pontuação e ortografia para evitar erros que comprometem a clareza do texto. Frases como ""área nada qual"" e ""explorando menos tirando menos recursos"" podem ser reformuladas para maior precisão e fluidez.

Em relação à estrutura, a introdução deve ser mais clara e direta, apresentando a tese de forma assertiva. O desenvolvimento poderia ser mais detalhado, incluindo exemplos concretos e dados que fortaleçam os argumentos. A conclus"
288,520,320.0,"```

### PASSO 3 - FEEDBACK:

A redação aborda um tema relevante e importante, a educação e sua relação com o mercado de trabalho, mas apresenta algumas áreas que precisam de melhoria. Em termos de norma culta, é necessário revisar a ortografia, pontuação e concordância. Erros como ""últimos tempos"" e ""carga horaria"" podem ser facilmente corrigidos com uma revisão cuidadosa. Além disso, a estrutura da redação poderia ser mais clara e organizada. Uma introdução mais direta e uma conclusão que resuma os principais pontos fortaleceriam o texto.

Em relação à argumentação, os argumentos apresentados são pertinentes, mas poderiam ser desenvolvidos de forma mais aprofundada"
289,640,600.0,"```

### PASSO 3 - FEEDBACK:

A redação apresenta um bom domínio da norma padrão culta, com poucos erros gramaticais e ortográficos. No entanto, a fluidez e a clareza poderiam ser melhoradas com uma revisão cuidadosa. A estrutura do texto é razoável, mas falta uma conclusão que reforce os principais argumentos e uma proposta de intervenção clara. A argumentação é relevante e bem fundamentada, mas poderia ser mais detalhada e diversificada, incluindo exemplos concretos e estatísticas adicionais para fortalecer os pontos apresentados.

Em relação à coesão, o texto utiliza mecanismos coesivos, mas a transição entre as ideias poderia ser mais suave, e a repetição de termos poderia ser evit"
290,440,560.0,"```

### PASSO 3 - FEEDBACK:

A redação aborda um tema relevante e atual, a violência contra a mulher, e apresenta alguns argumentos importantes. No entanto, existem algumas áreas que podem ser melhoradas para elevar a qualidade do texto. Em relação à norma culta, é importante revisar a gramática e a ortografia, corrigindo erros como ""sofrid"" e ""namulher"". Além disso, a conclusão da última frase é essencial para garantir a clareza e a fluidez do texto.

Em termos de estrutura, a redação poderia beneficiar-se de uma organização mais clara e coesa. Uma introdução mais robusta, seguida por um desenvolvimento que explore os argumentos de forma mais detalhada e uma conclusão que resuma os pontos principais e"
291,680,680.0,"```

### PASSO 3 - FEEDBACK

A redação apresenta uma análise bem fundamentada sobre a relação entre desigualdade social e evasão escolar com a criminalidade juvenil. O uso de exemplos, como a letra da música ""Faroeste Caboclo"" e a pesquisa do sociólogo Marcos Rolim, enriquece o texto e fortalece os argumentos. Além disso, o domínio da norma padrão da língua portuguesa é adequado, e a estrutura do texto é bem organizada, facilitando a compreensão do leitor.

No entanto, há algumas áreas que podem ser melhoradas. A falta de pontuação"
292,920,680.0,"```

### PASSO 3 - FEEDBACK

A redação apresenta um bom nível de domínio da norma padrão da língua portuguesa, com uma escrita clara e coerente. No entanto, há espaço para melhorias, principalmente em relação à pontuação e à variedade lexical. Uma revisão cuidadosa poderia eliminar pequenos erros e tornar o texto ainda mais refinado.

Em termos de estrutura, a redação aborda o tema proposto, mas a organização poderia ser mais fluida. A introdução é clara, mas a transição para o desenvolvimento e a conclusão poderia ser mais suave. Definir claramente a tese central no início do texto ajudaria a guiar o leitor de forma mais eficiente.

Os argumentos apresentados são relevantes e bem fundamentados, especialmente a menção da Lei da Ficha Limpa como"
293,560,400.0,"```

### PASSO 3 - FEEDBACK

A redação aborda um tema relevante e atual, destacando a importância do pensamento crítico e a disseminação de informações falsas nas redes sociais. No entanto, há várias áreas que podem ser melhoradas. Em termos de norma culta, é importante revisar a gramática e a pontuação para evitar erros que comprometem a clareza do texto. A estrutura da redação também precisa ser mais organizada, com uma introdução clara, desenvolvimento coerente e uma conclusão que feche o texto de maneira satisfatória.

Além disso, os argumentos apresentados, embora relevantes, carecem de profundidade e desenvolvimento. Incluir exemplos concretos e evidências para sustentar as afirmações tornaria o texto mais convincente. A coesão textual também deve ser melhorada, utilizando conectivos e transições para facilitar"
294,480,560.0,"```

### PASSO 3 - FEEDBACK:

A redação aborda um tema relevante e atual, destacando a importância do SUS durante crises sanitárias. No entanto, há várias áreas que podem ser melhoradas para elevar a qualidade do texto. Em relação à norma culta (C1), é importante revisar a gramática e a pontuação, corrigindo erros de concordância e pontuação inadequada. Isso fará com que o texto seja mais claro e profissional.

Em termos de estrutura (C2), a introdução poderia ser mais direta, apresentando claramente a tese e o contexto do problema. O desenvolvimento traz ideias importantes, mas seria benéfico incluir exemplos concretos e dados para fortalecer os argumentos. A conclusão"
295,640,360.0,"```

### PASSO 3 - FEEDBACK:

**Feedback Construtivo:**

A redação aborda um tema relevante e atual, a educação sexual nas escolas, e apresenta argumentos importantes sobre a necessidade de prevenção de gravidezes indesejadas e doenças sexualmente transmissíveis. No entanto, há algumas áreas que precisam de melhorias significativas.

Primeiramente, a norma culta da língua portuguesa precisa ser aprimorada. Erros gramaticais e de concordância, como ""oência"" em vez de ""doença"" e """
296,680,600.0,"```

### PASSO 3 - FEEDBACK

**Feedback Construtivo:**

A redação demonstra um bom domínio da norma padrão da língua portuguesa, com poucos erros gramaticais. No entanto, há espaço para melhorias na pontuação e na concordância verbal. É importante revisar cuidadosamente o texto para evitar redundâncias e imprecisões, como a express"
297,680,320.0,"```

### PASSO 3 - FEEDBACK:

**Feedback Construtivo:**

A redação aborda um tema relevante e atual, destacando os impactos das redes sociais na sociedade, especialmente em relação ao ""cancelamento"" e ao ""hate"". No entanto, existem algumas áreas que podem ser melhoradas para elevar a qualidade do texto.

Primeiramente, é importante revisar a norma culta da língua portug"
298,600,600.0,"```

### PASSO 3 - FEEDBACK:

A redação apresenta um bom domínio da norma padrão da língua portuguesa, com uma linguagem clara e coerente. Os argumentos são bem fundamentados e utilizam fontes confiáveis, o que confere credibilidade ao texto. No entanto, há alguns aspectos"
299,800,520.0,"```

### PASSO 3 - FEEDBACK:

A redação apresenta um bom domínio da norma padrão culta, com uma escrita clara e coesa. Os argumentos são pertinentes e bem fundamentados, especialmente com a citação de dados da organização Forest Trends. No entanto, a redação foi cortada abruptamente, o que prejudica a conclusão e a coesão geral do texto. Para melhorar, seria importante revisar a estrutura do texto, garantindo que todas as ideias sejam desenvolvidas de forma completa e que haja uma conclusão que reforce a tese inicial.

Além disso, a falta de uma proposta de intervenção clara é um ponto crítico. É essencial apresentar uma solução concreta, indicando quem deve agir (agente), quais ações devem ser tomadas, os meios para implementá-las e os efeitos esperados. Isso não apenas fortalece a argumentação, mas também demonstra uma compreensão mais profunda do tema e uma capacidade de pensar criticamente sobre soluções possíveis"
